ts,axg,ayg,azg,gxdps,gydps,gzdps,racc,rpacc,rgyro,pgyro,rcf,pcf,rkf,pkf,exec_us,dt_us,rkfix,pkfix
100023,0.0691,0.0022,1.0023,0.05,-0.02,-0.01,0.13,-3.94,2.94,-2.95,0.27,-4.24,0.28,-4.25,763,1997,0.28,-4.25
100043,0.0641,0.0030,1.0045,-0.09,0.58,0.11,0.17,-3.65,2.94,-2.95,0.28,-4.24,0.28,-4.24,766,1997,0.28,-4.24
100063,0.0789,0.0090,0.9992,-0.09,-0.14,-0.03,0.52,-4.52,2.94,-2.96,0.29,-4.26,0.29,-4.26,763,1998,0.29,-4.26
100083,0.0761,0.0050,0.9934,0.16,-0.50,0.06,0.29,-4.38,2.94,-2.96,0.30,-4.24,0.29,-4.24,763,1998,0.29,-4.24
100103,0.0724,0.0056,1.0119,0.02,-0.04,0.04,0.32,-4.09,2.94,-2.95,0.28,-4.26,0.28,-4.25,766,1997,0.28,-4.25
100123,0.0720,0.0028,1.0023,0.04,-0.19,-0.02,0.16,-4.11,2.94,-2.96,0.28,-4.26,0.28,-4.25,763,1996,0.28,-4.25
100143,0.0772,0.0069,1.0018,-0.10,0.84,0.14,0.39,-4.41,2.94,-2.96,0.27,-4.29,0.28,-4.27,764,1995,0.28,-4.27
100163,0.0729,0.0041,1.0046,-0.21,1.51,-0.06,0.23,-4.15,2.94,-2.93,0.26,-4.26,0.27,-4.24,764,1998,0.27,-4.24
100183,0.0730,0.0072,1.0112,-0.07,0.10,-0.08,0.41,-4.13,2.93,-2.92,0.27,-4.22,0.27,-4.22,765,1998,0.27,-4.22
100203,0.0758,0.0061,0.9961,0.20,-0.45,0.05,0.35,-4.35,2.93,-2.93,0.28,-4.23,0.27,-4.23,763,1997,0.27,-4.23
100223,0.0746,0.0040,0.9951,-0.28,1.94,-0.03,0.23,-4.29,2.93,-2.91,0.28,-4.25,0.27,-4.23,763,1997,0.27,-4.23
100243,0.0608,0.0011,1.0251,0.31,-1.02,0.05,0.06,-3.39,2.93,-2.88,0.25,-4.13,0.26,-4.15,763,2002,0.26,-4.15
100263,0.0745,0.0032,1.0030,1.44,-7.74,-0.02,0.18,-4.25,2.95,-2.98,0.25,-4.17,0.26,-4.21,763,2002,0.26,-4.21
100283,0.0723,0.0047,1.0106,1.39,-6.42,0.06,0.26,-4.09,2.97,-3.11,0.28,-4.34,0.29,-4.36,763,1997,0.29,-4.36
100303,0.0033,0.0214,1.0032,2.43,-10.77,0.40,1.22,-0.19,3.01,-3.29,0.33,-4.35,0.33,-4.44,763,1997,0.33,-4.44
100323,0.1400,-0.0066,1.0055,1.94,-5.97,9.66,-0.38,-7.93,3.06,-3.45,0.48,-4.19,0.44,-4.38,763,1997,0.44,-4.38
100343,0.0969,0.0065,0.9992,2.18,-8.51,2.53,0.37,-5.54,3.10,-3.61,0.42,-4.82,0.42,-4.79,763,2001,0.42,-4.79
100363,0.0841,0.0086,0.9990,2.59,-9.78,2.34,0.49,-4.81,3.15,-3.79,0.46,-5.00,0.47,-4.97,763,1995,0.47,-4.97
100383,0.1076,0.0073,0.9984,2.56,-8.63,1.92,0.42,-6.15,3.20,-3.98,0.50,-5.27,0.51,-5.20,763,1997,0.51,-5.20
100403,0.1013,0.0099,0.9870,1.84,-5.26,0.01,0.57,-5.86,3.25,-4.12,0.54,-5.59,0.55,-5.46,763,1996,0.55,-5.46
100423,0.0950,0.0121,0.9946,1.25,-3.15,-0.21,0.70,-5.46,3.28,-4.20,0.59,-5.69,0.59,-5.56,763,1994,0.59,-5.56
100443,0.0966,0.0109,0.9979,1.12,-2.92,0.11,0.62,-5.53,3.30,-4.26,0.61,-5.70,0.61,-5.61,763,2002,0.61,-5.61
100463,0.0992,0.0118,0.9969,0.82,-1.92,0.27,0.68,-5.68,3.32,-4.31,0.64,-5.72,0.64,-5.65,763,1998,0.64,-5.65
100483,0.0699,0.0227,1.0041,0.59,-0.68,0.35,1.29,-3.98,3.33,-4.34,0.72,-5.63,0.69,-5.62,772,1997,0.69,-5.62
100503,0.0993,0.0132,1.0001,0.98,-1.99,0.76,0.75,-5.67,3.35,-4.37,0.71,-5.66,0.69,-5.65,768,1997,0.69,-5.65
100523,0.0995,0.0119,0.9968,1.03,-1.51,1.43,0.68,-5.70,3.37,-4.40,0.76,-5.66,0.73,-5.67,766,2002,0.73,-5.66
100543,0.1059,0.0120,1.0016,0.86,-0.93,1.16,0.68,-6.03,3.39,-4.43,0.78,-5.72,0.75,-5.71,766,1997,0.75,-5.71
100563,0.0993,0.0134,0.9981,0.98,-1.03,0.72,0.77,-5.68,3.41,-4.45,0.79,-5.78,0.77,-5.75,768,2000,0.77,-5.75
100583,0.1055,0.0067,1.0009,1.41,-1.04,0.49,0.38,-6.02,3.43,-4.47,0.79,-5.81,0.78,-5.78,767,2001,0.78,-5.78
100603,0.0956,0.0146,0.9993,1.89,-1.04,0.55,0.84,-5.47,3.47,-4.49,0.78,-5.84,0.79,-5.81,771,2001,0.79,-5.81
100622,0.1045,0.0087,1.0035,1.61,-1.38,0.66,0.50,-5.94,3.50,-4.51,0.78,-5.84,0.81,-5.83,767,1997,0.81,-5.83
100642,0.0943,0.0155,1.0180,1.23,-4.53,0.58,0.87,-5.29,3.53,-4.56,0.78,-5.86,0.82,-5.86,772,1998,0.82,-5.86
100662,0.0909,0.0182,1.0074,1.44,-8.59,1.49,1.03,-5.16,3.56,-4.70,0.84,-5.86,0.86,-5.92,773,1996,0.86,-5.92
100682,0.1196,0.0132,0.9859,1.21,-6.59,1.38,0.77,-6.92,3.59,-4.86,0.87,-6.12,0.88,-6.13,770,1999,0.88,-6.13
100702,0.1112,0.0135,1.0024,1.18,-5.61,0.85,0.77,-6.33,3.61,-4.98,0.87,-6.30,0.89,-6.28,769,2001,0.89,-6.28
100722,0.1089,0.0179,1.0054,1.21,-7.61,0.98,1.02,-6.18,3.63,-5.11,0.90,-6.38,0.91,-6.38,773,1996,0.91,-6.38
100742,0.1135,0.0176,0.9897,1.26,-7.31,1.02,1.02,-6.54,3.66,-5.27,0.94,-6.54,0.94,-6.54,772,1997,0.94,-6.54
100762,0.1186,0.0140,1.0019,1.38,-6.65,0.87,0.80,-6.75,3.68,-5.40,0.95,-6.70,0.96,-6.69,771,1998,0.96,-6.69
100782,0.1117,0.0200,1.0149,1.39,-9.54,0.81,1.13,-6.28,3.71,-5.56,0.97,-6.82,0.98,-6.83,770,2001,0.98,-6.83
100802,0.1118,0.0224,1.0157,1.72,-13.05,1.76,1.26,-6.28,3.74,-5.79,1.03,-6.91,1.02,-6.97,770,1997,1.02,-6.97
100822,0.1365,0.0157,0.9956,1.79,-14.39,1.84,0.91,-7.80,3.78,-6.07,1.06,-7.22,1.05,-7.26,770,2000,1.05,-7.26
100842,0.1397,0.0153,1.0023,1.54,-15.09,1.01,0.87,-7.94,3.81,-6.36,1.04,-7.64,1.06,-7.62,770,2001,1.06,-7.62
100862,0.1331,0.0206,1.0044,1.80,-16.07,1.30,1.18,-7.54,3.85,-6.67,1.10,-7.90,1.10,-7.90,771,1999,1.10,-7.90
100882,0.1459,0.0183,0.9889,1.60,-17.64,1.24,1.06,-8.39,3.88,-7.02,1.12,-8.24,1.13,-8.24,769,1995,1.13,-8.24
100902,0.1567,0.0161,0.9850,1.47,-15.71,1.01,0.94,-9.04,3.91,-7.35,1.13,-8.67,1.14,-8.63,769,1996,1.14,-8.63
100922,0.1517,0.0190,1.0169,1.44,-17.39,0.63,1.07,-8.48,3.94,-7.67,1.14,-8.97,1.16,-8.94,769,2001,1.16,-8.94
100942,0.1457,0.0209,1.0547,1.73,-28.09,0.29,1.14,-7.86,3.97,-8.13,1.16,-9.24,1.18,-9.29,769,2001,1.18,-9.29
100962,0.1636,0.0225,1.0214,2.08,-40.40,0.83,1.26,-9.10,4.01,-8.84,1.22,-9.71,1.22,-9.85,769,2001,1.22,-9.85
100982,0.1887,0.0232,0.9852,2.26,-44.01,0.77,1.35,-10.84,4.06,-9.70,1.25,-10.60,1.26,-10.71,769,1993,1.26,-10.71
101002,0.2078,0.0214,0.9755,2.69,-41.59,1.09,1.26,-12.02,4.11,-10.56,1.32,-11.52,1.32,-11.58,769,1998,1.32,-11.58
101022,0.2110,0.0228,1.0175,2.86,-44.62,0.57,1.28,-11.71,4.16,-11.40,1.34,-12.38,1.35,-12.43,772,2002,1.35,-12.43
101042,0.2404,0.0253,0.9668,2.04,-50.69,0.12,1.50,-13.96,4.21,-12.38,1.39,-13.36,1.40,-13.39,770,1998,1.40,-13.39
101062,0.2628,0.0249,0.9112,1.89,-43.50,0.45,1.56,-16.08,4.25,-13.34,1.47,-14.50,1.45,-14.44,770,1995,1.45,-14.44
101082,0.2728,0.0261,0.9188,1.66,-29.41,0.75,1.63,-16.53,4.28,-14.05,1.51,-15.52,1.49,-15.34,769,2000,1.49,-15.34
101102,0.2794,0.0250,0.9420,1.20,-20.60,0.72,1.52,-16.52,4.31,-14.53,1.51,-16.15,1.50,-15.93,770,2002,1.50,-15.93
101122,0.2887,0.0260,0.9623,0.80,-17.68,0.26,1.55,-16.69,4.33,-14.90,1.52,-16.57,1.52,-16.36,770,1998,1.52,-16.35
101142,0.2924,0.0263,0.9587,0.21,-18.76,-0.40,1.57,-16.95,4.34,-15.27,1.53,-16.93,1.52,-16.75,770,1998,1.52,-16.75
101162,0.2964,0.0280,0.9323,0.02,-14.64,-0.28,1.72,-17.63,4.34,-15.61,1.55,-17.31,1.53,-17.13,771,1998,1.53,-17.13
101182,0.2947,0.0276,0.9438,0.27,-7.43,0.32,1.67,-17.33,4.35,-15.82,1.58,-17.56,1.55,-17.39,770,2000,1.55,-17.39
101202,0.2962,0.0260,0.9878,0.54,-8.35,0.42,1.51,-16.69,4.36,-15.96,1.58,-17.56,1.56,-17.48,770,1998,1.56,-17.47
101222,0.3034,0.0260,0.9726,0.23,-15.84,-0.10,1.53,-17.32,4.36,-16.21,1.57,-17.67,1.55,-17.66,770,1997,1.55,-17.66
101242,0.3046,0.0269,0.9640,0.24,-17.13,-0.21,1.60,-17.53,4.37,-16.55,1.57,-17.96,1.56,-17.98,770,1996,1.56,-17.98
101262,0.3075,0.0260,0.9819,0.60,-20.16,-0.07,1.51,-17.38,4.38,-16.91,1.59,-18.20,1.57,-18.27,770,1998,1.57,-18.27
101282,0.3200,0.0279,0.9637,0.58,-25.29,-0.02,1.66,-18.36,4.39,-17.38,1.59,-18.55,1.58,-18.66,770,1996,1.58,-18.66
101302,0.3333,0.0269,0.9361,0.66,-23.72,0.08,1.65,-19.59,4.40,-17.88,1.60,-19.11,1.59,-19.18,770,2002,1.59,-19.18
101322,0.3416,0.0282,0.9419,0.76,-20.29,0.13,1.71,-19.93,4.41,-18.31,1.64,-19.62,1.61,-19.65,769,1998,1.61,-19.65
101342,0.3528,0.0236,0.9391,0.27,-20.22,-0.16,1.44,-20.59,4.42,-18.71,1.65,-20.09,1.62,-20.09,770,2002,1.62,-20.09
101362,0.3588,0.0262,0.9116,-0.29,-16.74,-0.68,1.64,-21.47,4.42,-19.09,1.64,-20.61,1.62,-20.55,770,1997,1.62,-20.55
101382,0.3599,0.0271,0.9051,-0.24,-6.47,-0.40,1.72,-21.67,4.42,-19.32,1.64,-21.04,1.62,-20.91,770,1997,1.62,-20.91
101402,0.3525,0.0274,0.9542,0.26,-1.41,0.14,1.64,-20.27,4.42,-19.37,1.67,-21.05,1.64,-20.96,770,1998,1.64,-20.96
101422,0.3531,0.0286,0.9628,0.25,-6.78,0.03,1.70,-20.13,4.42,-19.46,1.67,-20.95,1.64,-20.95,772,1995,1.64,-20.95
101442,0.3623,0.0263,0.9211,-0.02,-8.43,-0.02,1.64,-21.46,4.42,-19.63,1.67,-21.09,1.64,-21.11,772,2002,1.64,-21.11
101462,0.3651,0.0276,0.9289,0.21,-3.48,0.15,1.70,-21.45,4.43,-19.74,1.67,-21.27,1.64,-21.26,772,1996,1.64,-21.26
101482,0.3595,0.0309,0.9429,0.17,-2.84,0.12,1.88,-20.86,4.43,-19.79,1.68,-21.31,1.65,-21.31,772,1997,1.65,-21.31
101502,0.3602,0.0268,0.9711,0.28,-6.33,-0.02,1.58,-20.35,4.43,-19.88,1.68,-21.27,1.66,-21.33,772,1997,1.66,-21.33
101522,0.3640,0.0279,0.9453,0.49,-12.68,-0.15,1.69,-21.05,4.44,-20.08,1.67,-21.32,1.66,-21.44,772,1996,1.66,-21.44
101542,0.3752,0.0283,0.9201,0.53,-11.18,-0.00,1.76,-22.18,4.45,-20.34,1.70,-21.62,1.68,-21.71,772,1995,1.68,-21.71
101562,0.3777,0.0286,0.9290,0.60,-7.74,0.27,1.76,-22.12,4.46,-20.51,1.71,-21.88,1.69,-21.93,773,1998,1.69,-21.93
101582,0.3824,0.0267,0.9211,0.23,-7.31,0.01,1.66,-22.54,4.47,-20.66,1.72,-22.06,1.70,-22.09,773,1998,1.70,-22.09
101601,0.3856,0.0281,0.8886,0.01,-1.80,-0.00,1.81,-23.45,4.47,-20.76,1.71,-22.32,1.70,-22.28,773,1997,1.70,-22.28
101621,0.3787,0.0294,0.9345,-0.09,5.64,0.18,1.80,-22.05,4.47,-20.70,1.72,-22.38,1.70,-22.30,773,1998,1.70,-22.30
101641,0.3716,0.0277,0.9660,0.07,1.56,0.19,1.64,-21.03,4.47,-20.62,1.71,-22.09,1.70,-22.11,773,2002,1.70,-22.11
101661,0.3785,0.0301,0.9412,0.21,-3.64,0.11,1.83,-21.90,4.47,-20.65,1.72,-21.99,1.71,-22.06,773,1998,1.71,-22.07
101681,0.3774,0.0284,0.9263,0.48,-2.16,0.19,1.76,-22.16,4.48,-20.72,1.73,-22.06,1.72,-22.13,773,1997,1.72,-22.13
101701,0.3809,0.0296,0.9276,0.44,-1.63,0.62,1.83,-22.32,4.49,-20.75,1.75,-22.09,1.73,-22.15,771,1996,1.73,-22.15
101721,0.3808,0.0280,0.9151,0.12,-0.89,0.42,1.75,-22.58,4.50,-20.77,1.75,-22.18,1.74,-22.21,770,2002,1.74,-22.21
101741,0.3810,0.0248,0.9385,0.14,3.39,0.37,1.51,-22.09,4.50,-20.75,1.75,-22.25,1.74,-22.24,770,1997,1.74,-22.24
101761,0.3732,0.0287,0.9325,-0.03,0.83,0.21,1.76,-21.81,4.50,-20.70,1.74,-22.09,1.73,-22.13,771,1996,1.73,-22.13
101781,0.3734,0.0297,0.9486,0.41,0.61,0.63,1.79,-21.48,4.50,-20.69,1.76,-22.00,1.75,-22.07,770,1997,1.75,-22.07
101801,0.3732,0.0244,0.9567,0.71,-1.82,0.69,1.46,-21.31,4.52,-20.70,1.77,-21.93,1.76,-22.03,771,1996,1.76,-22.03
101821,0.3791,0.0255,0.9378,0.55,-6.80,0.29,1.56,-22.01,4.53,-20.79,1.74,-21.94,1.75,-22.06,771,1997,1.75,-22.06
101841,0.3891,0.0282,0.9023,0.14,-5.42,0.06,1.79,-23.32,4.54,-20.93,1.74,-22.22,1.75,-22.26,771,1996,1.75,-22.26
101861,0.3808,0.0292,0.9362,0.41,1.45,0.34,1.78,-22.12,4.54,-20.95,1.76,-22.36,1.76,-22.35,770,1995,1.76,-22.35
101881,0.3780,0.0274,0.9701,0.40,-3.30,0.24,1.62,-21.28,4.55,-20.96,1.76,-22.20,1.77,-22.26,769,1999,1.77,-22.27
101901,0.3834,0.0268,0.9401,0.32,-10.39,-0.15,1.63,-22.18,4.56,-21.11,1.76,-22.22,1.77,-22.33,769,2001,1.77,-22.33
101921,0.3884,0.0287,0.9168,0.45,-8.89,0.01,1.79,-22.95,4.57,-21.31,1.77,-22.48,1.78,-22.55,769,2001,1.78,-22.55
101941,0.3922,0.0291,0.9210,0.33,-5.44,0.08,1.81,-23.05,4.57,-21.45,1.78,-22.73,1.78,-22.74,772,1996,1.78,-22.74
101961,0.3959,0.0298,0.9145,0.14,-2.56,-0.01,1.86,-23.40,4.58,-21.53,1.79,-22.90,1.79,-22.87,770,1998,1.79,-22.87
101981,0.3881,0.0273,0.9454,0.26,-2.13,-0.01,1.65,-22.31,4.58,-21.56,1.78,-22.91,1.79,-22.89,770,1998,1.79,-22.89
102001,0.3916,0.0326,0.9347,0.04,-6.14,-0.15,2.00,-22.72,4.59,-21.65,1.80,-22.92,1.79,-22.94,772,2002,1.79,-22.94
102021,0.3935,0.0303,0.9160,0.05,-5.10,-0.12,1.89,-23.24,4.59,-21.77,1.80,-23.06,1.80,-23.07,770,1998,1.80,-23.07
102041,0.3938,0.0293,0.9492,0.55,-3.80,0.27,1.77,-22.53,4.59,-21.85,1.81,-23.10,1.80,-23.12,770,1999,1.80,-23.12
102061,0.3915,0.0298,0.9495,0.53,-10.00,0.14,1.80,-22.40,4.60,-21.99,1.82,-23.08,1.82,-23.17,769,1997,1.82,-23.17
102081,0.4016,0.0299,0.9163,0.36,-12.48,0.14,1.87,-23.66,4.61,-22.23,1.84,-23.34,1.83,-23.40,780,1998,1.83,-23.40
102101,0.4114,0.0290,0.9094,0.40,-8.58,0.22,1.83,-24.33,4.62,-22.44,1.83,-23.69,1.83,-23.68,780,1995,1.83,-23.68
102121,0.4067,0.0312,0.9384,0.35,-9.26,-0.02,1.91,-23.42,4.63,-22.61,1.84,-23.86,1.84,-23.85,769,1995,1.84,-23.85
102141,0.4089,0.0282,0.9415,0.31,-14.93,-0.22,1.72,-23.47,4.63,-22.85,1.83,-23.97,1.83,-24.02,770,1998,1.83,-24.02
102161,0.4154,0.0298,0.9159,0.35,-17.92,-0.28,1.86,-24.39,4.64,-23.19,1.83,-24.26,1.83,-24.32,781,2000,1.83,-24.32
102181,0.4270,0.0296,0.8925,0.54,-15.33,-0.13,1.90,-25.56,4.65,-23.53,1.85,-24.70,1.85,-24.71,780,1998,1.85,-24.71
102201,0.4284,0.0278,0.9040,0.54,-10.28,0.10,1.76,-25.34,4.66,-23.78,1.88,-25.09,1.87,-25.03,780,1998,1.87,-25.03
102221,0.4285,0.0292,0.9133,0.34,-9.78,0.08,1.83,-25.12,4.67,-23.97,1.87,-25.28,1.87,-25.22,780,1998,1.87,-25.22
102241,0.4372,0.0277,0.9066,0.15,-10.54,-0.03,1.75,-25.74,4.67,-24.17,1.87,-25.48,1.87,-25.43,778,2000,1.87,-25.43
102261,0.4412,0.0277,0.8795,0.03,-7.02,0.14,1.81,-26.63,4.68,-24.35,1.89,-25.77,1.88,-25.68,774,2000,1.88,-25.68
102281,0.4387,0.0322,0.8891,0.08,-0.20,0.27,2.07,-26.25,4.68,-24.42,1.91,-25.95,1.89,-25.82,774,1998,1.89,-25.82
102301,0.4387,0.0328,0.9022,0.04,2.96,0.38,2.08,-25.92,4.68,-24.38,1.94,-25.93,1.91,-25.81,773,1997,1.91,-25.81
102321,0.4377,0.0284,0.9108,0.00,2.52,0.21,1.78,-25.65,4.68,-24.32,1.94,-25.83,1.91,-25.74,780,1999,1.91,-25.74
102341,0.4325,0.0296,0.9323,0.13,-0.02,0.13,1.82,-24.87,4.68,-24.29,1.93,-25.68,1.91,-25.66,781,2001,1.91,-25.66
102361,0.4341,0.0311,0.9276,0.30,-4.74,0.23,1.92,-25.07,4.68,-24.35,1.92,-25.59,1.91,-25.63,780,1998,1.91,-25.63
102381,0.4385,0.0317,0.9046,0.39,-7.16,0.11,2.01,-25.85,4.69,-24.48,1.93,-25.67,1.92,-25.72,776,1998,1.92,-25.72
102401,0.4432,0.0314,0.9008,0.34,-5.64,0.11,2.00,-26.18,4.70,-24.61,1.94,-25.85,1.93,-25.87,776,1997,1.93,-25.87
102421,0.4401,0.0314,0.8984,0.21,-4.36,0.14,2.00,-26.09,4.70,-24.71,1.95,-25.99,1.94,-25.99,776,2001,1.94,-25.99
102441,0.4442,0.0290,0.9150,0.30,-3.41,0.39,1.81,-25.88,4.71,-24.78,1.94,-26.07,1.94,-26.07,776,1998,1.94,-26.07
102461,0.4439,0.0327,0.9155,0.18,-6.55,-0.00,2.05,-25.85,4.71,-24.88,1.94,-26.11,1.93,-26.14,776,1997,1.93,-26.14
102481,0.4437,0.0314,0.9110,0.11,-9.00,-0.03,1.97,-25.95,4.71,-25.04,1.94,-26.21,1.94,-26.26,776,1997,1.94,-26.26
102501,0.4507,0.0310,0.9016,0.29,-9.07,0.12,1.97,-26.55,4.72,-25.23,1.95,-26.41,1.95,-26.44,776,1997,1.95,-26.44
102521,0.4549,0.0298,0.8920,0.13,-8.49,-0.00,1.91,-27.00,4.72,-25.40,1.94,-26.64,1.94,-26.64,776,1996,1.94,-26.64
102541,0.4581,0.0309,0.8934,0.18,-6.02,-0.08,1.98,-27.14,4.72,-25.55,1.95,-26.86,1.95,-26.83,776,1998,1.95,-26.83
102561,0.4591,0.0314,0.9001,0.05,-5.47,0.03,2.00,-27.01,4.73,-25.66,1.95,-26.98,1.95,-26.95,776,1998,1.95,-26.95
102581,0.4601,0.0302,0.9017,0.05,-5.72,-0.05,1.92,-27.02,4.73,-25.77,1.94,-27.09,1.95,-27.07,777,1994,1.95,-27.07
102600,0.4648,0.0304,0.8863,0.05,-4.60,-0.10,1.97,-27.66,4.73,-25.88,1.96,-27.22,1.95,-27.19,783,2002,1.95,-27.19
102620,0.4596,0.0305,0.9060,0.28,-2.56,-0.08,1.93,-26.88,4.73,-25.94,1.96,-27.31,1.96,-27.27,777,1998,1.96,-27.27
102640,0.4580,0.0317,0.9132,0.37,-5.84,-0.04,1.99,-26.62,4.74,-26.02,1.98,-27.27,1.97,-27.28,776,1994,1.97,-27.28
102660,0.4631,0.0318,0.9007,0.22,-8.95,-0.06,2.02,-27.20,4.74,-26.17,1.98,-27.35,1.98,-27.39,776,1998,1.98,-27.39
102680,0.4696,0.0306,0.8806,0.13,-8.12,-0.06,1.99,-28.05,4.75,-26.35,1.98,-27.56,1.98,-27.58,780,1998,1.98,-27.58
102700,0.4771,0.0301,0.8673,-0.03,-3.39,0.06,1.99,-28.80,4.75,-26.47,1.99,-27.84,1.98,-27.78,781,2003,1.98,-27.78
102720,0.4721,0.0308,0.8784,-0.22,2.17,0.13,2.01,-28.24,4.75,-26.47,2.00,-27.99,1.99,-27.88,780,1998,1.99,-27.88
102740,0.4711,0.0288,0.8972,-0.19,3.13,0.07,1.84,-27.69,4.74,-26.41,1.99,-27.90,1.99,-27.82,780,1998,1.99,-27.82
102760,0.4690,0.0326,0.8872,-0.16,3.09,0.12,2.10,-27.85,4.74,-26.35,1.99,-27.82,1.98,-27.76,777,1998,1.98,-27.76
102780,0.4668,0.0288,0.8933,-0.19,4.74,0.12,1.85,-27.58,4.74,-26.27,1.99,-27.73,1.99,-27.68,780,1998,1.99,-27.68
102800,0.4628,0.0305,0.9039,-0.30,4.26,0.16,1.93,-27.10,4.73,-26.17,1.98,-27.58,1.98,-27.56,774,2001,1.98,-27.56
102820,0.4614,0.0307,0.9231,0.00,0.70,0.06,1.91,-26.54,4.73,-26.12,1.97,-27.39,1.97,-27.43,774,1996,1.97,-27.43
102840,0.4613,0.0295,0.9121,0.23,-4.44,0.01,1.85,-26.82,4.73,-26.17,1.96,-27.27,1.96,-27.38,774,1998,1.96,-27.38
102860,0.4654,0.0323,0.8894,0.42,-5.47,0.08,2.08,-27.61,4.74,-26.27,1.97,-27.39,1.98,-27.48,780,1998,1.98,-27.48
102880,0.4691,0.0322,0.8930,0.34,-4.51,0.14,2.07,-27.70,4.75,-26.37,1.98,-27.55,1.98,-27.60,779,1994,1.98,-27.60
102900,0.4708,0.0320,0.8865,0.05,-4.22,0.01,2.07,-27.95,4.75,-26.46,1.99,-27.67,1.99,-27.70,779,1998,1.99,-27.70
102920,0.4707,0.0329,0.8965,0.21,-3.39,0.04,2.10,-27.69,4.75,-26.53,2.00,-27.76,2.00,-27.78,779,1999,2.00,-27.78
102940,0.4687,0.0307,0.8974,0.09,-5.72,0.02,1.96,-27.56,4.75,-26.62,1.99,-27.80,1.99,-27.84,782,1999,1.99,-27.84
102960,0.4766,0.0326,0.8741,0.09,-4.79,-0.05,2.13,-28.58,4.75,-26.74,2.00,-27.97,2.00,-27.98,780,1999,2.00,-27.98
102980,0.4770,0.0314,0.8728,0.10,-0.63,0.01,2.06,-28.64,4.76,-26.79,2.00,-28.16,2.00,-28.10,782,1995,2.00,-28.10
103000,0.4764,0.0307,0.8784,-0.18,2.68,-0.00,2.00,-28.46,4.75,-26.76,2.02,-28.21,2.01,-28.13,780,2001,2.01,-28.13
103020,0.4727,0.0312,0.8961,-0.09,3.80,0.09,1.99,-27.80,4.75,-26.69,2.00,-28.13,2.00,-28.06,780,2000,2.00,-28.06
103040,0.4671,0.0307,0.9165,0.05,0.72,0.08,1.92,-26.99,4.75,-26.64,1.99,-27.93,1.99,-27.94,772,1995,1.99,-27.94
103060,0.4687,0.0301,0.9017,0.15,-4.16,0.08,1.91,-27.45,4.75,-26.69,1.98,-27.84,1.99,-27.90,779,1998,1.99,-27.90
103080,0.4760,0.0292,0.8842,0.17,-4.75,0.06,1.89,-28.28,4.76,-26.78,1.97,-27.96,1.98,-28.00,780,1998,1.98,-28.00
103100,0.4790,0.0307,0.8727,0.09,-2.38,0.15,2.02,-28.75,4.76,-26.86,1.96,-28.12,1.98,-28.12,780,1994,1.98,-28.12
103120,0.4784,0.0309,0.8846,0.05,0.88,0.11,2.00,-28.39,4.76,-26.86,1.97,-28.22,1.98,-28.18,780,1999,1.98,-28.18
103140,0.4727,0.0298,0.8987,0.01,-0.10,-0.00,1.90,-27.73,4.76,-26.85,1.97,-28.16,1.98,-28.14,781,1998,1.98,-28.14
103160,0.4770,0.0315,0.8858,-0.02,-2.06,0.01,2.04,-28.29,4.76,-26.88,1.98,-28.15,1.99,-28.15,780,1999,1.99,-28.15
103180,0.4763,0.0315,0.8832,0.08,-1.16,-0.03,2.05,-28.33,4.76,-26.91,1.99,-28.21,1.99,-28.20,780,1998,1.99,-28.20
103200,0.4741,0.0310,0.8989,0.11,-1.62,-0.02,1.98,-27.79,4.76,-26.93,1.99,-28.18,1.99,-28.19,780,2000,1.99,-28.19
103220,0.4777,0.0304,0.8977,0.11,-3.78,-0.03,1.94,-28.01,4.76,-26.99,2.00,-28.18,1.99,-28.21,780,1998,2.00,-28.21
103240,0.4803,0.0310,0.8862,0.17,-4.99,0.05,2.01,-28.44,4.77,-27.08,2.00,-28.26,2.00,-28.29,780,1998,2.00,-28.30
103260,0.4855,0.0312,0.8686,0.06,-2.80,-0.04,2.06,-29.19,4.77,-27.16,2.00,-28.44,2.00,-28.42,780,1994,2.00,-28.43
103280,0.4853,0.0332,0.8655,-0.14,2.47,0.08,2.20,-29.26,4.77,-27.17,2.02,-28.60,2.01,-28.52,780,1998,2.01,-28.52
103300,0.4762,0.0317,0.9046,-0.14,3.78,0.08,2.01,-27.75,4.77,-27.09,2.02,-28.50,2.01,-28.44,779,1999,2.01,-28.44
103320,0.4759,0.0317,0.9046,0.09,-0.35,-0.02,2.01,-27.73,4.77,-27.06,2.00,-28.31,2.00,-28.32,782,1998,2.00,-28.32
103340,0.4802,0.0327,0.8901,0.26,-2.70,-0.11,2.10,-28.33,4.77,-27.10,2.00,-28.30,2.00,-28.33,782,2002,2.00,-28.33
103360,0.4771,0.0321,0.9007,0.32,-4.43,-0.21,2.04,-27.90,4.77,-27.16,1.99,-28.32,2.00,-28.37,782,1998,2.00,-28.37
103380,0.4830,0.0293,0.8881,0.11,-7.16,-0.09,1.89,-28.53,4.78,-27.29,2.00,-28.40,2.00,-28.46,782,1998,2.00,-28.46
103400,0.4900,0.0312,0.8535,-0.08,-3.45,-0.04,2.09,-29.84,4.78,-27.40,1.99,-28.67,2.00,-28.65,782,1998,2.00,-28.65
103420,0.4853,0.0318,0.8865,0.11,1.31,0.14,2.06,-28.68,4.78,-27.41,2.01,-28.77,2.01,-28.71,782,1998,2.01,-28.72
103440,0.4779,0.0325,0.9207,0.20,-3.51,0.08,2.02,-27.42,4.78,-27.42,2.01,-28.60,2.01,-28.63,781,1995,2.01,-28.63
103460,0.4854,0.0329,0.8906,0.15,-10.19,-0.12,2.12,-28.57,4.79,-27.58,2.01,-28.63,2.02,-28.70,782,1998,2.02,-28.70
103480,0.4937,0.0302,0.8610,0.28,-9.03,-0.02,2.01,-29.81,4.79,-27.78,2.02,-28.92,2.02,-28.94,782,1996,2.02,-28.94
103500,0.4973,0.0307,0.8628,0.12,-3.61,0.01,2.04,-29.94,4.80,-27.90,2.03,-29.23,2.03,-29.17,783,1998,2.03,-29.17
103520,0.4948,0.0312,0.8824,-0.01,-1.51,-0.02,2.03,-29.27,4.80,-27.94,2.02,-29.31,2.02,-29.24,782,1998,2.02,-29.24
103540,0.4917,0.0300,0.8927,-0.03,-4.21,0.05,1.93,-28.84,4.79,-28.00,2.01,-29.25,2.02,-29.24,783,2000,2.02,-29.24
103560,0.4937,0.0303,0.8713,-0.07,-5.23,-0.10,1.99,-29.52,4.79,-28.10,2.00,-29.34,2.01,-29.33,783,1995,2.01,-29.33
103579,0.4986,0.0304,0.8509,-0.06,-0.48,0.11,2.05,-30.35,4.79,-28.16,2.01,-29.55,2.01,-29.48,784,1999,2.01,-29.48
103599,0.5020,0.0310,0.8605,-0.29,4.95,-0.07,2.07,-30.24,4.79,-28.10,2.02,-29.65,2.02,-29.52,783,1998,2.02,-29.52
103619,0.4930,0.0293,0.8826,-0.51,7.14,-0.12,1.90,-29.17,4.78,-27.97,2.00,-29.52,2.00,-29.41,783,1999,2.00,-29.41
103639,0.4872,0.0298,0.8913,-0.25,6.09,0.05,1.91,-28.65,4.77,-27.84,1.99,-29.27,1.99,-29.22,778,1998,1.99,-29.22
103659,0.4889,0.0292,0.8950,-0.08,3.35,0.09,1.87,-28.63,4.77,-27.74,1.98,-29.05,1.98,-29.06,780,1998,1.98,-29.06
103679,0.4861,0.0296,0.9004,0.09,0.78,0.17,1.89,-28.35,4.77,-27.70,1.97,-28.91,1.98,-28.97,781,1998,1.98,-28.97
103699,0.4888,0.0308,0.8945,0.11,-3.23,-0.05,1.97,-28.64,4.77,-27.73,1.96,-28.84,1.98,-28.93,781,1998,1.98,-28.93
103719,0.4950,0.0311,0.8633,0.05,-2.64,0.05,2.06,-29.81,4.78,-27.80,1.98,-28.99,1.98,-29.03,781,1999,1.98,-29.03
103739,0.4887,0.0296,0.8826,0.02,1.22,-0.01,1.92,-28.96,4.78,-27.81,1.98,-29.09,1.98,-29.09,781,1994,1.98,-29.09
103759,0.4859,0.0317,0.9047,0.08,-2.64,-0.01,2.00,-28.23,4.78,-27.81,1.98,-28.97,1.98,-29.02,781,1998,1.98,-29.02
103779,0.4922,0.0312,0.8783,0.16,-5.72,-0.03,2.03,-29.25,4.78,-27.91,1.98,-29.04,1.98,-29.10,781,1998,1.98,-29.10
103799,0.4922,0.0319,0.8755,0.12,-3.79,-0.05,2.09,-29.33,4.78,-28.01,1.99,-29.20,1.99,-29.22,780,1998,1.99,-29.22
103819,0.4906,0.0296,0.8885,0.02,-3.80,0.04,1.91,-28.89,4.78,-28.08,1.99,-29.26,1.99,-29.28,781,1998,1.99,-29.28
103839,0.4958,0.0319,0.8784,0.05,-5.19,-0.21,2.08,-29.43,4.79,-28.17,1.99,-29.35,1.99,-29.37,781,1998,1.99,-29.37
103859,0.4964,0.0316,0.8756,0.12,-4.83,-0.17,2.07,-29.53,4.79,-28.27,2.01,-29.48,2.00,-29.48,781,2001,2.00,-29.48
103879,0.4997,0.0321,0.8765,0.05,-3.91,-0.10,2.10,-29.67,4.79,-28.36,2.02,-29.60,2.01,-29.58,777,2000,2.01,-29.58
103899,0.4996,0.0321,0.8847,0.05,-4.84,-0.16,2.08,-29.44,4.79,-28.44,2.04,-29.64,2.02,-29.64,779,1998,2.02,-29.64
103919,0.5033,0.0323,0.8654,0.03,-4.51,-0.14,2.14,-30.17,4.79,-28.54,2.04,-29.79,2.02,-29.77,779,2001,2.02,-29.77
103939,0.5052,0.0310,0.8663,-0.08,-1.48,-0.00,2.05,-30.24,4.79,-28.60,2.03,-29.93,2.02,-29.88,780,2001,2.02,-29.88
103959,0.5003,0.0294,0.8959,0.03,-1.93,0.01,1.88,-29.17,4.79,-28.62,2.02,-29.88,2.02,-29.87,780,2000,2.01,-29.87
103979,0.5028,0.0288,0.8867,-0.02,-6.41,-0.16,1.86,-29.54,4.79,-28.71,2.00,-29.85,2.00,-29.89,780,2000,2.00,-29.89
103999,0.5074,0.0312,0.8780,0.09,-7.74,-0.05,2.04,-30.01,4.79,-28.86,2.01,-29.97,2.01,-30.01,779,2001,2.01,-30.01
104019,0.5090,0.0302,0.8756,0.14,-8.74,-0.13,1.97,-30.15,4.79,-29.02,2.02,-30.12,2.01,-30.16,780,2000,2.01,-30.16
104039,0.5178,0.0299,0.8426,-0.06,-7.26,-0.12,2.04,-31.55,4.79,-29.19,2.02,-30.40,2.02,-30.39,780,2000,2.02,-30.39
104059,0.5167,0.0307,0.8494,-0.14,-0.77,-0.13,2.07,-31.30,4.79,-29.27,2.02,-30.68,2.02,-30.58,780,1995,2.02,-30.58
104079,0.5107,0.0308,0.8849,0.01,0.65,0.14,1.99,-29.98,4.79,-29.25,2.03,-30.62,2.02,-30.55,780,1998,2.02,-30.55
104099,0.5127,0.0303,0.8756,0.05,-2.31,-0.10,1.98,-30.33,4.79,-29.27,2.02,-30.54,2.01,-30.52,780,1999,2.01,-30.52
104119,0.5143,0.0314,0.8662,0.08,-2.50,-0.26,2.08,-30.68,4.79,-29.33,2.03,-30.60,2.02,-30.58,780,1997,2.02,-30.58
104139,0.5152,0.0332,0.8565,0.03,-1.24,-0.15,2.22,-31.01,4.79,-29.37,2.05,-30.67,2.04,-30.64,780,1995,2.04,-30.64
104159,0.5141,0.0316,0.8572,0.02,1.93,0.05,2.11,-30.93,4.79,-29.36,2.08,-30.73,2.05,-30.67,780,1998,2.05,-30.67
104179,0.5129,0.0312,0.8809,0.02,1.92,0.02,2.03,-30.19,4.79,-29.31,2.07,-30.63,2.05,-30.61,780,1998,2.05,-30.61
104199,0.5133,0.0325,0.8752,-0.08,-0.83,-0.00,2.12,-30.38,4.79,-29.30,2.06,-30.55,2.05,-30.56,780,2001,2.05,-30.56
104219,0.5173,0.0313,0.8547,-0.02,0.71,0.03,2.10,-31.17,4.79,-29.31,2.07,-30.63,2.06,-30.61,780,1999,2.06,-30.61
104239,0.5119,0.0295,0.8740,0.00,2.45,0.11,1.93,-30.34,4.79,-29.27,2.06,-30.60,2.06,-30.58,780,1998,2.06,-30.58
104259,0.5068,0.0299,0.8879,0.02,0.36,-0.00,1.93,-29.70,4.79,-29.24,2.03,-30.48,2.03,-30.50,782,1995,2.03,-30.50
104279,0.5065,0.0307,0.8770,0.10,-3.53,-0.02,2.00,-29.99,4.79,-29.28,2.02,-30.38,2.03,-30.46,782,1998,2.03,-30.46
104299,0.5164,0.0299,0.8639,0.21,-3.82,0.08,1.98,-30.86,4.79,-29.36,2.02,-30.48,2.03,-30.53,782,1999,2.03,-30.53
104319,0.5179,0.0323,0.8521,0.02,-1.61,-0.03,2.17,-31.27,4.80,-29.41,2.04,-30.66,2.04,-30.65,783,1998,2.04,-30.65
104339,0.5150,0.0325,0.8609,-0.26,1.32,0.05,2.16,-30.87,4.79,-29.41,2.06,-30.74,2.05,-30.70,782,1997,2.05,-30.70
104359,0.5102,0.0314,0.8794,-0.02,1.72,-0.01,2.04,-30.10,4.79,-29.38,2.05,-30.66,2.05,-30.65,782,1998,2.05,-30.65
104379,0.5106,0.0307,0.8868,-0.02,-1.71,-0.02,1.98,-29.92,4.79,-29.38,2.04,-30.54,2.04,-30.58,782,1999,2.04,-30.58
104399,0.5159,0.0328,0.8650,-0.04,-3.39,-0.05,2.17,-30.80,4.79,-29.44,2.04,-30.57,2.05,-30.61,782,1996,2.05,-30.61
104419,0.5189,0.0309,0.8546,0.17,-1.42,-0.10,2.07,-31.25,4.79,-29.49,2.06,-30.68,2.06,-30.69,782,1998,2.06,-30.69
104439,0.5198,0.0304,0.8611,0.04,0.49,0.06,2.02,-31.10,4.79,-29.49,2.06,-30.76,2.06,-30.73,782,1998,2.06,-30.73
104459,0.5150,0.0314,0.8717,0.01,0.52,-0.03,2.06,-30.56,4.79,-29.48,2.05,-30.73,2.05,-30.72,782,1998,2.05,-30.72
104479,0.5130,0.0306,0.8774,-0.02,-0.90,-0.05,1.99,-30.30,4.79,-29.48,2.05,-30.68,2.05,-30.69,782,1998,2.05,-30.69
104499,0.5161,0.0306,0.8691,0.08,-2.58,-0.07,2.02,-30.69,4.80,-29.51,2.03,-30.67,2.05,-30.70,782,1997,2.05,-30.70
104519,0.5184,0.0304,0.8568,-0.04,-1.08,0.04,2.03,-31.16,4.80,-29.56,2.05,-30.77,2.05,-30.77,783,1998,2.05,-30.77
104539,0.5186,0.0312,0.8635,-0.11,1.07,-0.02,2.07,-30.97,4.80,-29.55,2.05,-30.81,2.05,-30.79,783,2000,2.05,-30.79
104559,0.5140,0.0311,0.8719,-0.13,0.51,0.06,2.04,-30.50,4.79,-29.53,2.05,-30.77,2.05,-30.76,783,1999,2.05,-30.76
104578,0.5156,0.0300,0.8790,-0.17,-1.98,-0.16,1.96,-30.38,4.79,-29.54,2.04,-30.70,2.05,-30.73,781,1999,2.05,-30.73
104598,0.5174,0.0303,0.8634,-0.14,-2.72,-0.04,2.01,-30.91,4.79,-29.60,2.03,-30.74,2.04,-30.77,781,2000,2.04,-30.77
104618,0.5195,0.0286,0.8676,-0.06,-1.79,-0.04,1.89,-30.90,4.79,-29.64,2.03,-30.83,2.04,-30.83,781,1998,2.04,-30.83
104638,0.5166,0.0339,0.8770,0.09,-2.48,0.08,2.22,-30.48,4.79,-29.68,2.04,-30.83,2.04,-30.85,781,1999,2.04,-30.85
104658,0.5174,0.0319,0.8652,0.07,-4.43,-0.03,2.11,-30.86,4.79,-29.75,2.05,-30.86,2.05,-30.89,780,1998,2.05,-30.89
104678,0.5235,0.0314,0.8499,-0.07,-2.68,-0.12,2.12,-31.61,4.79,-29.83,2.05,-31.03,2.05,-31.02,781,1999,2.05,-31.02
104698,0.5182,0.0294,0.8665,-0.03,-0.32,0.05,1.94,-30.87,4.79,-29.85,2.05,-31.11,2.05,-31.07,781,1999,2.05,-31.07
104718,0.5185,0.0305,0.8807,-0.16,-1.98,-0.05,1.98,-30.47,4.78,-29.87,2.03,-31.04,2.04,-31.05,781,1998,2.04,-31.05
104738,0.5212,0.0318,0.8709,-0.12,-5.52,-0.28,2.09,-30.88,4.78,-29.95,2.02,-31.05,2.03,-31.08,780,1998,2.03,-31.08
104758,0.5265,0.0327,0.8466,0.11,-4.29,-0.03,2.21,-31.86,4.78,-30.06,2.05,-31.22,2.05,-31.22,780,1997,2.05,-31.22
104778,0.5239,0.0310,0.8644,0.05,-0.70,0.08,2.06,-31.21,4.78,-30.10,2.05,-31.33,2.05,-31.30,783,1998,2.05,-31.30
104798,0.5210,0.0306,0.8911,0.26,-4.80,-0.06,1.96,-30.30,4.78,-30.14,2.03,-31.24,2.04,-31.27,781,1994,2.04,-31.27
104818,0.5284,0.0321,0.8511,-0.01,-8.10,-0.25,2.16,-31.82,4.79,-30.29,2.03,-31.36,2.04,-31.39,781,1994,2.04,-31.39
104838,0.5340,0.0310,0.8306,0.02,-2.39,-0.00,2.14,-32.72,4.79,-30.40,2.05,-31.68,2.05,-31.61,783,1998,2.05,-31.61
104858,0.5262,0.0307,0.8672,-0.03,0.63,0.03,2.03,-31.23,4.79,-30.40,2.06,-31.70,2.06,-31.64,780,2000,2.06,-31.64
104878,0.5291,0.0321,0.8712,-0.08,-2.07,-0.04,2.11,-31.25,4.78,-30.42,2.05,-31.61,2.05,-31.60,780,2000,2.05,-31.60
104898,0.5298,0.0287,0.8622,0.02,-3.48,-0.24,1.91,-31.55,4.78,-30.48,2.04,-31.64,2.05,-31.64,780,1999,2.05,-31.64
104918,0.5316,0.0319,0.8486,-0.05,-2.74,-0.26,2.15,-32.05,4.78,-30.54,2.05,-31.74,2.05,-31.72,780,1995,2.05,-31.72
104938,0.5315,0.0322,0.8604,-0.02,-1.34,-0.21,2.14,-31.69,4.78,-30.58,2.07,-31.81,2.06,-31.78,780,2000,2.06,-31.78
104958,0.5309,0.0312,0.8822,0.08,-4.30,-0.07,2.03,-31.02,4.79,-30.63,2.06,-31.75,2.06,-31.77,779,1995,2.06,-31.77
104978,0.5336,0.0299,0.8572,0.11,-8.36,-0.19,2.00,-31.89,4.79,-30.77,2.06,-31.80,2.06,-31.85,779,1995,2.06,-31.85
104998,0.5413,0.0307,0.8351,-0.01,-6.13,-0.16,2.10,-32.93,4.79,-30.92,2.08,-32.08,2.07,-32.07,780,1995,2.07,-32.07
105018,0.5392,0.0310,0.8529,-0.19,-3.11,-0.20,2.08,-32.28,4.78,-31.00,2.08,-32.25,2.07,-32.20,780,1996,2.07,-32.20
105038,0.5366,0.0324,0.8728,-0.24,-6.04,-0.31,2.13,-31.57,4.78,-31.09,2.07,-32.23,2.07,-32.23,780,2000,2.07,-32.23
105058,0.5388,0.0346,0.8688,-0.24,-11.00,-0.45,2.28,-31.79,4.78,-31.26,2.08,-32.25,2.07,-32.32,781,1999,2.07,-32.32
105078,0.5455,0.0301,0.8449,-0.31,-12.15,-0.61,2.04,-32.83,4.77,-31.50,2.07,-32.54,2.07,-32.57,779,1998,2.07,-32.57
105098,0.5494,0.0310,0.8563,-0.28,-12.24,-0.53,2.08,-32.66,4.76,-31.74,2.06,-32.80,2.06,-32.82,780,1994,2.06,-32.82
105118,0.5491,0.0313,0.8394,-0.27,-13.64,-0.42,2.13,-33.17,4.76,-32.01,2.07,-33.03,2.06,-33.06,781,1995,2.06,-33.06
105138,0.5611,0.0310,0.8257,-0.11,-9.54,-0.28,2.15,-34.18,4.76,-32.24,2.09,-33.40,2.08,-33.37,780,1998,2.07,-33.36
105158,0.5573,0.0308,0.8486,-0.30,-8.20,-0.52,2.08,-33.28,4.75,-32.41,2.06,-33.62,2.06,-33.57,782,1999,2.06,-33.56
105178,0.5592,0.0301,0.8549,-0.24,-12.10,-0.68,2.01,-33.17,4.75,-32.61,2.05,-33.70,2.06,-33.70,780,1994,2.06,-33.70
105198,0.5650,0.0317,0.8301,-0.17,-12.86,-0.49,2.19,-34.22,4.74,-32.87,2.06,-33.95,2.06,-33.95,780,1998,2.06,-33.95
105218,0.5681,0.0320,0.8253,0.01,-10.41,-0.23,2.22,-34.52,4.74,-33.11,2.09,-34.24,2.07,-34.22,781,1996,2.07,-34.22
105238,0.5724,0.0314,0.8258,0.21,-7.58,-0.07,2.18,-34.71,4.74,-33.28,2.10,-34.47,2.09,-34.42,781,1995,2.09,-34.42
105258,0.5721,0.0288,0.8485,-0.10,-9.18,-0.28,1.94,-33.97,4.74,-33.44,2.08,-34.60,2.08,-34.57,783,1997,2.08,-34.57
105278,0.5762,0.0310,0.8435,-0.49,-14.00,-0.63,2.11,-34.32,4.74,-33.68,2.06,-34.73,2.06,-34.75,782,1998,2.06,-34.75
105298,0.5720,0.0345,0.8321,-0.45,-15.61,-0.67,2.38,-34.48,4.73,-33.98,2.07,-34.99,2.07,-35.02,782,1997,2.07,-35.02
105318,0.5902,0.0297,0.8230,-0.12,-15.39,-0.59,2.07,-35.63,4.72,-34.29,2.08,-35.34,2.07,-35.35,782,1998,2.07,-35.35
105338,0.5927,0.0297,0.8170,-0.05,-14.36,-0.37,2.08,-35.94,4.72,-34.59,2.10,-35.66,2.09,-35.65,781,2001,2.09,-35.65
105358,0.6020,0.0298,0.7986,-0.49,-13.12,-0.50,2.13,-36.99,4.71,-34.87,2.10,-36.02,2.09,-35.98,781,1997,2.09,-35.98
105378,0.5998,0.0304,0.7862,-0.77,-7.77,-0.43,2.21,-37.32,4.70,-35.08,2.11,-36.44,2.09,-36.31,781,2001,2.09,-36.31
105398,0.5956,0.0285,0.8138,-0.41,-2.64,-0.03,2.01,-36.18,4.69,-35.16,2.11,-36.59,2.09,-36.45,781,1995,2.09,-36.45
105418,0.5961,0.0317,0.8340,-0.14,-4.97,-0.06,2.18,-35.54,4.68,-35.23,2.11,-36.49,2.09,-36.44,781,1997,2.09,-36.44
105438,0.6003,0.0277,0.8349,-0.24,-9.62,-0.33,1.90,-35.70,4.68,-35.38,2.09,-36.47,2.09,-36.49,781,1997,2.09,-36.49
105458,0.6013,0.0295,0.8376,-0.56,-16.33,-0.86,2.01,-35.66,4.67,-35.65,2.06,-36.55,2.07,-36.65,781,2002,2.07,-36.65
105478,0.6108,0.0296,0.8151,-0.32,-21.06,-0.67,2.08,-36.83,4.66,-36.03,2.07,-36.81,2.07,-36.95,781,2000,2.07,-36.95
105498,0.6197,0.0301,0.7848,-0.39,-20.69,-0.58,2.20,-38.28,4.66,-36.46,2.08,-37.33,2.08,-37.41,781,2001,2.08,-37.40
105518,0.6239,0.0277,0.7801,-0.32,-16.40,-0.48,2.04,-38.63,4.65,-36.82,2.10,-37.88,2.09,-37.87,780,1998,2.09,-37.87
105538,0.6293,0.0278,0.7877,-0.57,-13.13,-0.47,2.02,-38.60,4.64,-37.11,2.09,-38.28,2.09,-38.22,780,1999,2.09,-38.22
105557,0.6278,0.0298,0.8143,-0.54,-14.80,-0.58,2.09,-37.61,4.63,-37.38,2.08,-38.47,2.08,-38.45,780,1998,2.08,-38.45
105577,0.6268,0.0316,0.8160,-0.19,-21.84,-0.70,2.22,-37.51,4.62,-37.75,2.09,-38.58,2.08,-38.67,780,1998,2.08,-38.67
105597,0.6447,0.0297,0.7841,0.12,-25.41,-0.55,2.17,-39.41,4.62,-38.24,2.10,-38.98,2.10,-39.09,780,2002,2.09,-39.09
105617,0.6500,0.0322,0.7474,0.45,-20.53,-0.37,2.47,-40.99,4.63,-38.71,2.15,-39.67,2.13,-39.67,780,1996,2.13,-39.66
105637,0.6543,0.0313,0.7531,0.30,-14.54,-0.13,2.38,-40.96,4.63,-39.05,2.19,-40.22,2.16,-40.13,780,1997,2.16,-40.12
105657,0.6565,0.0318,0.7680,0.35,-11.97,-0.11,2.37,-40.50,4.64,-39.30,2.21,-40.53,2.18,-40.42,779,1998,2.18,-40.42
105677,0.6588,0.0299,0.7736,0.13,-12.39,-0.16,2.22,-40.39,4.64,-39.54,2.21,-40.74,2.20,-40.66,780,1998,2.19,-40.66
105697,0.6647,0.0318,0.7493,0.04,-12.04,-0.37,2.43,-41.55,4.65,-39.79,2.22,-41.02,2.21,-40.93,779,1997,2.21,-40.93
105717,0.6661,0.0326,0.7579,0.29,-7.13,-0.19,2.47,-41.29,4.65,-39.98,2.24,-41.31,2.23,-41.19,780,2001,2.23,-41.19
105737,0.6624,0.0326,0.7652,0.32,-6.80,-0.02,2.44,-40.85,4.65,-40.11,2.27,-41.36,2.26,-41.29,780,2003,2.26,-41.29
105757,0.6689,0.0316,0.7570,0.18,-7.85,-0.02,2.39,-41.44,4.66,-40.26,2.30,-41.47,2.28,-41.42,782,2001,2.28,-41.42
105777,0.6708,0.0292,0.7699,-0.01,-8.55,0.04,2.17,-41.04,4.66,-40.42,2.31,-41.57,2.30,-41.56,780,1998,2.29,-41.56
105797,0.6695,0.0324,0.7820,0.11,-13.31,-0.00,2.37,-40.54,4.66,-40.64,2.30,-41.60,2.30,-41.67,782,1999,2.30,-41.67
105817,0.6783,0.0312,0.7445,0.02,-17.63,-0.25,2.40,-42.31,4.66,-40.96,2.30,-41.84,2.31,-41.93,780,1997,2.31,-41.93
105837,0.6839,0.0321,0.7447,0.19,-15.51,-0.12,2.47,-42.54,4.67,-41.29,2.32,-42.27,2.32,-42.30,779,1998,2.32,-42.30
105857,0.6833,0.0290,0.7732,0.23,-17.66,-0.21,2.15,-41.45,4.67,-41.61,2.32,-42.48,2.33,-42.56,779,1998,2.33,-42.56
105877,0.6936,0.0293,0.7357,-0.08,-22.28,-0.46,2.28,-43.29,4.67,-42.03,2.30,-42.83,2.33,-42.92,779,1999,2.33,-42.92
105897,0.7000,0.0311,0.7154,0.21,-19.06,-0.24,2.49,-44.35,4.67,-42.45,2.34,-43.39,2.35,-43.41,773,1998,2.35,-43.41
105917,0.6996,0.0320,0.7395,0.31,-17.56,-0.27,2.48,-43.39,4.68,-42.80,2.36,-43.78,2.37,-43.78,778,1999,2.37,-43.78
105937,0.7081,0.0296,0.7307,0.31,-19.49,-0.48,2.32,-44.08,4.68,-43.17,2.38,-44.08,2.39,-44.10,778,1998,2.39,-44.10
105957,0.7126,0.0326,0.7008,0.45,-17.22,-0.00,2.67,-45.45,4.69,-43.55,2.43,-44.55,2.43,-44.53,772,1998,2.43,-44.53
105977,0.7137,0.0308,0.7170,0.60,-13.69,-0.02,2.46,-44.84,4.70,-43.85,2.45,-44.95,2.46,-44.88,772,1997,2.45,-44.88
105997,0.7177,0.0306,0.7226,0.48,-15.04,0.01,2.43,-44.78,4.71,-44.13,2.47,-45.17,2.48,-45.13,772,2000,2.48,-45.13
106017,0.7246,0.0325,0.6970,0.18,-15.35,-0.07,2.67,-46.08,4.72,-44.44,2.49,-45.51,2.50,-45.46,779,1998,2.50,-45.46
106037,0.7234,0.0325,0.7137,0.40,-13.15,-0.15,2.61,-45.35,4.73,-44.72,2.49,-45.82,2.51,-45.76,773,1993,2.51,-45.76
106057,0.7313,0.0315,0.7049,0.40,-14.01,-0.10,2.56,-46.02,4.73,-44.99,2.51,-46.05,2.53,-46.02,779,1997,2.53,-46.02
106077,0.7342,0.0337,0.6904,0.33,-12.38,-0.13,2.80,-46.73,4.74,-45.26,2.54,-46.38,2.55,-46.32,780,1999,2.55,-46.32
106097,0.7361,0.0317,0.6875,0.36,-8.63,0.17,2.64,-46.93,4.75,-45.47,2.58,-46.71,2.59,-46.60,780,2000,2.59,-46.60
106117,0.7340,0.0299,0.7298,0.44,-11.82,0.10,2.35,-45.14,4.76,-45.65,2.56,-46.67,2.59,-46.68,773,1997,2.59,-46.68
106137,0.7402,0.0321,0.6873,0.21,-16.76,-0.34,2.68,-47.09,4.76,-45.96,2.56,-46.85,2.60,-46.90,779,1997,2.60,-46.90
106157,0.7462,0.0323,0.6751,0.59,-12.83,0.08,2.74,-47.83,4.77,-46.26,2.61,-47.28,2.63,-47.27,781,1995,2.63,-47.27
106177,0.7453,0.0315,0.7055,0.85,-11.94,0.10,2.56,-46.54,4.78,-46.49,2.61,-47.48,2.64,-47.48,781,2001,2.64,-47.48
106197,0.7496,0.0306,0.6879,0.52,-16.51,-0.16,2.54,-47.43,4.80,-46.79,2.60,-47.62,2.64,-47.69,781,2001,2.64,-47.69
106217,0.7600,0.0336,0.6525,0.55,-14.58,-0.15,2.94,-49.31,4.81,-47.11,2.65,-48.08,2.68,-48.08,781,2002,2.68,-48.08
106237,0.7593,0.0312,0.6606,0.44,-7.84,0.11,2.70,-48.95,4.82,-47.32,2.70,-48.55,2.72,-48.44,781,1995,2.72,-48.44
106257,0.7583,0.0343,0.6834,0.22,-9.01,0.03,2.87,-47.94,4.83,-47.48,2.71,-48.60,2.74,-48.54,781,1997,2.74,-48.54
106277,0.7609,0.0344,0.6646,0.26,-10.26,-0.08,2.96,-48.83,4.83,-47.68,2.74,-48.73,2.76,-48.71,781,1997,2.76,-48.71
106297,0.7643,0.0325,0.6662,0.66,-8.22,0.24,2.79,-48.89,4.84,-47.86,2.77,-48.95,2.79,-48.91,781,2000,2.79,-48.91
106317,0.7674,0.0314,0.6713,0.50,-8.43,0.08,2.67,-48.79,4.85,-48.02,2.79,-49.07,2.82,-49.06,781,1995,2.82,-49.06
106337,0.7650,0.0315,0.6906,0.60,-12.03,-0.04,2.61,-47.90,4.86,-48.22,2.77,-49.09,2.81,-49.15,781,1995,2.81,-49.15
106357,0.7707,0.0339,0.6565,0.43,-15.35,-0.04,2.95,-49.53,4.87,-48.51,2.80,-49.31,2.84,-49.39,781,2001,2.84,-49.39
106377,0.7782,0.0328,0.6460,0.73,-13.06,0.04,2.91,-50.26,4.89,-48.80,2.83,-49.69,2.87,-49.72,782,1996,2.87,-49.72
106397,0.7791,0.0317,0.6492,0.51,-12.48,0.01,2.79,-50.16,4.90,-49.05,2.84,-49.98,2.88,-49.98,782,1998,2.88,-49.98
106417,0.7820,0.0321,0.6513,0.28,-12.27,-0.21,2.82,-50.18,4.91,-49.29,2.86,-50.24,2.90,-50.24,782,1998,2.90,-50.24
106437,0.7845,0.0322,0.6486,0.45,-12.71,-0.16,2.84,-50.38,4.91,-49.54,2.88,-50.48,2.92,-50.48,782,1998,2.92,-50.48
106457,0.7872,0.0320,0.6432,0.50,-13.17,-0.28,2.85,-50.71,4.92,-49.81,2.91,-50.72,2.94,-50.73,782,1998,2.94,-50.73
106477,0.7876,0.0356,0.6343,0.20,-13.76,-0.35,3.21,-51.11,4.93,-50.08,2.93,-51.00,2.96,-51.00,780,1997,2.96,-51.00
106497,0.7937,0.0331,0.6388,0.41,-13.24,-0.25,2.96,-51.13,4.93,-50.34,2.96,-51.28,2.99,-51.27,780,1999,2.99,-51.27
106517,0.7940,0.0346,0.6248,0.39,-13.35,-0.22,3.17,-51.76,4.94,-50.62,2.97,-51.54,3.01,-51.53,780,1999,3.01,-51.53
106536,0.7984,0.0353,0.6117,0.23,-10.20,-0.07,3.30,-52.50,4.95,-50.85,3.03,-51.90,3.05,-51.84,780,1998,3.05,-51.84
106556,0.7942,0.0336,0.6746,0.60,-14.93,-0.17,2.85,-49.62,4.96,-51.08,3.02,-51.83,3.05,-51.90,780,1998,3.05,-51.90
106576,0.8034,0.0361,0.6210,0.22,-23.02,-0.61,3.32,-52.25,4.96,-51.49,3.02,-52.02,3.07,-52.17,780,1999,3.07,-52.17
106596,0.8148,0.0360,0.5685,0.61,-15.71,-0.22,3.62,-55.04,4.97,-51.89,3.11,-52.80,3.12,-52.76,780,1998,3.12,-52.76
106616,0.8161,0.0354,0.5978,0.43,-8.52,0.12,3.39,-53.73,4.98,-52.11,3.17,-53.28,3.17,-53.14,780,1999,3.17,-53.14
106636,0.8157,0.0324,0.5801,-0.06,-3.87,0.08,3.20,-54.54,4.98,-52.24,3.19,-53.60,3.20,-53.39,780,1998,3.20,-53.39
106656,0.8088,0.0328,0.6495,0.02,-7.13,-0.11,2.89,-51.20,4.98,-52.32,3.14,-53.39,3.18,-53.33,780,1998,3.18,-53.33
106676,0.8126,0.0358,0.6295,-0.08,-16.04,-0.36,3.25,-52.19,4.98,-52.57,3.12,-53.29,3.17,-53.38,781,1998,3.17,-53.38
106696,0.8240,0.0354,0.5682,0.13,-15.16,-0.25,3.56,-55.36,4.98,-52.90,3.17,-53.71,3.20,-53.75,780,1999,3.20,-53.75
106716,0.8273,0.0352,0.5606,0.34,-4.89,0.20,3.59,-55.82,4.99,-53.09,3.24,-54.31,3.26,-54.17,774,1998,3.26,-54.17
106736,0.8217,0.0334,0.6109,0.45,-3.34,0.16,3.13,-53.33,5.00,-53.15,3.26,-54.30,3.28,-54.20,783,1997,3.28,-54.20
106756,0.8270,0.0353,0.5884,0.08,-5.67,0.08,3.44,-54.52,5.00,-53.25,3.27,-54.31,3.30,-54.26,781,1998,3.30,-54.26
106776,0.8262,0.0349,0.5917,0.40,-2.88,0.12,3.38,-54.35,5.01,-53.33,3.30,-54.49,3.33,-54.41,781,1999,3.33,-54.41
106796,0.8226,0.0336,0.6101,0.42,-4.13,0.08,3.15,-53.40,5.01,-53.39,3.31,-54.41,3.34,-54.40,780,1998,3.34,-54.40
106816,0.8262,0.0337,0.5882,0.42,-5.92,0.20,3.28,-54.51,5.02,-53.50,3.32,-54.43,3.36,-54.45,779,1999,3.36,-54.45
106836,0.8254,0.0368,0.6094,0.54,-6.97,0.27,3.46,-53.51,5.03,-53.63,3.35,-54.51,3.39,-54.55,779,1998,3.39,-54.55
106856,0.8296,0.0364,0.6230,2.20,-19.00,1.27,3.35,-53.05,5.06,-53.89,3.38,-54.39,3.43,-54.58,780,1998,3.43,-54.58
106876,0.8370,0.0325,0.5628,3.52,-22.51,1.84,3.30,-56.04,5.12,-54.33,3.43,-54.83,3.49,-55.00,773,1997,3.49,-55.00
106896,0.8455,0.0331,0.5754,3.50,-16.80,2.04,3.29,-55.72,5.19,-54.71,3.48,-55.48,3.55,-55.50,773,1997,3.55,-55.50
106916,0.8411,0.0369,0.5898,5.31,-25.24,3.11,3.58,-54.91,5.28,-55.12,3.54,-55.66,3.63,-55.78,779,1994,3.63,-55.78
106936,0.8504,0.0347,0.5133,6.87,-25.42,4.24,3.86,-58.83,5.41,-55.67,3.75,-56.42,3.80,-56.42,779,1994,3.80,-56.42
106956,0.8476,0.0328,0.5300,5.24,-12.35,3.34,3.54,-57.93,5.53,-56.03,3.86,-57.20,3.93,-57.02,780,2001,3.92,-57.02
106976,0.8470,0.0325,0.5482,3.18,-8.10,1.95,3.39,-57.04,5.61,-56.22,3.83,-57.36,3.95,-57.22,774,1998,3.95,-57.22
106996,0.8551,0.0288,0.5069,0.75,-0.35,0.82,3.26,-59.30,5.65,-56.32,3.77,-57.64,3.93,-57.43,780,1997,3.93,-57.43
107016,0.8561,0.0369,0.5347,-0.02,9.57,0.50,3.94,-57.95,5.65,-56.20,3.75,-57.79,3.91,-57.50,779,1999,3.91,-57.50
107036,0.8479,0.0348,0.5852,0.24,7.12,0.54,3.40,-55.34,5.66,-56.01,3.71,-57.34,3.87,-57.20,780,1996,3.87,-57.20
107056,0.8489,0.0367,0.5634,-0.11,3.11,0.22,3.73,-56.37,5.66,-55.93,3.64,-57.01,3.82,-56.99,774,2001,3.82,-56.99
107076,0.8474,0.0335,0.5616,0.09,5.10,0.41,3.41,-56.42,5.65,-55.85,3.62,-56.95,3.79,-56.93,775,1999,3.79,-56.93
107096,0.8454,0.0338,0.5799,0.18,0.74,0.16,3.34,-55.51,5.66,-55.78,3.58,-56.63,3.76,-56.72,779,2001,3.76,-56.72
107116,0.8436,0.0334,0.5771,-0.05,-4.51,-0.03,3.31,-55.58,5.66,-55.83,3.52,-56.49,3.71,-56.64,777,2002,3.71,-56.64
107136,0.8508,0.0347,0.5421,-0.02,-5.51,-0.02,3.66,-57.44,5.66,-55.94,3.52,-56.63,3.69,-56.75,782,2000,3.69,-56.75
107156,0.8523,0.0335,0.5535,0.28,-1.94,0.21,3.46,-56.95,5.66,-56.01,3.54,-56.83,3.69,-56.88,776,1998,3.69,-56.88
107176,0.8514,0.0312,0.5703,0.27,-3.61,0.08,3.13,-56.14,5.67,-56.06,3.52,-56.79,3.66,-56.87,776,1997,3.66,-56.87
107196,0.8558,0.0336,0.5409,0.05,-4.71,0.11,3.56,-57.65,5.67,-56.15,3.48,-56.88,3.63,-56.95,782,1998,3.63,-56.95
107216,0.8590,0.0345,0.5082,0.12,3.15,0.24,3.88,-59.33,5.67,-56.17,3.54,-57.25,3.64,-57.16,782,1998,3.65,-57.16
107236,0.8479,0.0328,0.5899,0.09,5.46,0.39,3.18,-55.13,5.67,-56.05,3.53,-57.11,3.62,-57.04,782,1996,3.63,-57.04
107256,0.8489,0.0337,0.5816,-0.17,-3.31,-0.08,3.31,-55.54,5.67,-56.04,3.49,-56.72,3.59,-56.82,779,1998,3.59,-56.82
107276,0.8580,0.0355,0.5427,0.11,-4.46,-0.17,3.74,-57.63,5.67,-56.14,3.48,-56.84,3.57,-56.91,782,1997,3.57,-56.91
107296,0.8533,0.0312,0.5420,0.24,-0.64,0.09,3.29,-57.53,5.68,-56.18,3.50,-57.04,3.58,-57.03,783,1998,3.58,-57.03
107316,0.8527,0.0323,0.5705,0.12,-0.56,0.08,3.24,-56.17,5.68,-56.19,3.47,-57.00,3.55,-57.01,776,1998,3.55,-57.01
107336,0.8511,0.0333,0.5595,0.23,-4.14,0.14,3.40,-56.63,5.69,-56.24,3.45,-56.92,3.53,-56.98,776,1997,3.53,-56.98
107356,0.8564,0.0358,0.5484,0.52,-3.90,0.08,3.73,-57.31,5.69,-56.33,3.49,-57.02,3.54,-57.06,782,1997,3.54,-57.06
107376,0.8537,0.0345,0.5581,0.38,-4.77,0.05,3.54,-56.77,5.70,-56.41,3.51,-57.08,3.55,-57.12,776,1998,3.55,-57.12
107396,0.8529,0.0350,0.5549,0.28,-5.18,0.07,3.61,-56.90,5.71,-56.52,3.55,-57.19,3.57,-57.22,776,2001,3.57,-57.22
107416,0.8560,0.0342,0.5528,0.54,-10.59,0.16,3.54,-57.09,5.72,-56.67,3.54,-57.17,3.57,-57.27,777,2002,3.57,-57.27
107436,0.8637,0.0340,0.5194,0.33,-9.48,0.17,3.75,-58.93,5.73,-56.89,3.58,-57.54,3.58,-57.55,780,1998,3.58,-57.55
107456,0.8651,0.0369,0.5028,0.63,-1.19,0.54,4.19,-59.77,5.74,-56.99,3.68,-58.01,3.64,-57.86,781,1998,3.64,-57.86
107476,0.8575,0.0337,0.5632,0.77,1.96,0.83,3.42,-56.66,5.75,-56.96,3.69,-58.01,3.66,-57.86,773,1998,3.66,-57.86
107496,0.8542,0.0342,0.5510,0.34,-2.55,0.28,3.56,-57.13,5.77,-56.97,3.66,-57.81,3.65,-57.77,779,1998,3.65,-57.77
107516,0.8640,0.0370,0.5320,0.47,-3.45,0.28,3.98,-58.32,5.77,-57.04,3.66,-57.85,3.65,-57.82,780,1999,3.65,-57.82
107535,0.8571,0.0328,0.5390,0.77,-0.68,0.57,3.48,-57.79,5.78,-57.08,3.66,-57.98,3.66,-57.92,780,1999,3.66,-57.92
107555,0.8607,0.0338,0.5591,0.66,-3.51,0.24,3.46,-56.94,5.80,-57.11,3.64,-57.85,3.65,-57.86,774,1999,3.65,-57.86
107575,0.8624,0.0348,0.5302,0.28,-5.80,0.12,3.76,-58.36,5.81,-57.22,3.63,-57.91,3.64,-57.93,781,1998,3.64,-57.93
107595,0.8656,0.0336,0.5235,0.35,-1.90,0.21,3.67,-58.79,5.81,-57.30,3.65,-58.15,3.65,-58.09,781,1999,3.65,-58.09
107615,0.8642,0.0325,0.5385,0.38,-0.16,0.24,3.45,-58.02,5.82,-57.31,3.64,-58.18,3.65,-58.12,783,1999,3.65,-58.12
107635,0.8636,0.0350,0.5413,0.13,-0.49,0.22,3.70,-57.87,5.83,-57.31,3.65,-58.17,3.65,-58.12,781,1999,3.65,-58.12
107655,0.8634,0.0325,0.5469,0.29,-1.82,0.05,3.40,-57.60,5.83,-57.33,3.63,-58.12,3.64,-58.10,781,2001,3.64,-58.10
107675,0.8662,0.0333,0.5373,0.37,-3.68,0.14,3.54,-58.14,5.84,-57.39,3.60,-58.12,3.62,-58.13,783,1999,3.62,-58.13
107695,0.8664,0.0351,0.5300,0.40,-2.75,0.11,3.79,-58.49,5.84,-57.46,3.64,-58.24,3.64,-58.22,781,1994,3.64,-58.22
107715,0.8670,0.0344,0.5359,0.41,-2.72,0.23,3.67,-58.23,5.85,-57.51,3.66,-58.28,3.65,-58.27,783,1998,3.65,-58.27
107735,0.8684,0.0329,0.5244,0.30,-3.01,0.20,3.59,-58.83,5.86,-57.57,3.68,-58.36,3.66,-58.33,781,2000,3.66,-58.33
107755,0.8667,0.0343,0.5199,0.16,-0.34,0.13,3.77,-58.99,5.86,-57.61,3.68,-58.50,3.66,-58.43,781,1999,3.66,-58.43
107775,0.8644,0.0332,0.5454,0.14,-1.06,0.21,3.48,-57.70,5.86,-57.61,3.67,-58.41,3.66,-58.39,782,2000,3.66,-58.39
107795,0.8664,0.0336,0.5299,0.19,-3.35,0.03,3.62,-58.50,5.87,-57.66,3.66,-58.37,3.65,-58.39,781,1999,3.65,-58.39
107815,0.8694,0.0333,0.5236,0.05,-1.29,-0.07,3.63,-58.89,5.87,-57.71,3.68,-58.52,3.66,-58.49,780,1998,3.66,-58.49
107835,0.8652,0.0331,0.5445,0.08,-1.91,0.03,3.48,-57.77,5.87,-57.73,3.66,-58.47,3.65,-58.47,778,1995,3.65,-58.47
107855,0.8676,0.0345,0.5259,0.12,-4.95,0.01,3.76,-58.72,5.88,-57.81,3.66,-58.48,3.65,-58.50,780,1999,3.65,-58.50
107875,0.8718,0.0347,0.5162,0.14,-2.62,0.07,3.85,-59.31,5.88,-57.89,3.69,-58.69,3.67,-58.65,780,1999,3.67,-58.65
107895,0.8702,0.0357,0.5212,0.26,-0.44,0.21,3.92,-59.02,5.88,-57.92,3.73,-58.79,3.69,-58.73,780,2000,3.69,-58.73
107915,0.8705,0.0337,0.5131,0.13,1.65,0.18,3.76,-59.43,5.89,-57.90,3.72,-58.87,3.69,-58.77,780,1998,3.69,-58.77
107935,0.8670,0.0336,0.5371,0.05,3.01,0.32,3.58,-58.17,5.89,-57.85,3.71,-58.82,3.69,-58.73,779,1999,3.69,-58.73
107955,0.8644,0.0333,0.5445,0.20,-0.81,0.11,3.49,-57.74,5.89,-57.83,3.66,-58.61,3.66,-58.61,780,1999,3.66,-58.61
107975,0.8681,0.0333,0.5346,0.21,-3.86,-0.04,3.57,-58.33,5.90,-57.88,3.64,-58.54,3.65,-58.59,780,1995,3.65,-58.59
107995,0.8678,0.0340,0.5310,0.46,-6.03,-0.01,3.66,-58.49,5.90,-57.98,3.65,-58.58,3.65,-58.64,780,1996,3.65,-58.64
108015,0.8713,0.0353,0.5078,0.52,-5.05,0.26,3.97,-59.71,5.91,-58.10,3.67,-58.81,3.66,-58.81,780,1995,3.66,-58.81
108035,0.8749,0.0336,0.5006,0.18,-0.15,0.12,3.83,-60.16,5.92,-58.15,3.70,-59.07,3.68,-58.98,780,1997,3.68,-58.99
108055,0.8722,0.0336,0.5265,0.05,3.11,0.22,3.65,-58.83,5.92,-58.11,3.71,-59.13,3.69,-59.01,782,1998,3.68,-59.01
108075,0.8713,0.0339,0.5216,-0.14,2.61,0.05,3.72,-59.04,5.92,-58.05,3.69,-59.02,3.67,-58.94,782,1997,3.67,-58.94
108095,0.8722,0.0348,0.5208,-0.24,4.42,0.11,3.82,-59.10,5.92,-57.98,3.72,-59.00,3.69,-58.91,783,1999,3.69,-58.91
108115,0.8655,0.0345,0.5491,-0.05,2.54,0.14,3.60,-57.55,5.91,-57.90,3.69,-58.75,3.67,-58.74,782,1998,3.67,-58.74
108135,0.8691,0.0331,0.5322,-0.02,-2.56,-0.15,3.56,-58.47,5.91,-57.91,3.68,-58.55,3.67,-58.63,782,1998,3.67,-58.63
108155,0.8719,0.0323,0.5126,0.06,-1.57,-0.09,3.60,-59.50,5.91,-57.96,3.69,-58.70,3.67,-58.72,782,1998,3.67,-58.72
108175,0.8678,0.0344,0.5362,0.11,0.26,0.05,3.67,-58.24,5.91,-57.97,3.71,-58.76,3.68,-58.76,782,1998,3.68,-58.76
108195,0.8703,0.0321,0.5222,0.04,-1.27,0.08,3.52,-58.99,5.92,-57.98,3.71,-58.74,3.68,-58.75,782,1998,3.68,-58.75
108215,0.8713,0.0370,0.5212,0.35,-0.84,0.21,4.07,-59.05,5.92,-58.00,3.71,-58.78,3.68,-58.78,782,1998,3.68,-58.78
108235,0.8701,0.0315,0.5147,0.34,1.20,0.40,3.51,-59.35,5.93,-58.00,3.73,-58.89,3.70,-58.84,783,1998,3.70,-58.84
108255,0.8730,0.0341,0.5131,-0.03,4.07,0.31,3.80,-59.50,5.93,-57.94,3.73,-58.94,3.70,-58.85,782,2003,3.70,-58.85
108275,0.8665,0.0332,0.5380,0.00,5.03,0.27,3.53,-58.12,5.93,-57.84,3.72,-58.79,3.70,-58.74,782,1997,3.70,-58.74
108295,0.8644,0.0325,0.5418,-0.02,2.23,0.30,3.43,-57.88,5.93,-57.77,3.67,-58.56,3.67,-58.58,782,1997,3.67,-58.58
108315,0.8660,0.0339,0.5362,-0.15,-0.77,0.04,3.61,-58.19,5.93,-57.77,3.61,-58.45,3.63,-58.51,782,1998,3.63,-58.51
108335,0.8658,0.0315,0.5287,0.17,-2.26,-0.05,3.41,-58.54,5.93,-57.80,3.60,-58.43,3.62,-58.50,782,1998,3.62,-58.50
108355,0.8699,0.0339,0.5197,-0.08,-0.42,0.11,3.73,-59.09,5.93,-57.83,3.62,-58.58,3.62,-58.59,782,2002,3.62,-58.59
108375,0.8670,0.0318,0.5386,-0.01,0.78,0.08,3.38,-58.10,5.93,-57.82,3.60,-58.59,3.61,-58.59,780,1997,3.61,-58.59
108395,0.8675,0.0339,0.5412,-0.05,-1.01,-0.05,3.58,-57.99,5.93,-57.82,3.57,-58.49,3.59,-58.53,780,2002,3.59,-58.53
108415,0.8692,0.0334,0.5343,0.12,-2.61,-0.03,3.57,-58.37,5.93,-57.86,3.56,-58.48,3.57,-58.53,780,1998,3.57,-58.53
108435,0.8696,0.0359,0.5246,0.19,-2.58,-0.03,3.92,-58.84,5.93,-57.91,3.58,-58.56,3.58,-58.60,780,1998,3.58,-58.60
108455,0.8707,0.0330,0.5125,0.15,-0.71,-0.05,3.68,-59.47,5.93,-57.95,3.62,-58.74,3.60,-58.70,780,2000,3.60,-58.71
108475,0.8688,0.0358,0.5208,0.00,0.62,0.07,3.93,-59.00,5.94,-57.95,3.65,-58.79,3.62,-58.73,780,1998,3.62,-58.73
108495,0.8692,0.0329,0.5271,-0.06,0.77,0.02,3.58,-58.72,5.93,-57.93,3.64,-58.75,3.61,-58.71,781,1998,3.61,-58.71
108514,0.8691,0.0342,0.5290,-0.02,0.78,0.15,3.70,-58.62,5.93,-57.91,3.64,-58.72,3.61,-58.69,780,1998,3.61,-58.69
108534,0.8689,0.0309,0.5314,0.08,-0.01,0.13,3.33,-58.51,5.93,-57.90,3.62,-58.67,3.60,-58.66,781,2000,3.60,-58.66
108554,0.8667,0.0312,0.5267,-0.03,-0.68,0.01,3.39,-58.67,5.93,-57.91,3.58,-58.65,3.58,-58.65,781,1999,3.58,-58.65
108574,0.8704,0.0328,0.5353,0.07,-1.16,-0.06,3.51,-58.36,5.93,-57.93,3.57,-58.63,3.56,-58.65,781,1995,3.56,-58.65
108594,0.8715,0.0315,0.5260,0.07,-1.86,-0.05,3.43,-58.84,5.93,-57.96,3.57,-58.64,3.56,-58.66,783,1998,3.56,-58.66
108614,0.8733,0.0338,0.5221,0.11,-1.04,0.08,3.70,-59.07,5.93,-57.99,3.59,-58.72,3.57,-58.71,781,2000,3.57,-58.71
108634,0.8701,0.0333,0.5340,0.09,-0.37,0.11,3.56,-58.41,5.93,-58.00,3.60,-58.75,3.58,-58.74,781,1998,3.58,-58.74
108654,0.8706,0.0295,0.5234,0.17,-0.87,0.20,3.23,-58.95,5.94,-58.02,3.60,-58.78,3.58,-58.76,782,1999,3.58,-58.76
108674,0.8685,0.0334,0.5279,-0.01,-0.12,0.05,3.62,-58.66,5.94,-58.03,3.57,-58.79,3.56,-58.77,781,1996,3.56,-58.77
108694,0.8708,0.0334,0.5307,0.20,-0.89,0.07,3.60,-58.59,5.94,-58.03,3.58,-58.73,3.57,-58.74,781,1996,3.57,-58.74
108714,0.8701,0.0329,0.5337,0.17,-1.94,0.01,3.53,-58.43,5.95,-58.06,3.59,-58.73,3.57,-58.75,781,1994,3.57,-58.75
108734,0.8694,0.0330,0.5331,0.15,-3.77,-0.02,3.54,-58.43,5.95,-58.12,3.58,-58.71,3.57,-58.76,781,1999,3.57,-58.76
108754,0.8710,0.0344,0.5020,0.11,-3.82,-0.13,3.91,-59.99,5.95,-58.20,3.59,-58.88,3.57,-58.88,781,1994,3.57,-58.88
108774,0.8741,0.0321,0.5054,-0.05,1.74,0.04,3.63,-59.91,5.95,-58.22,3.63,-59.15,3.59,-59.04,780,1998,3.59,-59.04
108794,0.8710,0.0345,0.5441,0.17,2.37,0.16,3.63,-57.95,5.95,-58.17,3.63,-59.04,3.59,-58.97,780,1998,3.59,-58.97
108814,0.8710,0.0325,0.5263,0.04,-1.75,0.03,3.54,-58.81,5.95,-58.17,3.58,-58.88,3.57,-58.88,779,1999,3.57,-58.88
108834,0.8710,0.0329,0.5241,0.06,-1.55,-0.01,3.59,-58.91,5.95,-58.21,3.56,-58.95,3.55,-58.94,779,1999,3.55,-58.94
108854,0.8702,0.0337,0.5320,0.21,-2.05,0.05,3.63,-58.51,5.96,-58.24,3.58,-58.94,3.57,-58.94,780,1999,3.57,-58.94
108874,0.8713,0.0318,0.5181,0.21,-3.32,0.12,3.51,-59.22,5.96,-58.30,3.57,-58.95,3.56,-58.97,780,1999,3.56,-58.97
108894,0.8735,0.0339,0.5088,0.04,-0.45,0.16,3.81,-59.73,5.96,-58.34,3.59,-59.12,3.57,-59.08,779,1998,3.57,-59.08
108914,0.8702,0.0337,0.5443,0.04,-0.04,0.11,3.54,-57.92,5.97,-58.33,3.59,-59.07,3.57,-59.05,780,2000,3.57,-59.05
108934,0.8751,0.0348,0.5319,0.23,-5.26,0.05,3.75,-58.65,5.97,-58.39,3.59,-58.95,3.57,-59.01,780,1995,3.57,-59.01
108954,0.8772,0.0317,0.4919,0.21,-2.77,0.11,3.68,-60.67,5.97,-58.48,3.62,-59.20,3.58,-59.18,780,1995,3.58,-59.18
108974,0.8753,0.0366,0.5160,0.40,1.09,0.30,4.05,-59.42,5.98,-58.48,3.68,-59.34,3.62,-59.27,777,2000,3.62,-59.27
108994,0.8729,0.0317,0.5243,0.58,-0.81,0.58,3.46,-58.96,5.99,-58.48,3.71,-59.25,3.65,-59.22,781,2001,3.65,-59.22
109014,0.8756,0.0315,0.5050,0.21,0.88,0.34,3.57,-59.98,6.00,-58.49,3.67,-59.32,3.64,-59.26,782,1998,3.64,-59.26
109034,0.8736,0.0307,0.5205,0.00,3.87,0.28,3.38,-59.17,6.00,-58.43,3.67,-59.33,3.64,-59.25,781,1998,3.64,-59.25
109054,0.8720,0.0338,0.5283,-0.14,3.11,0.11,3.66,-58.74,6.00,-58.36,3.64,-59.19,3.62,-59.15,782,1996,3.62,-59.15
109074,0.8725,0.0336,0.5266,0.00,2.13,0.21,3.65,-58.84,6.00,-58.31,3.64,-59.07,3.62,-59.07,783,1999,3.62,-59.07
109094,0.8735,0.0343,0.5244,0.14,2.16,0.20,3.74,-58.97,6.00,-58.26,3.68,-59.03,3.65,-59.02,782,1997,3.65,-59.02
109114,0.8743,0.0333,0.5134,0.14,2.47,0.20,3.71,-59.53,6.00,-58.22,3.67,-59.00,3.64,-58.99,782,1998,3.64,-58.99
109134,0.8703,0.0329,0.5297,-0.08,3.66,0.08,3.55,-58.63,6.00,-58.16,3.64,-58.97,3.63,-58.95,782,2001,3.63,-58.95
109154,0.8681,0.0322,0.5428,0.03,1.08,0.11,3.40,-57.94,6.00,-58.11,3.61,-58.77,3.61,-58.81,782,1998,3.61,-58.81
109174,0.8716,0.0318,0.5200,0.02,-1.27,-0.02,3.50,-59.13,6.00,-58.12,3.58,-58.73,3.59,-58.79,782,1998,3.59,-58.79
109194,0.8723,0.0333,0.4997,0.07,2.63,0.19,3.81,-60.14,6.00,-58.11,3.61,-58.92,3.60,-58.88,782,1998,3.60,-58.88
109214,0.8696,0.0330,0.5283,-0.18,5.87,0.27,3.57,-58.67,6.00,-58.01,3.64,-58.92,3.62,-58.85,782,1998,3.62,-58.85
109234,0.8675,0.0336,0.5265,-0.38,4.57,0.08,3.65,-58.69,6.00,-57.91,3.63,-58.74,3.61,-58.71,782,1997,3.61,-58.71
109254,0.8653,0.0334,0.5261,-0.21,4.45,0.17,3.63,-58.65,5.99,-57.82,3.62,-58.64,3.60,-58.62,782,1998,3.60,-58.62
109274,0.8687,0.0346,0.5239,-0.10,6.69,0.30,3.78,-58.85,5.99,-57.71,3.63,-58.60,3.61,-58.55,782,1996,3.61,-58.55
109294,0.8622,0.0325,0.5480,0.05,7.16,0.34,3.40,-57.52,5.99,-57.56,3.61,-58.38,3.59,-58.37,782,1997,3.59,-58.37
109314,0.8642,0.0328,0.5501,0.01,3.72,0.25,3.41,-57.47,5.99,-57.46,3.57,-58.12,3.57,-58.17,780,1998,3.57,-58.18
109334,0.8627,0.0301,0.5242,-0.05,3.20,0.19,3.28,-58.67,5.99,-57.40,3.54,-58.10,3.55,-58.13,780,1998,3.55,-58.13
109354,0.8614,0.0327,0.5528,0.11,3.30,0.15,3.39,-57.26,5.99,-57.32,3.50,-57.99,3.53,-58.03,780,1998,3.53,-58.03
109374,0.8641,0.0317,0.5336,-0.06,0.42,-0.06,3.40,-58.26,5.99,-57.29,3.49,-57.89,3.51,-57.95,780,1998,3.51,-57.95
109394,0.8645,0.0343,0.5113,-0.13,3.83,0.12,3.84,-59.34,5.99,-57.26,3.50,-58.05,3.51,-58.02,780,1996,3.51,-58.02
109414,0.8611,0.0298,0.5390,-0.08,8.17,0.37,3.17,-57.92,5.99,-57.12,3.48,-58.04,3.50,-57.96,780,1997,3.50,-57.96
109434,0.8593,0.0345,0.5510,-0.04,6.26,0.21,3.58,-57.28,5.99,-56.98,3.47,-57.77,3.48,-57.76,780,1996,3.48,-57.76
109454,0.8595,0.0319,0.5326,-0.26,5.90,0.17,3.43,-58.17,5.98,-56.86,3.46,-57.68,3.47,-57.66,780,1998,3.47,-57.66
109474,0.8567,0.0313,0.5378,-0.15,8.95,0.37,3.33,-57.84,5.98,-56.71,3.46,-57.61,3.46,-57.56,781,2000,3.46,-57.56
109494,0.8567,0.0308,0.5565,-0.08,9.74,0.40,3.17,-56.95,5.98,-56.52,3.45,-57.40,3.45,-57.36,774,1995,3.45,-57.36
109513,0.8515,0.0304,0.5749,-0.05,5.87,0.29,3.03,-55.94,5.98,-56.36,3.38,-57.03,3.41,-57.08,777,1999,3.41,-57.08
109533,0.8524,0.0317,0.5541,-0.10,3.23,0.09,3.28,-56.93,5.98,-56.28,3.35,-56.89,3.38,-56.96,774,2000,3.38,-56.96
109553,0.8532,0.0323,0.5438,-0.02,3.87,0.15,3.40,-57.44,5.97,-56.21,3.37,-56.90,3.38,-56.93,780,1999,3.38,-56.93
109573,0.8543,0.0310,0.5558,-0.02,4.99,0.27,3.19,-56.91,5.97,-56.12,3.35,-56.86,3.37,-56.87,776,1998,3.37,-56.87
109593,0.8515,0.0304,0.5493,-0.16,5.65,0.11,3.16,-57.13,5.97,-56.01,3.33,-56.79,3.35,-56.78,779,1998,3.35,-56.78
109613,0.8511,0.0305,0.5538,-0.09,7.21,0.31,3.15,-56.91,5.97,-55.88,3.33,-56.70,3.34,-56.67,775,1999,3.34,-56.67
109633,0.8457,0.0300,0.5644,-0.06,7.83,0.21,3.04,-56.24,5.97,-55.73,3.30,-56.55,3.31,-56.53,774,1999,3.31,-56.53
109653,0.8444,0.0321,0.5788,-0.01,5.97,0.10,3.18,-55.53,5.97,-55.59,3.26,-56.31,3.28,-56.33,778,2000,3.28,-56.33
109673,0.8415,0.0295,0.5772,-0.04,1.46,-0.02,2.93,-55.52,5.97,-55.52,3.21,-56.06,3.24,-56.16,778,1998,3.24,-56.16
109693,0.8465,0.0323,0.5650,-0.18,0.36,-0.00,3.27,-56.24,5.97,-55.51,3.20,-56.05,3.22,-56.13,774,1998,3.22,-56.13
109713,0.8424,0.0321,0.5617,0.02,1.12,0.01,3.27,-56.26,5.97,-55.49,3.19,-56.08,3.21,-56.13,774,1998,3.21,-56.13
109733,0.8466,0.0319,0.5511,0.11,2.91,0.12,3.31,-56.89,5.97,-55.45,3.22,-56.15,3.22,-56.15,774,1998,3.22,-56.15
109753,0.8427,0.0320,0.5580,-0.05,6.71,0.18,3.28,-56.45,5.97,-55.35,3.22,-56.20,3.21,-56.13,774,1997,3.21,-56.13
109773,0.8460,0.0325,0.5549,-0.14,8.66,0.31,3.35,-56.70,5.96,-55.20,3.24,-56.11,3.21,-56.02,774,1996,3.21,-56.02
109793,0.8429,0.0316,0.5695,-0.22,9.69,0.39,3.18,-55.91,5.96,-55.01,3.24,-55.94,3.20,-55.85,773,1998,3.20,-55.85
109813,0.8395,0.0309,0.5759,-0.34,9.75,0.29,3.07,-55.51,5.96,-54.82,3.22,-55.71,3.19,-55.65,777,1999,3.19,-55.65
109833,0.8315,0.0293,0.6114,-0.16,6.00,0.19,2.75,-53.64,5.95,-54.65,3.14,-55.32,3.14,-55.36,780,2000,3.14,-55.37
109853,0.8342,0.0340,0.5943,-0.13,-0.22,-0.03,3.28,-54.49,5.95,-54.60,3.10,-55.04,3.10,-55.17,780,1998,3.10,-55.17
109873,0.8407,0.0299,0.5605,0.01,0.13,-0.01,3.06,-56.27,5.94,-54.62,3.10,-55.16,3.09,-55.23,774,2000,3.09,-55.23
109893,0.8379,0.0311,0.5687,-0.02,3.65,0.11,3.13,-55.80,5.94,-54.57,3.10,-55.29,3.09,-55.28,774,2000,3.09,-55.28
109913,0.8357,0.0299,0.5768,-0.01,4.29,0.29,2.97,-55.35,5.94,-54.49,3.09,-55.24,3.07,-55.21,780,1996,3.07,-55.21
109933,0.8335,0.0291,0.5889,-0.10,4.00,0.12,2.83,-54.72,5.94,-54.40,3.06,-55.13,3.05,-55.12,780,1996,3.05,-55.12
109953,0.8351,0.0301,0.5738,-0.03,3.52,0.14,3.01,-55.47,5.94,-54.33,3.05,-55.07,3.03,-55.05,780,1997,3.03,-55.05
109973,0.8342,0.0296,0.5659,-0.03,7.29,0.39,3.00,-55.81,5.94,-54.23,3.05,-55.11,3.02,-55.03,776,1998,3.02,-55.03
109993,0.8284,0.0306,0.5862,-0.07,9.18,0.40,2.99,-54.68,5.94,-54.05,3.06,-54.99,3.02,-54.90,783,1993,3.02,-54.90
110013,0.8294,0.0290,0.5968,-0.02,6.78,0.20,2.78,-54.23,5.94,-53.89,3.03,-54.70,3.00,-54.68,782,1996,3.00,-54.68
110033,0.8272,0.0284,0.5964,0.08,4.80,0.04,2.72,-54.18,5.94,-53.78,3.01,-54.52,2.98,-54.53,782,1998,2.98,-54.53
110053,0.8280,0.0299,0.5857,0.05,2.90,0.16,2.92,-54.69,5.94,-53.71,2.99,-54.40,2.97,-54.42,783,1998,2.97,-54.42
110073,0.8295,0.0304,0.5813,-0.05,4.84,0.13,3.00,-54.94,5.94,-53.64,2.98,-54.45,2.95,-54.42,782,1998,2.95,-54.42
110093,0.8219,0.0298,0.5965,-0.02,6.10,0.27,2.86,-54.00,5.94,-53.52,2.98,-54.36,2.95,-54.33,783,1998,2.95,-54.33
110113,0.8218,0.0296,0.6055,-0.10,4.10,0.13,2.80,-53.59,5.94,-53.42,2.95,-54.14,2.92,-54.16,782,2002,2.92,-54.16
110133,0.8237,0.0297,0.5979,0.04,1.95,0.09,2.84,-53.99,5.94,-53.36,2.93,-54.01,2.91,-54.06,782,1998,2.91,-54.06
110153,0.8220,0.0311,0.5938,0.08,2.14,0.14,3.00,-54.12,5.94,-53.33,2.94,-54.02,2.90,-54.04,782,1998,2.90,-54.04
110173,0.8225,0.0306,0.6045,0.15,0.75,0.09,2.89,-53.65,5.94,-53.29,2.93,-53.94,2.89,-53.98,782,1998,2.89,-53.98
110193,0.8231,0.0324,0.5833,0.06,0.20,-0.02,3.18,-54.63,5.95,-53.29,2.95,-53.97,2.90,-53.99,782,2003,2.90,-53.99
110213,0.8277,0.0316,0.5588,-0.10,6.12,0.15,3.24,-55.94,5.94,-53.23,2.98,-54.22,2.91,-54.10,776,1998,2.91,-54.10
110233,0.8243,0.0284,0.5814,-0.36,13.61,0.50,2.80,-54.77,5.94,-53.02,2.97,-54.26,2.90,-54.05,782,1998,2.90,-54.05
110253,0.8142,0.0303,0.6119,-0.34,15.45,0.52,2.83,-53.04,5.93,-52.72,2.92,-53.92,2.87,-53.76,780,1999,2.87,-53.76
110273,0.8139,0.0294,0.6133,-0.37,13.56,0.46,2.74,-52.97,5.93,-52.43,2.91,-53.50,2.85,-53.42,780,1998,2.85,-53.42
110293,0.8087,0.0302,0.6097,-0.15,13.03,0.60,2.83,-52.95,5.92,-52.17,2.86,-53.17,2.82,-53.13,780,1998,2.82,-53.13
110313,0.8078,0.0304,0.6251,0.05,11.91,0.56,2.79,-52.23,5.92,-51.92,2.84,-52.81,2.81,-52.82,780,1998,2.81,-52.83
110333,0.8068,0.0257,0.6147,0.08,11.34,0.51,2.40,-52.67,5.92,-51.69,2.80,-52.55,2.78,-52.58,780,1998,2.78,-52.58
110353,0.8028,0.0303,0.6133,-0.12,12.56,0.52,2.82,-52.59,5.92,-51.45,2.79,-52.37,2.76,-52.37,780,1998,2.76,-52.37
110373,0.7997,0.0266,0.6217,-0.24,13.84,0.59,2.45,-52.11,5.92,-51.18,2.76,-52.11,2.74,-52.12,780,1997,2.74,-52.12
110393,0.7955,0.0280,0.6377,-0.31,13.40,0.43,2.51,-51.25,5.91,-50.91,2.73,-51.80,2.70,-51.82,780,1998,2.70,-51.82
110413,0.7921,0.0282,0.6475,-0.24,9.72,0.28,2.50,-50.71,5.90,-50.68,2.69,-51.41,2.67,-51.50,780,1998,2.67,-51.50
110433,0.7907,0.0282,0.6399,-0.19,6.13,0.01,2.53,-50.99,5.90,-50.52,2.66,-51.16,2.64,-51.28,780,1996,2.64,-51.28
110453,0.7950,0.0290,0.6113,-0.18,7.71,0.26,2.71,-52.41,5.90,-50.40,2.66,-51.16,2.63,-51.21,780,2001,2.63,-51.21
110473,0.7885,0.0301,0.6348,-0.11,11.44,0.27,2.71,-51.13,5.89,-50.19,2.68,-51.07,2.63,-51.07,780,1995,2.63,-51.07
110492,0.7857,0.0274,0.6487,-0.08,10.55,0.38,2.42,-50.43,5.89,-49.97,2.64,-50.78,2.60,-50.81,781,1999,2.60,-50.81
110512,0.7868,0.0270,0.6383,-0.19,9.27,0.33,2.42,-50.92,5.89,-49.78,2.62,-50.58,2.58,-50.61,783,1995,2.58,-50.61
110532,0.7881,0.0268,0.6215,-0.37,13.86,0.40,2.47,-51.71,5.88,-49.55,2.61,-50.58,2.57,-50.51,780,2001,2.57,-50.51
110552,0.7757,0.0276,0.6715,-0.27,15.56,0.56,2.36,-49.10,5.88,-49.24,2.59,-50.23,2.55,-50.19,780,1999,2.55,-50.19
110572,0.7721,0.0273,0.6815,-0.09,10.13,0.34,2.30,-48.54,5.87,-48.98,2.52,-49.72,2.50,-49.79,780,1999,2.50,-49.80
110592,0.7749,0.0282,0.6533,-0.19,6.32,0.17,2.47,-49.84,5.87,-48.84,2.47,-49.48,2.46,-49.59,780,1998,2.46,-49.59
110612,0.7737,0.0306,0.6365,-0.21,9.36,0.34,2.75,-50.53,5.86,-48.68,2.47,-49.52,2.44,-49.53,780,1999,2.44,-49.53
110632,0.7705,0.0295,0.6486,-0.31,13.29,0.43,2.60,-49.88,5.86,-48.45,2.48,-49.43,2.44,-49.38,780,1998,2.44,-49.38
110652,0.7650,0.0273,0.6715,-0.40,14.29,0.43,2.32,-48.70,5.85,-48.16,2.45,-49.15,2.41,-49.11,780,1998,2.41,-49.11
110672,0.7618,0.0276,0.6781,-0.36,11.73,0.39,2.33,-48.30,5.85,-47.90,2.42,-48.76,2.38,-48.78,780,1998,2.38,-48.78
110692,0.7588,0.0284,0.6792,-0.28,10.12,0.33,2.39,-48.14,5.84,-47.69,2.40,-48.49,2.35,-48.53,780,1998,2.35,-48.53
110712,0.7622,0.0267,0.6586,-0.33,10.42,0.36,2.32,-49.15,5.83,-47.49,2.38,-48.34,2.33,-48.36,780,2002,2.33,-48.36
110732,0.7556,0.0267,0.6753,-0.30,13.82,0.32,2.26,-48.19,5.83,-47.24,2.35,-48.22,2.31,-48.18,780,1998,2.31,-48.18
110752,0.7457,0.0258,0.7175,-0.04,9.81,0.27,2.06,-46.08,5.82,-46.99,2.31,-47.74,2.27,-47.81,780,1996,2.27,-47.81
110772,0.7467,0.0268,0.6997,-0.02,1.96,0.11,2.19,-46.84,5.83,-46.89,2.27,-47.37,2.24,-47.54,779,1997,2.24,-47.54
110792,0.7552,0.0269,0.6583,-0.09,2.71,0.19,2.34,-48.90,5.82,-46.86,2.27,-47.49,2.23,-47.58,779,1998,2.23,-47.58
110812,0.7487,0.0273,0.6832,-0.14,6.84,0.31,2.28,-47.60,5.82,-46.75,2.28,-47.56,2.22,-47.56,779,1996,2.22,-47.56
110832,0.7457,0.0248,0.7014,-0.14,3.82,0.18,2.03,-46.73,5.82,-46.64,2.25,-47.32,2.20,-47.38,779,1999,2.20,-47.38
110852,0.7505,0.0288,0.6744,-0.21,2.64,0.11,2.45,-48.03,5.82,-46.59,2.24,-47.31,2.18,-47.34,779,1998,2.18,-47.34
110872,0.7484,0.0274,0.6750,-0.21,5.79,0.20,2.33,-47.93,5.81,-46.50,2.25,-47.35,2.18,-47.32,779,1997,2.18,-47.32
110892,0.7461,0.0246,0.6802,-0.27,7.74,0.27,2.07,-47.63,5.81,-46.36,2.25,-47.28,2.17,-47.22,781,1996,2.17,-47.22
110912,0.7419,0.0274,0.6829,-0.22,9.43,0.37,2.30,-47.35,5.80,-46.19,2.23,-47.15,2.15,-47.09,781,1997,2.15,-47.09
110932,0.7411,0.0252,0.6865,-0.25,11.71,0.30,2.10,-47.17,5.80,-45.98,2.21,-47.02,2.13,-46.93,781,1997,2.13,-46.93
110952,0.7319,0.0254,0.7189,-0.14,10.71,0.36,2.02,-45.49,5.79,-45.75,2.18,-46.69,2.11,-46.65,775,2002,2.11,-46.65
110972,0.7316,0.0244,0.7212,0.05,4.84,0.27,1.94,-45.39,5.79,-45.59,2.16,-46.29,2.09,-46.37,774,1996,2.09,-46.37
110992,0.7376,0.0263,0.6834,-0.11,2.87,0.08,2.21,-47.16,5.79,-45.53,2.17,-46.25,2.09,-46.30,781,1996,2.09,-46.30
111012,0.7370,0.0273,0.6906,-0.11,7.05,0.23,2.26,-46.84,5.79,-45.43,2.19,-46.33,2.10,-46.30,781,1999,2.10,-46.30
111032,0.7304,0.0281,0.7050,-0.11,7.85,0.34,2.28,-45.99,5.79,-45.27,2.19,-46.18,2.09,-46.16,781,1997,2.09,-46.16
111052,0.7289,0.0246,0.7002,-0.10,7.53,0.28,2.01,-46.13,5.79,-45.12,2.17,-46.03,2.08,-46.01,782,1996,2.08,-46.01
111072,0.7290,0.0272,0.6945,-0.26,9.86,0.30,2.24,-46.37,5.78,-44.95,2.15,-45.95,2.06,-45.90,781,1995,2.06,-45.90
111092,0.7247,0.0270,0.7081,-0.31,12.20,0.32,2.18,-45.64,5.78,-44.73,2.14,-45.77,2.06,-45.71,775,1997,2.05,-45.71
111112,0.7165,0.0271,0.7406,-0.14,10.24,0.43,2.09,-44.03,5.77,-44.49,2.12,-45.39,2.04,-45.39,781,2001,2.04,-45.39
111132,0.7210,0.0252,0.7212,-0.16,5.85,0.27,2.00,-44.97,5.77,-44.34,2.11,-45.08,2.03,-45.15,775,2001,2.03,-45.15
111152,0.7217,0.0260,0.7071,-0.17,5.84,0.17,2.11,-45.56,5.77,-44.23,2.10,-45.03,2.02,-45.07,775,2001,2.02,-45.07
111172,0.7198,0.0265,0.7093,-0.31,8.44,0.04,2.14,-45.40,5.76,-44.09,2.08,-45.01,2.00,-44.99,775,1997,2.00,-44.99
111192,0.7121,0.0242,0.7254,-0.11,8.71,0.18,1.91,-44.45,5.76,-43.91,2.07,-44.81,1.99,-44.81,773,1995,1.99,-44.81
111212,0.7103,0.0250,0.7275,-0.09,7.06,0.19,1.97,-44.30,5.76,-43.75,2.05,-44.59,1.97,-44.62,772,1995,1.97,-44.62
111232,0.7129,0.0241,0.7131,-0.23,6.15,0.15,1.93,-44.98,5.75,-43.63,2.03,-44.48,1.96,-44.50,772,1996,1.96,-44.50
111252,0.7116,0.0234,0.7133,-0.37,9.16,0.24,1.88,-44.92,5.75,-43.47,2.01,-44.45,1.94,-44.41,773,1998,1.94,-44.41
111272,0.7023,0.0230,0.7420,-0.13,9.10,0.17,1.78,-43.41,5.74,-43.28,1.99,-44.19,1.92,-44.19,779,1996,1.92,-44.19
111292,0.7020,0.0233,0.7377,0.05,5.03,0.23,1.81,-43.57,5.74,-43.14,1.97,-43.91,1.90,-43.97,779,1996,1.90,-43.97
111312,0.7056,0.0232,0.7161,-0.14,4.78,0.35,1.85,-44.56,5.74,-43.05,1.95,-43.88,1.89,-43.90,772,1995,1.89,-43.90
111332,0.7053,0.0238,0.7133,-0.21,8.29,0.27,1.91,-44.66,5.74,-42.92,1.95,-43.91,1.88,-43.86,772,1995,1.88,-43.86
111352,0.7018,0.0254,0.7229,-0.37,10.95,0.33,2.01,-44.14,5.73,-42.72,1.95,-43.79,1.88,-43.72,775,1999,1.88,-43.72
111372,0.6980,0.0233,0.7248,-0.41,13.81,0.40,1.84,-43.91,5.72,-42.47,1.95,-43.61,1.87,-43.52,779,2002,1.87,-43.52
111392,0.6905,0.0239,0.7599,-0.29,14.44,0.40,1.81,-42.25,5.72,-42.18,1.92,-43.26,1.84,-43.21,779,2001,1.84,-43.21
111412,0.6851,0.0246,0.7738,-0.04,8.12,0.28,1.82,-41.51,5.71,-41.95,1.90,-42.75,1.83,-42.83,779,1996,1.83,-42.83
111432,0.6892,0.0224,0.7418,-0.06,3.67,0.15,1.73,-42.88,5.71,-41.85,1.87,-42.55,1.81,-42.66,780,1998,1.81,-42.66
111452,0.6882,0.0244,0.7338,-0.02,6.48,0.17,1.90,-43.15,5.71,-41.75,1.88,-42.61,1.81,-42.64,780,1999,1.81,-42.64
111472,0.6852,0.0242,0.7517,-0.21,6.94,0.19,1.84,-42.34,5.71,-41.61,1.88,-42.50,1.81,-42.52,782,1996,1.81,-42.52
111491,0.6802,0.0242,0.7680,-0.08,3.43,0.03,1.80,-41.52,5.71,-41.50,1.87,-42.26,1.80,-42.33,780,1994,1.80,-42.33
111511,0.6824,0.0239,0.7579,0.15,-0.64,-0.01,1.81,-41.98,5.71,-41.48,1.87,-42.12,1.79,-42.23,781,1995,1.79,-42.23
111531,0.6840,0.0254,0.7294,-0.01,-0.98,0.08,2.00,-43.14,5.71,-41.51,1.87,-42.22,1.79,-42.29,780,1997,1.79,-42.29
111551,0.6865,0.0258,0.7178,-0.18,4.94,0.14,2.06,-43.71,5.71,-41.47,1.89,-42.47,1.80,-42.40,780,1999,1.80,-42.40
111571,0.6813,0.0230,0.7476,-0.34,9.53,0.24,1.76,-42.33,5.71,-41.31,1.88,-42.43,1.79,-42.33,780,1998,1.79,-42.33
111591,0.6721,0.0230,0.7713,-0.12,7.34,0.28,1.71,-41.06,5.70,-41.13,1.87,-42.10,1.78,-42.07,780,1998,1.78,-42.07
111611,0.6772,0.0223,0.7610,-0.07,3.52,0.20,1.68,-41.65,5.71,-41.03,1.84,-41.87,1.77,-41.91,780,1998,1.77,-41.91
111631,0.6772,0.0232,0.7530,0.11,2.40,0.20,1.76,-41.95,5.71,-40.98,1.83,-41.80,1.76,-41.84,780,1999,1.76,-41.84
111651,0.6775,0.0246,0.7374,-0.13,3.47,0.08,1.91,-42.56,5.71,-40.92,1.81,-41.82,1.75,-41.82,780,1998,1.75,-41.82
111671,0.6761,0.0230,0.7596,-0.08,6.09,0.30,1.74,-41.66,5.70,-40.82,1.82,-41.80,1.75,-41.77,778,1998,1.75,-41.77
111691,0.6716,0.0226,0.7790,0.09,3.40,0.08,1.66,-40.75,5.70,-40.72,1.82,-41.57,1.75,-41.60,780,1997,1.75,-41.60
111711,0.6760,0.0234,0.7545,-0.11,1.55,0.07,1.78,-41.85,5.70,-40.68,1.82,-41.51,1.74,-41.54,780,1997,1.74,-41.54
111731,0.6733,0.0241,0.7528,-0.07,2.94,0.09,1.84,-41.80,5.70,-40.63,1.82,-41.53,1.74,-41.53,780,2001,1.74,-41.53
111751,0.6722,0.0230,0.7670,0.07,2.40,0.18,1.72,-41.22,5.70,-40.57,1.80,-41.43,1.73,-41.45,778,1997,1.73,-41.45
111771,0.6725,0.0221,0.7485,-0.05,2.10,0.11,1.69,-41.92,5.70,-40.54,1.79,-41.42,1.73,-41.43,780,1998,1.73,-41.43
111791,0.6716,0.0228,0.7520,-0.04,4.75,0.24,1.74,-41.76,5.70,-40.47,1.80,-41.45,1.73,-41.42,779,1997,1.73,-41.42
111811,0.6675,0.0224,0.7743,0.02,4.28,0.17,1.66,-40.75,5.70,-40.37,1.79,-41.29,1.72,-41.29,781,1999,1.72,-41.29
111831,0.6683,0.0232,0.7636,-0.16,1.57,0.04,1.74,-41.18,5.70,-40.32,1.79,-41.16,1.72,-41.19,779,1999,1.72,-41.19
111851,0.6668,0.0222,0.7591,-0.04,1.25,0.10,1.67,-41.28,5.70,-40.29,1.78,-41.15,1.71,-41.17,781,1995,1.71,-41.17
111871,0.6700,0.0229,0.7583,-0.02,1.52,0.17,1.73,-41.45,5.70,-40.26,1.79,-41.15,1.72,-41.16,781,1996,1.72,-41.16
111891,0.6660,0.0227,0.7624,-0.02,1.84,0.14,1.70,-41.13,5.70,-40.23,1.78,-41.13,1.71,-41.13,781,1997,1.71,-41.13
111911,0.6660,0.0217,0.7579,-0.06,1.64,0.08,1.64,-41.29,5.70,-40.20,1.77,-41.10,1.70,-41.10,781,1996,1.70,-41.10
111931,0.6633,0.0227,0.7652,-0.05,2.48,0.07,1.70,-40.91,5.70,-40.15,1.76,-41.08,1.70,-41.07,781,1998,1.70,-41.07
111951,0.6635,0.0227,0.7668,-0.01,2.64,0.14,1.69,-40.86,5.70,-40.10,1.76,-41.03,1.69,-41.02,781,2002,1.69,-41.02
111971,0.6662,0.0252,0.7579,-0.03,2.89,0.08,1.91,-41.30,5.70,-40.05,1.77,-41.00,1.70,-40.98,782,1998,1.70,-40.98
111991,0.6646,0.0230,0.7629,-0.11,4.93,0.14,1.73,-41.05,5.70,-39.97,1.77,-40.97,1.70,-40.94,781,2001,1.70,-40.94
112011,0.6577,0.0231,0.7821,0.00,3.56,0.05,1.69,-40.05,5.70,-39.88,1.74,-40.80,1.69,-40.80,781,1996,1.69,-40.80
112031,0.6583,0.0246,0.7750,0.13,0.50,0.22,1.82,-40.33,5.70,-39.84,1.76,-40.65,1.69,-40.70,782,1997,1.69,-40.70
112051,0.6613,0.0250,0.7594,0.08,-0.58,0.03,1.88,-41.04,5.70,-39.85,1.75,-40.66,1.69,-40.71,781,2002,1.69,-40.71
112071,0.6644,0.0244,0.7447,-0.15,3.38,0.15,1.87,-41.72,5.70,-39.82,1.76,-40.81,1.70,-40.78,782,1998,1.70,-40.78
112091,0.6612,0.0254,0.7630,-0.22,7.26,0.24,1.90,-40.89,5.70,-39.71,1.77,-40.79,1.70,-40.72,781,2001,1.70,-40.72
112111,0.6592,0.0239,0.7829,-0.14,6.52,0.27,1.75,-40.09,5.69,-39.56,1.77,-40.58,1.70,-40.55,781,1995,1.70,-40.55
112131,0.6515,0.0246,0.7977,0.21,3.00,0.22,1.77,-39.23,5.69,-39.47,1.75,-40.30,1.69,-40.35,782,2001,1.69,-40.35
112151,0.6548,0.0219,0.7809,0.21,-2.26,-0.01,1.61,-39.97,5.70,-39.47,1.73,-40.13,1.68,-40.25,779,2002,1.68,-40.25
112171,0.6572,0.0246,0.7531,0.05,-1.93,-0.00,1.87,-41.10,5.70,-39.52,1.73,-40.28,1.68,-40.34,779,2000,1.68,-40.34
112191,0.6611,0.0227,0.7467,-0.05,3.43,0.16,1.74,-41.50,5.70,-39.50,1.73,-40.50,1.68,-40.45,779,1995,1.68,-40.45
112211,0.6554,0.0239,0.7687,-0.24,7.02,0.14,1.78,-40.44,5.69,-39.39,1.74,-40.47,1.68,-40.40,779,1995,1.68,-40.40
112231,0.6483,0.0239,0.7941,0.02,5.78,0.23,1.72,-39.21,5.69,-39.25,1.74,-40.20,1.68,-40.20,779,2001,1.68,-40.20
112251,0.6484,0.0224,0.8000,0.19,0.45,0.06,1.61,-39.01,5.70,-39.19,1.72,-39.93,1.67,-40.02,779,1995,1.67,-40.02
112271,0.6524,0.0243,0.7811,0.31,-3.63,-0.02,1.78,-39.86,5.70,-39.23,1.71,-39.88,1.67,-40.00,779,1996,1.67,-39.99
112291,0.6572,0.0230,0.7639,0.14,-3.30,-0.02,1.72,-40.69,5.71,-39.31,1.71,-40.05,1.67,-40.11,779,2002,1.67,-40.11
112311,0.6591,0.0220,0.7501,0.01,-0.02,-0.10,1.68,-41.29,5.71,-39.35,1.71,-40.27,1.67,-40.24,779,2002,1.67,-40.24
112331,0.6536,0.0229,0.7713,-0.08,2.85,-0.01,1.70,-40.26,5.71,-39.31,1.73,-40.32,1.68,-40.26,779,2001,1.67,-40.26
112351,0.6513,0.0238,0.7876,0.07,1.39,0.01,1.73,-39.58,5.70,-39.26,1.72,-40.18,1.67,-40.16,782,1995,1.67,-40.16
112371,0.6519,0.0235,0.7803,0.11,-1.06,0.02,1.72,-39.87,5.71,-39.26,1.72,-40.09,1.67,-40.12,779,1998,1.67,-40.12
112391,0.6561,0.0257,0.7635,0.08,-1.50,-0.05,1.93,-40.66,5.71,-39.29,1.73,-40.16,1.68,-40.17,779,1997,1.68,-40.17
112411,0.6580,0.0241,0.7525,-0.04,1.36,0.14,1.84,-41.15,5.71,-39.30,1.74,-40.31,1.69,-40.25,782,1997,1.69,-40.25
112431,0.6512,0.0239,0.7815,-0.03,4.22,0.01,1.75,-39.79,5.71,-39.23,1.73,-40.30,1.68,-40.23,780,1998,1.68,-40.23
112451,0.6479,0.0239,0.7946,0.20,0.58,0.10,1.72,-39.18,5.71,-39.18,1.73,-40.07,1.68,-40.08,781,1998,1.68,-40.08
112470,0.6551,0.0243,0.7613,-0.10,-0.96,0.05,1.83,-40.70,5.71,-39.20,1.74,-40.09,1.69,-40.10,781,2001,1.69,-40.10
112490,0.6533,0.0234,0.7727,-0.05,1.65,-0.08,1.73,-40.20,5.71,-39.18,1.73,-40.17,1.68,-40.14,780,2000,1.68,-40.14
112510,0.6512,0.0223,0.7761,-0.04,1.36,0.11,1.65,-39.99,5.71,-39.15,1.73,-40.11,1.68,-40.10,780,2001,1.68,-40.10
112530,0.6494,0.0242,0.7758,-0.02,0.58,0.02,1.79,-39.92,5.71,-39.13,1.72,-40.06,1.68,-40.07,780,1999,1.68,-40.07
112550,0.6507,0.0207,0.7828,0.07,0.40,0.11,1.52,-39.73,5.71,-39.12,1.71,-40.02,1.67,-40.04,780,1998,1.67,-40.04
112570,0.6514,0.0228,0.7817,0.08,-1.22,-0.00,1.67,-39.79,5.71,-39.13,1.68,-39.98,1.66,-40.02,780,1998,1.66,-40.02
112590,0.6536,0.0225,0.7697,0.00,-1.48,-0.08,1.68,-40.32,5.71,-39.16,1.69,-40.02,1.66,-40.05,780,1995,1.66,-40.05
112610,0.6541,0.0248,0.7611,-0.02,1.11,0.05,1.87,-40.66,5.71,-39.17,1.68,-40.13,1.66,-40.11,780,1998,1.66,-40.11
112630,0.6504,0.0225,0.7756,0.00,2.83,0.04,1.66,-39.97,5.71,-39.12,1.69,-40.11,1.66,-40.08,779,2000,1.66,-40.08
112650,0.6497,0.0219,0.7792,-0.02,2.42,0.08,1.61,-39.81,5.71,-39.07,1.69,-40.02,1.66,-40.01,779,1998,1.66,-40.01
112670,0.6491,0.0233,0.7764,-0.01,1.42,0.07,1.72,-39.88,5.71,-39.03,1.68,-39.95,1.65,-39.96,780,1994,1.65,-39.96
112690,0.6465,0.0238,0.7795,-0.08,-0.06,-0.05,1.75,-39.66,5.71,-39.01,1.69,-39.89,1.66,-39.91,780,1998,1.66,-39.91
112710,0.6506,0.0220,0.7747,-0.09,0.78,-0.07,1.63,-40.01,5.71,-39.01,1.70,-39.92,1.66,-39.93,781,1998,1.66,-39.93
112730,0.6500,0.0211,0.7828,0.07,1.11,0.07,1.54,-39.70,5.71,-38.98,1.70,-39.88,1.66,-39.90,781,1998,1.66,-39.90
112750,0.6502,0.0215,0.7722,0.02,-0.10,-0.04,1.59,-40.09,5.71,-38.98,1.69,-39.85,1.66,-39.88,780,1998,1.66,-39.88
112770,0.6522,0.0213,0.7682,0.04,1.58,-0.03,1.59,-40.32,5.71,-38.96,1.69,-39.92,1.65,-39.91,778,1997,1.65,-39.91
112790,0.6481,0.0221,0.7795,-0.02,2.71,0.01,1.62,-39.73,5.71,-38.92,1.67,-39.90,1.64,-39.88,781,2000,1.64,-39.88
112810,0.6466,0.0241,0.7778,-0.07,2.05,-0.06,1.77,-39.72,5.71,-38.87,1.67,-39.82,1.64,-39.81,781,2001,1.64,-39.81
112830,0.6478,0.0230,0.7790,0.02,2.09,0.07,1.69,-39.73,5.71,-38.83,1.67,-39.79,1.64,-39.78,779,2000,1.64,-39.78
112850,0.6466,0.0242,0.7828,0.01,1.97,0.08,1.77,-39.54,5.71,-38.79,1.67,-39.72,1.64,-39.73,781,1998,1.64,-39.73
112870,0.6440,0.0238,0.7859,0.11,1.28,0.08,1.74,-39.32,5.71,-38.75,1.68,-39.63,1.65,-39.66,781,1997,1.65,-39.66
112890,0.6468,0.0236,0.7812,0.03,-0.03,-0.00,1.73,-39.61,5.71,-38.74,1.67,-39.57,1.64,-39.62,781,1998,1.64,-39.62
112910,0.6452,0.0236,0.7708,-0.03,-0.58,0.06,1.75,-39.92,5.71,-38.75,1.68,-39.61,1.65,-39.64,781,1997,1.65,-39.64
112930,0.6483,0.0238,0.7755,0.08,0.82,0.01,1.76,-39.88,5.71,-38.75,1.68,-39.65,1.65,-39.66,781,1997,1.65,-39.66
112950,0.6459,0.0228,0.7699,-0.05,2.37,0.07,1.70,-39.98,5.71,-38.72,1.68,-39.67,1.65,-39.66,781,2002,1.65,-39.65
112970,0.6429,0.0238,0.7868,-0.15,2.39,0.01,1.73,-39.24,5.71,-38.67,1.68,-39.61,1.65,-39.60,781,2000,1.65,-39.60
112990,0.6420,0.0214,0.7917,0.05,-0.32,0.03,1.55,-39.03,5.71,-38.64,1.67,-39.46,1.64,-39.51,782,1999,1.64,-39.51
113010,0.6437,0.0252,0.7740,0.05,-1.03,-0.02,1.87,-39.74,5.71,-38.67,1.68,-39.49,1.65,-39.53,782,1997,1.65,-39.53
113030,0.6481,0.0233,0.7762,0.07,0.37,0.05,1.72,-39.85,5.71,-38.67,1.69,-39.56,1.66,-39.57,782,1998,1.66,-39.57
113050,0.6462,0.0227,0.7829,0.01,1.60,0.11,1.66,-39.52,5.71,-38.65,1.68,-39.58,1.65,-39.57,781,1997,1.65,-39.57
113070,0.6441,0.0217,0.7861,-0.21,1.29,0.01,1.58,-39.32,5.71,-38.62,1.66,-39.53,1.64,-39.52,782,2002,1.64,-39.52
113090,0.6443,0.0225,0.7845,-0.08,0.39,0.07,1.65,-39.38,5.71,-38.60,1.65,-39.47,1.63,-39.49,779,1995,1.63,-39.49
113110,0.6429,0.0222,0.7772,0.01,1.20,0.04,1.64,-39.59,5.71,-38.59,1.65,-39.49,1.63,-39.49,779,1997,1.63,-39.49
113130,0.6416,0.0236,0.7913,0.02,1.02,-0.02,1.71,-39.02,5.71,-38.56,1.66,-39.44,1.64,-39.45,779,2001,1.64,-39.45
113150,0.6413,0.0216,0.7786,0.04,-0.69,0.06,1.59,-39.47,5.71,-38.56,1.65,-39.38,1.63,-39.41,779,1995,1.63,-39.41
113170,0.6462,0.0229,0.7703,-0.05,0.95,0.06,1.70,-39.98,5.71,-38.56,1.65,-39.45,1.63,-39.45,779,2001,1.63,-39.45
113190,0.6406,0.0234,0.7943,0.03,1.61,0.04,1.69,-38.87,5.71,-38.53,1.67,-39.42,1.64,-39.42,779,1996,1.64,-39.42
113210,0.6402,0.0226,0.7940,0.11,-1.81,-0.00,1.63,-38.87,5.71,-38.53,1.66,-39.29,1.64,-39.34,779,1999,1.64,-39.34
113230,0.6408,0.0228,0.7819,0.16,-2.93,0.04,1.67,-39.33,5.72,-38.58,1.67,-39.33,1.64,-39.38,779,2002,1.64,-39.38
113250,0.6471,0.0216,0.7661,-0.03,-1.22,-0.02,1.61,-40.18,5.72,-38.63,1.67,-39.49,1.65,-39.48,779,1997,1.65,-39.48
113270,0.6441,0.0221,0.7807,0.05,0.81,0.05,1.62,-39.51,5.72,-38.63,1.66,-39.56,1.64,-39.52,779,2000,1.64,-39.52
113290,0.6449,0.0239,0.7826,0.07,0.24,0.15,1.75,-39.47,5.72,-38.62,1.67,-39.51,1.64,-39.49,779,1997,1.64,-39.49
113310,0.6445,0.0233,0.7860,0.10,0.45,0.09,1.70,-39.34,5.72,-38.61,1.66,-39.51,1.64,-39.49,779,1998,1.64,-39.49
113330,0.6445,0.0223,0.7815,0.11,-0.57,0.17,1.63,-39.50,5.72,-38.62,1.67,-39.48,1.65,-39.48,782,1996,1.65,-39.48
113350,0.6447,0.0241,0.7717,-0.07,0.08,0.01,1.79,-39.86,5.72,-38.62,1.67,-39.54,1.65,-39.52,779,1998,1.65,-39.52
113370,0.6440,0.0226,0.7770,-0.14,1.65,-0.02,1.67,-39.64,5.72,-38.61,1.67,-39.57,1.65,-39.53,781,1997,1.65,-39.53
113390,0.6422,0.0232,0.7822,-0.14,2.26,0.12,1.70,-39.37,5.72,-38.56,1.66,-39.53,1.64,-39.49,779,1997,1.64,-39.49
113410,0.6393,0.0228,0.7805,-0.02,2.10,-0.01,1.67,-39.31,5.71,-38.52,1.66,-39.45,1.64,-39.43,780,1999,1.64,-39.43
113430,0.6429,0.0219,0.7821,-0.06,2.01,0.10,1.61,-39.41,5.71,-38.48,1.65,-39.40,1.64,-39.39,781,1999,1.64,-39.39
113449,0.6413,0.0208,0.7848,-0.09,1.89,0.10,1.52,-39.24,5.71,-38.44,1.64,-39.34,1.63,-39.34,780,2000,1.63,-39.34
113469,0.6406,0.0242,0.7876,0.05,2.58,0.15,1.76,-39.11,5.71,-38.39,1.64,-39.29,1.63,-39.29,780,1998,1.63,-39.29
113489,0.6410,0.0237,0.7888,-0.01,1.61,-0.00,1.72,-39.08,5.71,-38.35,1.64,-39.22,1.62,-39.23,780,1995,1.62,-39.23
113509,0.6397,0.0219,0.7800,0.03,1.47,0.04,1.61,-39.35,5.71,-38.32,1.62,-39.21,1.62,-39.21,780,1998,1.62,-39.21
113529,0.6418,0.0227,0.7809,0.09,3.09,0.11,1.66,-39.40,5.71,-38.28,1.63,-39.21,1.62,-39.19,776,1998,1.62,-39.19
113549,0.6348,0.0230,0.7988,0.16,1.72,0.05,1.65,-38.46,5.71,-38.22,1.62,-39.07,1.61,-39.09,780,1999,1.62,-39.09
113569,0.6371,0.0216,0.7910,0.07,-0.59,0.04,1.56,-38.84,5.72,-38.22,1.63,-39.00,1.62,-39.05,780,2000,1.62,-39.05
113589,0.6421,0.0229,0.7759,0.04,-0.55,-0.00,1.69,-39.59,5.72,-38.23,1.63,-39.05,1.62,-39.08,780,1997,1.62,-39.08
113609,0.6381,0.0226,0.7745,0.04,0.55,-0.08,1.67,-39.47,5.72,-38.23,1.62,-39.11,1.61,-39.10,780,1998,1.61,-39.10
113629,0.6395,0.0227,0.7784,-0.07,2.79,0.01,1.67,-39.39,5.72,-38.19,1.63,-39.17,1.62,-39.13,780,1997,1.62,-39.13
113649,0.6354,0.0227,0.7989,0.05,2.48,-0.03,1.63,-38.49,5.72,-38.13,1.63,-39.07,1.62,-39.05,780,1997,1.62,-39.05
113669,0.6363,0.0215,0.7937,0.02,-0.50,0.04,1.55,-38.71,5.72,-38.12,1.63,-38.94,1.62,-38.97,780,1998,1.62,-38.97
113689,0.6379,0.0209,0.7825,0.05,-0.77,0.14,1.53,-39.18,5.72,-38.14,1.63,-38.98,1.62,-39.00,781,1998,1.62,-39.00
113709,0.6388,0.0229,0.7787,0.10,-0.15,-0.05,1.69,-39.35,5.72,-38.15,1.62,-39.03,1.61,-39.03,781,1997,1.61,-39.03
113729,0.6381,0.0223,0.7781,-0.01,1.56,0.05,1.64,-39.34,5.73,-38.13,1.63,-39.08,1.62,-39.05,781,1999,1.62,-39.05
113749,0.6366,0.0217,0.7853,0.02,2.53,0.08,1.58,-39.02,5.73,-38.09,1.63,-39.04,1.62,-39.01,781,1999,1.62,-39.01
113769,0.6355,0.0211,0.7868,0.06,2.54,0.11,1.53,-38.92,5.73,-38.04,1.63,-38.99,1.62,-38.96,781,2001,1.62,-38.96
113789,0.6351,0.0225,0.7952,-0.01,2.02,0.13,1.62,-38.60,5.73,-37.99,1.62,-38.91,1.61,-38.90,781,1995,1.61,-38.90
113809,0.6324,0.0232,0.7940,0.00,0.65,0.08,1.67,-38.52,5.73,-37.96,1.62,-38.83,1.61,-38.85,781,1997,1.61,-38.85
113829,0.6321,0.0244,0.7882,-0.03,-0.10,0.05,1.78,-38.71,5.73,-37.96,1.63,-38.80,1.61,-38.83,781,1997,1.61,-38.83
113849,0.6359,0.0246,0.7860,0.09,-0.24,-0.02,1.79,-38.96,5.73,-37.96,1.64,-38.82,1.62,-38.84,781,1997,1.62,-38.84
113869,0.6321,0.0227,0.7919,0.10,0.25,0.07,1.64,-38.59,5.73,-37.96,1.65,-38.84,1.63,-38.84,781,1997,1.63,-38.84
113889,0.6351,0.0242,0.7874,0.05,-0.54,-0.05,1.76,-38.88,5.73,-37.97,1.66,-38.83,1.63,-38.84,781,1998,1.63,-38.84
113909,0.6366,0.0222,0.7807,0.05,0.74,-0.02,1.63,-39.18,5.73,-37.96,1.65,-38.88,1.63,-38.87,781,2002,1.63,-38.87
113929,0.6360,0.0232,0.7803,-0.14,2.33,0.11,1.70,-39.17,5.73,-37.93,1.66,-38.91,1.64,-38.87,781,1997,1.64,-38.87
113949,0.6361,0.0205,0.7887,0.10,4.10,0.21,1.49,-38.88,5.73,-37.86,1.65,-38.86,1.63,-38.82,782,1997,1.63,-38.82
113969,0.6302,0.0225,0.7930,-0.09,3.35,0.14,1.63,-38.47,5.73,-37.79,1.63,-38.73,1.62,-38.72,781,2002,1.62,-38.72
113989,0.6330,0.0228,0.7730,-0.15,4.55,0.17,1.69,-39.30,5.73,-37.71,1.63,-38.69,1.62,-38.66,781,1997,1.62,-38.66
114009,0.6267,0.0222,0.7965,-0.04,7.72,0.27,1.59,-38.18,5.72,-37.58,1.64,-38.61,1.62,-38.57,782,1998,1.62,-38.57
114029,0.6275,0.0219,0.8028,-0.10,6.01,0.11,1.56,-38.00,5.73,-37.44,1.63,-38.37,1.62,-38.38,781,2001,1.62,-38.38
114049,0.6272,0.0191,0.7863,-0.27,4.45,0.14,1.39,-38.57,5.72,-37.34,1.62,-38.23,1.61,-38.26,779,1998,1.61,-38.26
114069,0.6236,0.0212,0.7877,-0.15,6.68,0.17,1.54,-38.35,5.72,-37.23,1.60,-38.19,1.60,-38.18,779,1995,1.60,-38.18
114089,0.6220,0.0215,0.8029,-0.09,7.32,0.18,1.53,-37.75,5.71,-37.09,1.60,-38.02,1.59,-38.02,779,2001,1.59,-38.02
114109,0.6180,0.0197,0.8219,0.09,4.08,0.14,1.37,-36.93,5.71,-36.97,1.57,-37.78,1.58,-37.84,779,1996,1.58,-37.84
114129,0.6124,0.0209,0.8296,0.31,-1.58,-0.07,1.45,-36.43,5.72,-36.95,1.56,-37.55,1.57,-37.69,779,2001,1.57,-37.69
114149,0.6236,0.0210,0.8017,0.27,-6.92,-0.08,1.50,-37.87,5.72,-37.05,1.57,-37.55,1.58,-37.71,779,1996,1.58,-37.71
114169,0.6312,0.0225,0.7618,0.11,-3.15,-0.06,1.69,-39.63,5.73,-37.16,1.58,-37.91,1.58,-37.94,779,1997,1.58,-37.94
114189,0.6307,0.0231,0.7762,-0.15,4.16,-0.01,1.70,-39.08,5.73,-37.14,1.61,-38.17,1.60,-38.08,779,1995,1.60,-38.08
114209,0.6191,0.0230,0.8005,-0.34,5.92,0.09,1.65,-37.71,5.72,-37.03,1.62,-38.06,1.60,-37.98,779,2002,1.60,-37.98
114229,0.6177,0.0233,0.8053,-0.12,5.44,0.14,1.66,-37.48,5.72,-36.91,1.62,-37.88,1.60,-37.84,779,1995,1.60,-37.84
114249,0.6153,0.0232,0.8092,0.03,3.84,0.05,1.64,-37.24,5.72,-36.82,1.62,-37.70,1.60,-37.70,781,1995,1.60,-37.70
114269,0.6187,0.0227,0.8038,0.13,3.18,0.17,1.62,-37.58,5.72,-36.76,1.60,-37.61,1.59,-37.62,779,1998,1.59,-37.62
114289,0.6156,0.0214,0.8022,-0.14,1.63,0.01,1.53,-37.49,5.72,-36.71,1.59,-37.52,1.59,-37.55,779,1998,1.59,-37.55
114309,0.6156,0.0233,0.8027,-0.04,2.64,0.11,1.67,-37.48,5.72,-36.67,1.59,-37.54,1.58,-37.53,781,1996,1.58,-37.53
114329,0.6180,0.0233,0.7909,-0.29,4.60,0.01,1.69,-37.99,5.71,-36.60,1.59,-37.55,1.58,-37.51,779,1997,1.58,-37.51
114349,0.6138,0.0228,0.7924,-0.20,7.82,0.13,1.65,-37.75,5.71,-36.47,1.60,-37.50,1.58,-37.43,779,2001,1.58,-37.43
114369,0.6127,0.0202,0.7990,-0.28,9.66,0.07,1.45,-37.47,5.71,-36.29,1.58,-37.34,1.57,-37.28,780,1999,1.57,-37.28
114389,0.6085,0.0208,0.8101,-0.25,10.36,0.10,1.47,-36.90,5.70,-36.09,1.55,-37.13,1.55,-37.08,779,1998,1.55,-37.08
114409,0.6017,0.0234,0.8201,-0.25,8.98,-0.02,1.63,-36.26,5.70,-35.89,1.54,-36.85,1.54,-36.84,780,1999,1.54,-36.84
114429,0.5995,0.0205,0.8155,-0.26,6.68,-0.02,1.44,-36.31,5.69,-35.74,1.53,-36.60,1.53,-36.63,780,1999,1.53,-36.63
114448,0.5994,0.0223,0.8221,-0.08,5.71,0.01,1.55,-36.09,5.69,-35.61,1.52,-36.43,1.52,-36.48,780,1998,1.52,-36.48
114468,0.5978,0.0224,0.8236,-0.03,3.34,0.14,1.56,-35.96,5.69,-35.52,1.51,-36.27,1.51,-36.34,781,1999,1.51,-36.34
114488,0.6026,0.0185,0.7993,-0.11,3.21,-0.03,1.33,-37.00,5.69,-35.46,1.50,-36.25,1.51,-36.30,780,1999,1.51,-36.30
114508,0.6020,0.0201,0.7876,-0.43,7.71,0.11,1.46,-37.38,5.68,-35.35,1.50,-36.34,1.50,-36.29,780,1998,1.50,-36.29
114528,0.5965,0.0234,0.8045,-0.38,12.61,0.18,1.67,-36.54,5.67,-35.13,1.51,-36.27,1.50,-36.17,780,1998,1.50,-36.17
114548,0.5900,0.0194,0.8260,-0.18,13.28,0.18,1.35,-35.53,5.67,-34.87,1.51,-35.95,1.50,-35.89,780,1998,1.50,-35.89
114568,0.5853,0.0197,0.8261,-0.23,11.93,0.19,1.37,-35.31,5.66,-34.62,1.49,-35.63,1.49,-35.61,780,1998,1.49,-35.61
114588,0.5819,0.0206,0.8327,-0.12,10.49,0.05,1.42,-34.94,5.66,-34.40,1.48,-35.32,1.47,-35.34,780,1998,1.47,-35.34
114608,0.5788,0.0217,0.8378,-0.12,8.00,0.15,1.48,-34.63,5.66,-34.21,1.47,-35.05,1.46,-35.10,781,1999,1.46,-35.10
114628,0.5792,0.0197,0.8305,0.00,5.88,0.04,1.36,-34.89,5.66,-34.08,1.46,-34.88,1.46,-34.94,780,1998,1.46,-34.94
114648,0.5809,0.0173,0.8141,-0.13,7.16,0.05,1.22,-35.50,5.65,-33.95,1.44,-34.83,1.45,-34.85,781,1994,1.45,-34.85
114668,0.5773,0.0218,0.8173,-0.15,10.38,0.07,1.53,-35.23,5.65,-33.78,1.44,-34.76,1.44,-34.73,780,2002,1.44,-34.73
114688,0.5729,0.0192,0.8212,-0.27,13.74,0.17,1.34,-34.89,5.65,-33.53,1.43,-34.59,1.43,-34.54,782,2001,1.43,-34.54
114708,0.5646,0.0219,0.8408,-0.20,15.18,0.06,1.49,-33.87,5.64,-33.24,1.42,-34.30,1.42,-34.25,783,1997,1.42,-34.25
114728,0.5568,0.0202,0.8591,-0.09,12.93,0.32,1.35,-32.94,5.64,-32.96,1.41,-33.86,1.41,-33.89,782,1997,1.41,-33.89
114748,0.5595,0.0231,0.8459,-0.17,9.03,0.01,1.56,-33.47,5.64,-32.74,1.42,-33.55,1.41,-33.62,782,1998,1.41,-33.62
114768,0.5611,0.0198,0.8279,-0.21,10.42,0.08,1.37,-34.12,5.63,-32.56,1.43,-33.46,1.41,-33.48,782,1998,1.41,-33.48
114788,0.5542,0.0238,0.8406,-0.18,13.51,0.26,1.62,-33.39,5.63,-32.31,1.42,-33.32,1.41,-33.29,782,1998,1.41,-33.29
114808,0.5464,0.0208,0.8602,-0.09,12.05,0.13,1.38,-32.42,5.63,-32.05,1.43,-32.98,1.41,-32.99,782,1998,1.41,-32.99
114828,0.5473,0.0200,0.8441,-0.22,10.56,0.05,1.36,-32.95,5.63,-31.83,1.41,-32.73,1.40,-32.75,782,1999,1.40,-32.75
114848,0.5491,0.0211,0.8308,-0.30,13.84,-0.11,1.46,-33.45,5.62,-31.59,1.40,-32.62,1.39,-32.58,782,1999,1.39,-32.58
114868,0.5403,0.0206,0.8555,-0.24,16.37,0.13,1.38,-32.26,5.61,-31.28,1.40,-32.35,1.39,-32.30,782,1998,1.39,-32.30
114888,0.5312,0.0217,0.8644,-0.21,15.15,0.24,1.44,-31.56,5.61,-30.96,1.40,-31.95,1.38,-31.94,782,1999,1.38,-31.94
114908,0.5330,0.0192,0.8516,-0.21,14.87,0.28,1.29,-32.04,5.61,-30.66,1.39,-31.64,1.38,-31.64,782,2000,1.38,-31.65
114928,0.5243,0.0208,0.8624,-0.26,16.26,0.16,1.38,-31.29,5.60,-30.35,1.37,-31.35,1.36,-31.35,782,1998,1.36,-31.35
114948,0.5145,0.0212,0.8885,-0.08,13.93,0.21,1.37,-30.07,5.60,-30.04,1.38,-30.93,1.36,-30.97,782,1998,1.36,-30.98
114968,0.5119,0.0172,0.8854,-0.01,9.29,0.21,1.11,-30.03,5.60,-29.82,1.36,-30.57,1.35,-30.66,783,1998,1.35,-30.67
114988,0.5176,0.0169,0.8509,-0.26,8.85,0.02,1.14,-31.31,5.59,-29.65,1.32,-30.46,1.33,-30.52,779,1998,1.33,-30.52
115008,0.5114,0.0184,0.8608,-0.31,13.49,-0.18,1.23,-30.71,5.59,-29.42,1.30,-30.39,1.31,-30.37,780,1994,1.31,-30.37
115028,0.5002,0.0193,0.8879,-0.14,12.96,0.03,1.25,-29.39,5.58,-29.15,1.30,-30.04,1.30,-30.06,780,2002,1.30,-30.06
115048,0.4974,0.0179,0.8785,-0.31,11.34,-0.09,1.17,-29.52,5.58,-28.91,1.27,-29.71,1.28,-29.76,780,1998,1.28,-29.76
115068,0.4978,0.0184,0.8651,-0.44,13.20,-0.55,1.22,-29.91,5.57,-28.67,1.24,-29.51,1.25,-29.54,780,1998,1.25,-29.54
115088,0.4947,0.0210,0.8808,-0.70,14.97,-0.86,1.37,-29.31,5.56,-28.38,1.21,-29.27,1.23,-29.28,780,1998,1.23,-29.28
115108,0.4898,0.0134,0.8589,-1.17,16.91,-1.47,0.89,-29.69,5.54,-28.07,1.17,-29.00,1.19,-28.99,780,1998,1.19,-28.99
115128,0.4786,0.0172,0.8769,-1.83,23.43,-2.83,1.12,-28.62,5.51,-27.66,1.10,-28.68,1.13,-28.63,780,1998,1.13,-28.63
115148,0.4748,0.0223,0.9014,-1.93,23.36,-2.87,1.42,-27.77,5.47,-27.18,1.09,-28.17,1.10,-28.14,780,1998,1.10,-28.14
115168,0.4668,0.0213,0.9019,-1.66,20.20,-2.49,1.35,-27.36,5.44,-26.75,1.13,-27.66,1.10,-27.67,777,1998,1.10,-27.67
115188,0.4591,0.0191,0.9008,-1.53,19.55,-2.54,1.22,-27.00,5.40,-26.36,1.12,-27.24,1.08,-27.26,773,1994,1.08,-27.26
115208,0.4543,0.0205,0.9078,-1.31,17.13,-1.99,1.29,-26.58,5.38,-25.99,1.13,-26.82,1.08,-26.86,773,1998,1.08,-26.86
115228,0.4508,0.0156,0.8909,-1.47,18.26,-2.29,1.00,-26.84,5.35,-25.64,1.09,-26.50,1.05,-26.52,773,1998,1.05,-26.52
115248,0.4451,0.0214,0.9128,-1.36,19.43,-2.20,1.35,-25.99,5.32,-25.26,1.10,-26.13,1.04,-26.14,775,1998,1.04,-26.14
115268,0.4395,0.0220,0.9174,-1.21,17.33,-1.92,1.37,-25.59,5.29,-24.89,1.11,-25.72,1.04,-25.75,780,1998,1.04,-25.75
115288,0.4373,0.0198,0.8922,-1.28,17.80,-1.94,1.27,-26.10,5.27,-24.55,1.12,-25.43,1.04,-25.43,774,1998,1.04,-25.43
115308,0.4294,0.0225,0.9064,-1.18,21.98,-1.98,1.42,-25.34,5.24,-24.14,1.11,-25.13,1.03,-25.09,779,1998,1.03,-25.09
115328,0.4195,0.0241,0.9272,-1.07,22.29,-1.63,1.49,-24.34,5.22,-23.69,1.15,-24.67,1.06,-24.64,779,1998,1.06,-24.64
115348,0.4120,0.0208,0.9309,-0.83,19.36,-0.89,1.28,-23.87,5.20,-23.28,1.17,-24.19,1.07,-24.19,779,1999,1.07,-24.19
115368,0.4060,0.0240,0.9380,-0.46,16.78,-0.39,1.47,-23.40,5.19,-22.91,1.18,-23.77,1.08,-23.79,770,1997,1.08,-23.79
115388,0.3968,0.0222,0.9480,-0.14,13.23,-0.06,1.34,-22.70,5.18,-22.62,1.18,-23.39,1.10,-23.44,771,1998,1.09,-23.44
115408,0.3953,0.0176,0.9486,-0.27,8.26,-0.17,1.07,-22.62,5.18,-22.41,1.16,-23.08,1.09,-23.17,771,1999,1.09,-23.17
115427,0.3963,0.0126,0.9203,-0.27,6.37,-0.59,0.78,-23.30,5.17,-22.28,1.13,-22.93,1.08,-23.01,769,1998,1.08,-23.02
115447,0.3966,0.0132,0.8991,-0.85,10.94,-1.91,0.84,-23.80,5.16,-22.11,1.06,-22.91,1.04,-22.92,779,1998,1.04,-22.92
115467,0.3919,0.0172,0.9029,-1.35,17.97,-2.53,1.09,-23.46,5.14,-21.81,1.03,-22.77,1.02,-22.71,771,1998,1.02,-22.71
115487,0.3807,0.0159,0.9287,-1.49,21.72,-2.91,0.98,-22.29,5.11,-21.40,1.00,-22.41,0.99,-22.33,770,1998,0.99,-22.33
115507,0.3719,0.0142,0.9297,-1.69,22.90,-3.45,0.87,-21.80,5.07,-20.95,0.96,-21.92,0.96,-21.87,769,1998,0.96,-21.87
115527,0.3617,0.0184,0.9346,-1.86,23.58,-3.83,1.13,-21.15,5.04,-20.49,0.94,-21.42,0.93,-21.39,770,1998,0.93,-21.39
115547,0.3622,0.0210,0.9360,-1.71,23.86,-3.57,1.29,-21.15,5.00,-20.01,0.95,-20.96,0.93,-20.93,770,1998,0.93,-20.93
115567,0.3547,0.0230,0.9463,-1.37,23.39,-2.53,1.39,-20.54,4.97,-19.54,1.00,-20.51,0.95,-20.47,769,1994,0.95,-20.47
115587,0.3404,0.0176,0.9480,-1.05,21.83,-1.85,1.07,-19.75,4.95,-19.09,1.02,-20.00,0.96,-19.99,771,1998,0.96,-19.99
115607,0.3312,0.0132,0.9402,-1.28,22.49,-2.41,0.81,-19.40,4.92,-18.65,0.97,-19.51,0.93,-19.52,769,1996,0.93,-19.52
115627,0.3283,0.0157,0.9499,-1.50,24.98,-3.08,0.95,-19.06,4.90,-18.17,0.92,-19.07,0.90,-19.07,772,2001,0.90,-19.07
115647,0.3226,0.0184,0.9457,-1.63,25.41,-3.41,1.11,-18.83,4.86,-17.67,0.90,-18.57,0.88,-18.56,773,1996,0.88,-18.57
115667,0.3170,0.0244,0.9425,-1.40,27.58,-2.34,1.48,-18.59,4.83,-17.14,0.96,-18.14,0.91,-18.10,773,1995,0.91,-18.10
115687,0.2982,0.0162,0.9360,-1.25,31.20,-1.34,0.99,-17.67,4.81,-16.55,0.99,-17.61,0.93,-17.55,773,1995,0.92,-17.55
115707,0.2847,0.0129,0.9468,-1.57,36.49,-2.38,0.78,-16.73,4.78,-15.87,0.92,-16.89,0.89,-16.85,767,1996,0.89,-16.85
115727,0.2679,0.0064,0.9677,-2.12,38.84,-4.31,0.38,-15.47,4.74,-15.10,0.81,-16.05,0.82,-16.05,766,1995,0.82,-16.05
115747,0.2618,0.0137,0.9539,-2.55,40.77,-5.67,0.82,-15.35,4.69,-14.31,0.74,-15.23,0.76,-15.24,770,1994,0.76,-15.24
115767,0.2507,0.0192,0.9347,-2.51,47.46,-5.47,1.18,-15.01,4.64,-13.43,0.76,-14.42,0.75,-14.40,771,2001,0.75,-14.40
115787,0.2359,0.0224,0.9613,-2.42,54.42,-4.63,1.33,-13.78,4.59,-12.39,0.81,-13.47,0.77,-13.42,772,1997,0.77,-13.42
115807,0.2139,0.0153,0.9264,-2.86,60.71,-4.20,0.95,-13.00,4.54,-11.25,0.82,-12.43,0.76,-12.34,772,1995,0.76,-12.34
115827,0.2041,0.0154,0.9064,-3.56,76.79,-4.73,0.97,-12.69,4.47,-9.87,0.76,-11.26,0.71,-11.10,772,1994,0.71,-11.10
115847,0.1411,0.0175,0.9980,-3.24,92.65,-4.12,1.00,-8.05,4.40,-8.15,0.77,-9.58,0.70,-9.43,772,1996,0.70,-9.43
115867,0.0942,0.0151,1.1820,-2.62,83.15,-2.25,0.73,-4.56,4.35,-6.33,0.77,-7.31,0.70,-7.37,767,1997,0.70,-7.37
115887,0.0410,0.0106,1.2412,-0.72,17.13,-0.67,0.49,-1.89,4.32,-5.29,0.72,-5.57,0.67,-5.92,765,2001,0.67,-5.93
115907,0.1146,0.0132,0.9711,-0.21,-9.26,-1.53,0.78,-6.73,4.31,-5.38,0.69,-5.55,0.66,-5.90,769,2002,0.66,-5.91
115927,0.1317,0.0144,0.9409,-0.07,6.00,-0.22,0.88,-7.97,4.31,-5.42,0.74,-5.99,0.70,-6.13,768,1996,0.70,-6.13
115947,0.0873,0.0095,1.0891,-1.08,7.43,0.11,0.50,-4.58,4.30,-5.21,0.74,-5.84,0.72,-5.93,763,1995,0.72,-5.94
115967,0.1086,0.0126,0.9976,-0.49,1.29,-0.75,0.72,-6.21,4.29,-5.17,0.68,-5.81,0.70,-5.89,764,2002,0.70,-5.89
115987,0.1056,0.0132,0.9970,-0.34,1.54,-0.18,0.76,-6.05,4.29,-5.15,0.69,-5.85,0.71,-5.88,766,1997,0.71,-5.88
116007,0.1092,0.0140,0.9894,-0.92,2.85,-0.33,0.81,-6.30,4.28,-5.11,0.69,-5.87,0.71,-5.87,768,1998,0.71,-5.87
116027,0.1013,0.0102,1.0011,-1.03,3.75,-0.18,0.59,-5.78,4.26,-5.03,0.66,-5.82,0.69,-5.81,763,2001,0.69,-5.81
116047,0.1013,0.0099,1.0002,-1.24,4.26,-0.50,0.57,-5.78,4.23,-4.95,0.63,-5.75,0.67,-5.74,763,2001,0.67,-5.74
116067,0.0998,0.0114,0.9996,-1.63,5.87,-0.66,0.65,-5.70,4.21,-4.86,0.61,-5.69,0.66,-5.66,763,2000,0.66,-5.66
116087,0.0970,0.0117,1.0037,-1.35,4.99,-0.60,0.67,-5.52,4.18,-4.74,0.57,-5.57,0.62,-5.54,763,1997,0.62,-5.54
116107,0.0932,0.0105,1.0030,-0.83,3.49,-0.53,0.60,-5.31,4.15,-4.66,0.56,-5.46,0.61,-5.44,763,2001,0.61,-5.44
116127,0.0952,0.0093,0.9976,-0.55,2.26,-0.45,0.53,-5.45,4.14,-4.61,0.55,-5.40,0.61,-5.38,764,1996,0.61,-5.38
116147,0.0937,0.0111,0.9937,-0.62,2.74,-0.41,0.64,-5.39,4.13,-4.56,0.53,-5.35,0.59,-5.33,764,1997,0.59,-5.33
116167,0.0927,0.0074,1.0021,-0.67,2.20,-0.42,0.42,-5.28,4.12,-4.50,0.52,-5.30,0.58,-5.28,765,1996,0.58,-5.28
116187,0.0941,0.0062,0.9986,-0.34,0.73,-1.25,0.36,-5.39,4.11,-4.47,0.49,-5.27,0.56,-5.25,764,1996,0.56,-5.25
116207,0.0944,0.0055,1.0004,-0.40,1.20,-2.11,0.31,-5.39,4.10,-4.46,0.45,-5.30,0.54,-5.26,763,1995,0.54,-5.26
116227,0.0969,0.0080,1.0100,-0.12,0.32,-2.80,0.45,-5.48,4.09,-4.44,0.43,-5.29,0.52,-5.25,763,1996,0.52,-5.25
116247,0.0915,0.0087,1.0109,1.07,-5.05,-3.24,0.49,-5.17,4.10,-4.48,0.45,-5.31,0.53,-5.28,763,1995,0.54,-5.28
116267,0.0962,0.0116,0.9956,1.53,-6.45,-2.48,0.67,-5.52,4.13,-4.61,0.51,-5.40,0.58,-5.39,763,2001,0.58,-5.39
116287,0.0993,0.0109,0.9922,1.05,-4.01,-2.00,0.63,-5.71,4.16,-4.71,0.57,-5.52,0.63,-5.50,763,1997,0.63,-5.50
116307,0.0990,0.0091,1.0012,0.90,-3.42,-2.48,0.52,-5.65,4.17,-4.78,0.58,-5.63,0.64,-5.59,763,2001,0.64,-5.59
116327,0.1011,0.0107,0.9943,0.64,-2.47,-2.56,0.62,-5.80,4.19,-4.84,0.60,-5.70,0.66,-5.66,763,1996,0.66,-5.66
116347,0.1303,0.0180,0.9252,-1.14,2.82,-3.05,1.11,-8.01,4.19,-4.86,0.63,-5.89,0.68,-5.78,770,2000,0.68,-5.78
116367,0.1151,0.0237,0.9098,-4.63,15.66,-1.90,1.49,-7.21,4.14,-4.69,0.65,-5.84,0.67,-5.69,769,2002,0.67,-5.69
116387,0.0721,0.0041,1.0333,-4.92,20.99,-0.46,0.23,-3.99,4.03,-4.25,0.54,-5.25,0.57,-5.19,764,1998,0.57,-5.19
116407,0.0516,0.0014,1.0722,-1.03,4.61,-0.08,0.08,-2.75,3.96,-3.98,0.41,-4.65,0.48,-4.74,764,1998,0.48,-4.74
116426,0.0845,0.0064,1.0041,2.77,-11.94,-0.21,0.37,-4.81,3.99,-4.12,0.40,-4.61,0.48,-4.75,765,2001,0.48,-4.75
116446,0.1026,0.0107,0.9718,2.24,-9.72,-0.03,0.63,-6.03,4.05,-4.35,0.47,-4.96,0.54,-5.03,764,1998,0.54,-5.03
116466,0.1005,0.0109,0.9768,-0.63,2.76,0.15,0.64,-5.87,4.06,-4.40,0.53,-5.25,0.58,-5.21,765,1998,0.58,-5.21
116486,0.0834,0.0064,1.0127,-1.24,4.98,0.07,0.36,-4.71,4.04,-4.30,0.49,-5.16,0.55,-5.12,764,1998,0.55,-5.12
116506,0.0815,0.0071,1.0114,0.48,-1.85,-0.04,0.40,-4.60,4.03,-4.27,0.46,-5.01,0.53,-5.03,765,1994,0.53,-5.03
116526,0.0963,0.0104,0.9887,0.65,-2.56,-0.06,0.60,-5.56,4.04,-4.33,0.48,-5.08,0.55,-5.09,765,1999,0.55,-5.09
116546,0.0950,0.0073,0.9926,-0.39,1.60,0.07,0.42,-5.47,4.05,-4.34,0.49,-5.17,0.55,-5.14,764,1997,0.55,-5.14
116566,0.0858,0.0077,1.0075,-0.35,1.69,0.05,0.44,-4.87,4.04,-4.29,0.47,-5.11,0.54,-5.09,765,1997,0.54,-5.09
116586,0.0891,0.0067,1.0040,0.24,-1.03,0.11,0.38,-5.07,4.04,-4.29,0.47,-5.07,0.54,-5.07,767,1995,0.54,-5.07
116606,0.0924,0.0093,0.9931,0.00,-0.38,-0.01,0.54,-5.32,4.04,-4.31,0.48,-5.12,0.54,-5.10,766,2000,0.54,-5.10
116626,0.0904,0.0114,0.9977,-0.27,0.93,0.05,0.65,-5.17,4.04,-4.30,0.50,-5.13,0.55,-5.10,767,1994,0.55,-5.10
116646,0.0865,0.0079,1.0030,-0.12,0.29,0.04,0.45,-4.93,4.03,-4.29,0.49,-5.09,0.54,-5.07,767,2001,0.54,-5.07
116666,0.0891,0.0088,1.0032,0.13,-0.51,0.03,0.50,-5.08,4.03,-4.29,0.48,-5.08,0.54,-5.07,767,1996,0.54,-5.07
116686,0.0899,0.0090,0.9975,-0.08,0.23,-0.08,0.51,-5.15,4.03,-4.29,0.49,-5.09,0.54,-5.08,766,2001,0.54,-5.08
116706,0.0885,0.0091,0.9994,-0.03,0.55,-0.05,0.52,-5.06,4.03,-4.28,0.48,-5.09,0.54,-5.07,766,1996,0.54,-5.07
116726,0.0893,0.0090,0.9988,-0.02,0.06,0.01,0.51,-5.11,4.03,-4.28,0.48,-5.08,0.54,-5.07,766,1996,0.54,-5.07
116746,0.0899,0.0063,0.9984,0.03,0.05,-0.02,0.36,-5.15,4.03,-4.28,0.46,-5.09,0.52,-5.07,765,2001,0.52,-5.07
116766,0.0894,0.0079,0.9964,-0.07,0.38,-0.08,0.45,-5.13,4.03,-4.27,0.46,-5.08,0.52,-5.07,765,1996,0.52,-5.07
116786,0.0875,0.0073,1.0019,-0.05,0.23,-0.05,0.42,-4.99,4.03,-4.27,0.46,-5.08,0.52,-5.06,766,2001,0.52,-5.06
116806,0.0893,0.0074,1.0035,-0.07,0.09,-0.08,0.42,-5.09,4.03,-4.26,0.45,-5.07,0.51,-5.06,763,1995,0.51,-5.05
116826,0.0893,0.0069,0.9977,-0.02,0.13,0.11,0.39,-5.12,4.03,-4.26,0.45,-5.07,0.51,-5.06,765,1997,0.51,-5.06
116846,0.0880,0.0076,0.9959,-0.05,0.23,0.05,0.44,-5.05,4.03,-4.26,0.46,-5.08,0.51,-5.06,765,2000,0.51,-5.06
116866,0.0885,0.0087,1.0004,-0.08,0.28,0.10,0.50,-5.06,4.03,-4.25,0.45,-5.06,0.50,-5.05,763,1996,0.50,-5.05
116886,0.0909,0.0077,0.9914,-0.22,0.89,-0.10,0.45,-5.24,4.03,-4.25,0.46,-5.06,0.50,-5.05,763,1996,0.50,-5.05
116906,0.0886,0.0093,0.9963,-1.16,4.81,0.19,0.54,-5.08,4.01,-4.18,0.45,-5.05,0.49,-5.02,763,1997,0.49,-5.02
116926,0.0797,0.0082,1.0119,-0.91,3.78,0.08,0.46,-4.50,3.99,-4.09,0.44,-4.92,0.47,-4.91,763,1999,0.47,-4.90
116946,0.0853,0.0084,1.0031,-0.18,0.67,-0.01,0.48,-4.86,3.98,-4.05,0.42,-4.83,0.46,-4.84,764,1994,0.46,-4.84
116966,0.0819,0.0083,1.0048,-0.10,-0.10,0.17,0.47,-4.66,3.98,-4.04,0.42,-4.82,0.46,-4.83,764,1996,0.46,-4.83
116986,0.0857,0.0090,0.9978,0.24,-1.11,0.01,0.52,-4.91,3.98,-4.06,0.43,-4.83,0.46,-4.84,763,1998,0.46,-4.84
117006,0.0876,0.0058,0.9953,-0.13,0.45,-0.00,0.33,-5.03,3.98,-4.07,0.43,-4.88,0.46,-4.87,764,1997,0.46,-4.87
117026,0.0824,0.0071,0.9995,-0.17,0.88,-0.08,0.40,-4.72,3.98,-4.05,0.41,-4.86,0.45,-4.85,764,1997,0.45,-4.85
117046,0.0850,0.0066,1.0016,-0.11,0.75,0.05,0.38,-4.85,3.97,-4.03,0.41,-4.84,0.45,-4.83,764,2001,0.45,-4.83
117066,0.0869,0.0057,0.9979,-0.22,1.28,-0.06,0.32,-4.98,3.97,-4.01,0.39,-4.84,0.43,-4.82,764,1996,0.43,-4.82
117086,0.0864,0.0053,1.0050,-0.37,1.29,-1.60,0.30,-4.91,3.97,-3.98,0.37,-4.90,0.42,-4.84,766,1998,0.42,-4.84
117106,0.0808,0.0101,0.9978,-0.21,1.36,-0.47,0.58,-4.63,3.96,-3.96,0.37,-4.78,0.41,-4.77,764,1996,0.41,-4.77
117126,0.0805,0.0045,0.9993,-0.26,1.18,-0.19,0.26,-4.60,3.95,-3.93,0.37,-4.73,0.41,-4.73,764,1997,0.41,-4.73
117146,0.0858,0.0056,1.0048,-0.18,1.13,-0.21,0.32,-4.88,3.95,-3.91,0.37,-4.71,0.40,-4.71,766,1996,0.40,-4.71
117166,0.0803,0.0068,1.0059,0.05,-0.56,-1.15,0.38,-4.57,3.95,-3.90,0.35,-4.74,0.39,-4.72,764,2002,0.39,-4.72
117186,0.0854,0.0066,1.0038,0.24,-1.60,-1.32,0.38,-4.86,3.95,-3.92,0.35,-4.76,0.39,-4.75,763,1997,0.39,-4.74
117206,0.0803,0.0068,1.0031,0.62,-2.84,-1.41,0.39,-4.58,3.96,-3.97,0.37,-4.78,0.40,-4.78,763,2001,0.40,-4.78
117226,0.0886,0.0054,1.0029,0.96,-4.39,-1.44,0.31,-5.05,3.98,-4.04,0.38,-4.84,0.41,-4.85,763,1996,0.41,-4.85
117246,0.0831,0.0096,1.0034,1.21,-5.48,-1.68,0.55,-4.73,4.00,-4.14,0.40,-4.92,0.43,-4.93,763,2002,0.43,-4.93
117266,0.0884,0.0068,1.0052,1.24,-5.66,-1.83,0.39,-5.02,4.02,-4.25,0.43,-5.05,0.46,-5.05,763,1996,0.46,-5.05
117286,0.0876,0.0100,0.9970,1.32,-5.48,-1.63,0.57,-5.02,4.05,-4.37,0.48,-5.14,0.50,-5.15,763,2001,0.50,-5.15
117306,0.0897,0.0090,0.9908,0.80,-3.06,-0.22,0.52,-5.18,4.07,-4.45,0.53,-5.19,0.54,-5.21,763,1997,0.54,-5.21
117326,0.0998,0.0130,0.9808,-0.70,2.42,-0.00,0.76,-5.81,4.08,-4.47,0.56,-5.31,0.56,-5.29,765,1999,0.56,-5.29
117346,0.0873,0.0071,1.0060,-0.80,3.42,0.11,0.41,-4.96,4.06,-4.39,0.54,-5.22,0.54,-5.20,763,1996,0.54,-5.20
117366,0.0879,0.0115,1.0054,0.05,-0.16,-0.05,0.65,-5.00,4.05,-4.36,0.52,-5.13,0.52,-5.14,765,2000,0.52,-5.14
117386,0.0938,0.0101,0.9898,-0.36,1.24,0.07,0.59,-5.41,4.05,-4.36,0.52,-5.18,0.53,-5.16,764,1998,0.53,-5.16
117405,0.0901,0.0075,1.0013,-0.80,3.05,0.05,0.43,-5.14,4.04,-4.31,0.53,-5.14,0.53,-5.13,765,2000,0.53,-5.13
117425,0.0889,0.0072,1.0006,-0.63,2.70,0.03,0.41,-5.08,4.02,-4.25,0.50,-5.08,0.51,-5.07,764,1997,0.51,-5.07
117445,0.0876,0.0086,1.0029,-0.51,2.23,-0.05,0.49,-4.99,4.01,-4.20,0.49,-5.02,0.50,-5.01,765,1994,0.50,-5.01
117465,0.0935,0.0060,0.9961,-0.53,1.96,-0.27,0.35,-5.36,4.00,-4.16,0.45,-5.01,0.48,-4.99,765,1995,0.48,-4.99
117485,0.0873,0.0092,0.9945,-0.88,3.68,-0.39,0.53,-5.01,3.99,-4.11,0.45,-4.98,0.47,-4.95,765,2000,0.47,-4.95
117505,0.0826,0.0060,1.0102,-0.77,3.54,-0.39,0.34,-4.67,3.97,-4.03,0.42,-4.87,0.44,-4.86,764,1998,0.44,-4.86
117525,0.0854,0.0065,1.0025,-0.37,1.38,-1.03,0.37,-4.87,3.96,-3.98,0.38,-4.83,0.41,-4.82,764,1995,0.41,-4.82
117545,0.0813,0.0074,1.0012,-0.14,0.23,-1.77,0.42,-4.64,3.95,-3.97,0.37,-4.83,0.40,-4.82,767,1997,0.40,-4.82
117565,0.0828,0.0047,1.0051,-0.10,-0.32,-1.53,0.27,-4.71,3.95,-3.97,0.36,-4.79,0.40,-4.80,767,1997,0.40,-4.80
117585,0.0778,0.0081,0.9949,0.05,-0.29,-1.18,0.47,-4.47,3.95,-3.98,0.38,-4.78,0.40,-4.79,766,1997,0.40,-4.79
117605,0.0812,0.0064,1.0004,-0.12,0.77,-0.73,0.37,-4.64,3.95,-3.97,0.37,-4.74,0.39,-4.77,766,1995,0.39,-4.77
117625,0.0896,0.0063,0.9987,-0.22,1.06,-0.56,0.36,-5.12,3.95,-3.95,0.37,-4.74,0.39,-4.75,767,1995,0.39,-4.75
117645,0.0797,0.0101,0.9965,-0.55,1.85,-0.84,0.58,-4.57,3.94,-3.92,0.37,-4.74,0.39,-4.74,767,1995,0.39,-4.74
117665,0.0813,0.0067,1.0015,-0.59,2.38,-0.44,0.38,-4.64,3.93,-3.88,0.38,-4.68,0.38,-4.69,765,1994,0.39,-4.69
117685,0.0854,0.0049,1.0007,-0.27,1.28,-0.71,0.28,-4.88,3.92,-3.84,0.36,-4.66,0.37,-4.66,766,1996,0.37,-4.66
117705,0.0828,0.0057,1.0032,-0.08,0.84,-1.47,0.32,-4.72,3.92,-3.82,0.34,-4.69,0.36,-4.67,766,2001,0.36,-4.67
117725,0.0806,0.0061,1.0030,-0.18,0.93,-1.22,0.35,-4.59,3.92,-3.81,0.35,-4.64,0.36,-4.63,765,2001,0.36,-4.63
117745,0.0802,0.0095,1.0024,-0.05,0.42,-1.21,0.54,-4.57,3.91,-3.80,0.36,-4.62,0.36,-4.62,766,1999,0.36,-4.62
117765,0.0810,0.0052,1.0038,0.01,0.36,-1.19,0.30,-4.61,3.91,-3.79,0.37,-4.59,0.37,-4.60,765,2001,0.37,-4.60
117785,0.0765,0.0066,0.9999,-0.24,0.85,-0.78,0.38,-4.37,3.91,-3.78,0.38,-4.56,0.38,-4.58,765,2001,0.38,-4.58
117805,0.0802,0.0054,1.0048,-0.11,0.84,-0.65,0.31,-4.56,3.90,-3.76,0.38,-4.53,0.38,-4.55,766,1996,0.38,-4.55
117825,0.0764,0.0076,1.0013,0.05,-0.21,-0.88,0.44,-4.36,3.90,-3.76,0.37,-4.51,0.37,-4.53,763,1997,0.37,-4.53
117845,0.0780,0.0069,0.9996,0.11,-0.43,-0.67,0.39,-4.46,3.91,-3.76,0.38,-4.51,0.38,-4.53,763,1997,0.38,-4.53
117865,0.0782,0.0085,0.9990,0.25,-0.18,-0.31,0.49,-4.47,3.91,-3.77,0.39,-4.51,0.39,-4.53,763,1998,0.39,-4.53
117885,0.0788,0.0058,1.0080,0.40,-0.16,-0.37,0.33,-4.47,3.92,-3.77,0.39,-4.52,0.39,-4.54,763,1998,0.39,-4.54
117905,0.0805,0.0059,1.0015,0.28,-0.61,-0.50,0.34,-4.59,3.92,-3.78,0.39,-4.55,0.40,-4.55,763,2001,0.40,-4.55
117925,0.0753,0.0068,1.0025,0.18,-0.17,-0.38,0.39,-4.30,3.93,-3.79,0.39,-4.53,0.40,-4.55,761,2001,0.40,-4.55
117945,0.0778,0.0060,1.0041,0.55,-0.72,0.08,0.34,-4.43,3.93,-3.80,0.39,-4.52,0.40,-4.54,763,2001,0.40,-4.54
117965,0.0806,0.0091,0.9998,0.50,-1.53,-0.25,0.52,-4.61,3.94,-3.82,0.40,-4.56,0.41,-4.57,764,1998,0.41,-4.57
117985,0.0780,0.0083,1.0004,0.41,-1.09,-0.29,0.48,-4.46,3.95,-3.84,0.42,-4.59,0.43,-4.59,763,1995,0.43,-4.59
118005,0.0805,0.0080,1.0035,0.57,-0.98,-0.18,0.46,-4.59,3.97,-3.86,0.42,-4.60,0.43,-4.60,763,2001,0.44,-4.60
118025,0.0826,0.0063,1.0057,0.90,-1.37,-0.05,0.36,-4.69,3.98,-3.89,0.43,-4.62,0.45,-4.62,763,2000,0.45,-4.62
118045,0.0816,0.0121,0.9990,1.19,-1.87,0.01,0.69,-4.67,4.00,-3.92,0.47,-4.65,0.48,-4.66,763,1998,0.48,-4.66
118065,0.0758,0.0090,1.0079,1.43,-2.09,0.64,0.51,-4.30,4.03,-3.96,0.49,-4.65,0.50,-4.67,766,1997,0.50,-4.67
118085,0.0618,0.0092,1.0264,2.40,-3.57,1.43,0.51,-3.45,4.07,-4.01,0.52,-4.60,0.53,-4.66,763,2002,0.53,-4.66
118105,0.1156,0.0098,0.9679,3.04,-6.76,0.50,0.58,-6.81,4.14,-4.14,0.57,-4.87,0.59,-4.85,766,2001,0.59,-4.85
118125,0.0891,0.0109,0.9964,0.59,-0.67,-1.01,0.62,-5.11,4.16,-4.21,0.62,-5.11,0.63,-5.03,763,1997,0.63,-5.03
118145,0.0842,0.0115,1.0073,0.86,-0.39,-0.63,0.65,-4.78,4.18,-4.21,0.63,-5.05,0.64,-5.00,763,1997,0.64,-5.00
118165,0.0880,0.0095,1.0007,1.05,-0.84,-0.49,0.54,-5.03,4.20,-4.23,0.64,-5.05,0.65,-5.01,763,2001,0.65,-5.01
118185,0.0819,0.0110,1.0109,1.79,-1.03,-0.32,0.63,-4.63,4.22,-4.25,0.65,-5.03,0.67,-5.01,763,2002,0.67,-5.01
118205,0.0819,0.0186,1.0117,2.63,-2.64,0.11,1.05,-4.63,4.27,-4.29,0.72,-5.01,0.73,-5.02,770,2001,0.73,-5.02
118225,0.0831,0.0067,1.0060,3.79,-3.10,1.36,0.38,-4.72,4.33,-4.35,0.85,-4.96,0.83,-5.01,763,1998,0.83,-5.01
118245,0.0950,0.0132,0.9901,3.92,-3.15,1.40,0.77,-5.48,4.41,-4.41,0.91,-5.06,0.90,-5.09,766,1995,0.90,-5.09
118265,0.0921,0.0122,1.0013,3.32,-1.57,1.30,0.70,-5.25,4.48,-4.45,0.93,-5.15,0.95,-5.15,763,1996,0.95,-5.15
118285,0.0932,0.0188,0.9915,3.48,-0.25,1.00,1.09,-5.37,4.55,-4.48,0.98,-5.21,1.00,-5.19,770,1998,1.00,-5.19
118305,0.0911,0.0181,0.9925,2.64,3.20,1.36,1.04,-5.24,4.61,-4.44,1.07,-5.20,1.07,-5.17,770,1996,1.07,-5.17
118325,0.0899,0.0156,1.0020,2.85,5.65,1.67,0.89,-5.12,4.67,-4.35,1.09,-5.10,1.11,-5.07,770,1998,1.11,-5.07
118345,0.0995,0.0098,1.0153,4.89,10.36,1.93,0.55,-5.60,4.74,-4.20,1.10,-4.96,1.14,-4.94,763,2002,1.14,-4.94
118365,0.0879,0.0168,1.0021,7.10,13.56,-0.05,0.96,-5.01,4.87,-3.93,1.17,-4.86,1.23,-4.77,771,2000,1.23,-4.77
118385,0.0940,0.0170,0.9898,7.16,13.91,-1.15,0.99,-5.42,5.01,-3.66,1.28,-4.61,1.35,-4.52,770,1998,1.35,-4.52
118404,0.0719,0.0227,1.0057,6.78,13.87,-2.93,1.29,-4.09,5.15,-3.38,1.36,-4.41,1.44,-4.30,771,2000,1.44,-4.30
118424,0.0631,0.0105,1.0118,8.44,16.27,-3.91,0.60,-3.57,5.30,-3.08,1.39,-3.96,1.51,-3.93,765,1997,1.51,-3.93
118444,0.0389,0.0417,1.0665,10.37,20.09,-6.54,2.24,-2.09,5.49,-2.70,1.48,-3.46,1.63,-3.48,768,1999,1.63,-3.48
118464,0.0425,0.0602,1.0331,12.24,6.52,-3.41,3.33,-2.35,5.72,-2.45,2.05,-3.07,2.03,-3.15,773,1995,2.03,-3.15
118484,0.0292,0.0436,0.9933,12.66,2.99,-0.47,2.51,-1.68,5.97,-2.39,2.37,-2.79,2.32,-2.95,772,2001,2.32,-2.95
118504,0.0426,0.0310,1.0223,12.93,2.84,0.71,1.74,-2.38,6.23,-2.30,2.58,-2.58,2.55,-2.77,773,2001,2.55,-2.77
118524,0.0490,0.0468,1.0367,14.50,-2.44,-0.03,2.58,-2.70,6.50,-2.31,2.70,-2.60,2.74,-2.76,773,1996,2.74,-2.76
118544,0.0565,0.0471,1.0268,17.56,-2.31,0.75,2.63,-3.14,6.82,-2.36,2.99,-2.72,3.04,-2.82,773,1997,3.03,-2.82
118564,0.0420,0.0750,0.9922,18.24,-3.94,-0.02,4.33,-2.42,7.19,-2.42,3.35,-2.78,3.38,-2.86,773,1996,3.38,-2.86
118584,0.0448,0.0849,0.9840,16.98,-4.61,2.51,4.93,-2.59,7.54,-2.51,3.93,-2.78,3.86,-2.89,772,1997,3.86,-2.89
118604,0.0560,0.0577,0.9883,15.47,-6.14,4.63,3.34,-3.23,7.86,-2.61,4.26,-2.88,4.19,-2.97,773,1997,4.19,-2.97
118624,0.0794,0.0539,0.9930,13.31,-7.53,1.41,3.11,-4.57,8.15,-2.75,4.48,-3.32,4.45,-3.26,773,2000,4.45,-3.26
118644,0.0772,0.0829,0.9831,12.91,-4.69,-1.32,4.82,-4.47,8.41,-2.88,4.58,-3.65,4.62,-3.51,773,1995,4.62,-3.51
118664,0.0782,0.0939,0.9967,12.16,-2.69,-1.77,5.38,-4.46,8.66,-2.95,4.88,-3.90,4.89,-3.70,772,2001,4.89,-3.70
118684,0.0848,0.0881,1.0172,13.20,-1.64,-2.06,4.95,-4.75,8.91,-2.99,5.20,-4.08,5.17,-3.84,772,2001,5.17,-3.84
118704,0.0759,0.1123,1.0113,15.53,-1.08,-2.73,6.34,-4.27,9.20,-3.02,5.59,-4.19,5.52,-3.94,772,1995,5.52,-3.94
118724,0.0654,0.0987,1.0061,16.59,-1.97,-2.17,5.60,-3.70,9.53,-3.05,5.88,-4.09,5.83,-3.93,772,1997,5.83,-3.93
118744,0.0815,0.1405,1.0113,17.57,-2.94,-2.46,7.91,-4.56,9.87,-3.10,6.28,-4.11,6.21,-3.98,772,2002,6.21,-3.98
118764,0.0605,0.1160,1.0312,19.16,-6.70,-2.25,6.42,-3.34,10.23,-3.20,6.80,-4.16,6.67,-4.07,769,1995,6.67,-4.07
118784,0.0720,0.1219,0.9960,20.64,-9.28,-1.81,6.98,-4.10,10.64,-3.36,7.14,-4.22,7.06,-4.19,769,2001,7.06,-4.19
118804,0.0674,0.1409,0.9850,20.57,-8.62,-2.13,8.14,-3.88,11.05,-3.55,7.60,-4.38,7.51,-4.36,769,1997,7.51,-4.36
118824,0.0688,0.1297,0.9777,19.84,-6.94,-1.38,7.56,-3.99,11.46,-3.70,8.05,-4.45,7.95,-4.47,765,2001,7.95,-4.47
118844,0.0823,0.1410,0.9747,18.58,-5.48,-0.60,8.23,-4.77,11.84,-3.82,8.44,-4.53,8.35,-4.57,769,1998,8.35,-4.57
118864,0.0777,0.1500,0.9631,16.74,-5.87,-0.83,8.85,-4.56,12.19,-3.94,8.75,-4.67,8.69,-4.70,769,2002,8.69,-4.70
118884,0.1035,0.1523,0.9782,14.55,-5.38,-1.95,8.85,-5.97,12.50,-4.05,9.04,-4.96,9.00,-4.91,770,1997,9.00,-4.91
118904,0.0692,0.1648,0.9917,14.74,-5.58,-2.06,9.44,-3.94,12.79,-4.16,9.32,-5.00,9.29,-4.99,769,1995,9.29,-4.99
118924,0.0922,0.1657,0.9841,14.65,-6.07,-1.38,9.56,-5.28,13.09,-4.27,9.63,-5.04,9.60,-5.06,765,1996,9.60,-5.06
118944,0.0896,0.1733,0.9890,14.33,-4.90,-2.01,9.94,-5.10,13.37,-4.39,9.90,-5.22,9.88,-5.21,770,1997,9.88,-5.21
118964,0.0867,0.1813,0.9766,15.04,-2.05,-1.32,10.52,-4.99,13.67,-4.45,10.24,-5.19,10.20,-5.22,769,2001,10.20,-5.22
118984,0.0873,0.1851,0.9845,14.44,-2.89,-0.92,10.65,-4.98,13.96,-4.50,10.60,-5.19,10.55,-5.24,770,1995,10.55,-5.24
119004,0.0876,0.1855,0.9931,14.44,-4.52,-0.70,10.58,-4.96,14.25,-4.57,10.86,-5.19,10.83,-5.26,770,1997,10.83,-5.26
119024,0.0972,0.1964,0.9940,15.76,-4.66,-1.54,11.18,-5.48,14.55,-4.66,11.10,-5.34,11.10,-5.38,769,1997,11.10,-5.38
119044,0.0874,0.1958,0.9703,16.00,-3.58,-1.19,11.41,-5.05,14.88,-4.75,11.44,-5.39,11.44,-5.44,772,1995,11.44,-5.44
119064,0.0855,0.2008,0.9610,15.21,-0.78,-0.02,11.80,-4.98,15.19,-4.79,11.80,-5.37,11.78,-5.44,770,1998,11.78,-5.44
119084,0.0788,0.2190,0.9735,14.56,2.33,1.15,12.68,-4.51,15.49,-4.77,12.14,-5.24,12.11,-5.35,769,1997,12.11,-5.35
119104,0.0987,0.2331,0.9792,15.75,5.61,0.95,13.39,-5.60,15.79,-4.68,12.56,-5.15,12.49,-5.24,770,1996,12.48,-5.24
119124,0.1132,0.2041,0.9723,18.08,11.13,-1.36,11.86,-6.50,16.13,-4.50,12.91,-5.16,12.85,-5.16,769,1997,12.85,-5.16
119144,0.1009,0.2154,0.9892,15.25,0.79,-2.96,12.28,-5.69,16.47,-4.37,13.02,-5.24,13.07,-5.14,770,1994,13.07,-5.14
119164,0.0971,0.2212,0.9635,13.24,-7.74,-3.46,12.93,-5.61,16.75,-4.47,13.15,-5.37,13.26,-5.27,769,1996,13.26,-5.27
119184,0.0828,0.2463,0.9479,12.43,-3.72,-2.99,14.57,-4.83,17.00,-4.59,13.56,-5.48,13.59,-5.40,770,1997,13.59,-5.40
119204,0.0744,0.2264,0.9801,11.83,-0.36,-1.08,13.01,-4.23,17.24,-4.62,13.84,-5.29,13.86,-5.32,769,1997,13.86,-5.32
119224,0.0896,0.2629,0.9737,11.70,-2.45,-0.99,15.11,-5.08,17.47,-4.65,14.11,-5.24,14.11,-5.30,770,2002,14.11,-5.30
119244,0.0881,0.2488,0.9657,11.71,-2.48,-0.23,14.45,-5.05,17.71,-4.70,14.36,-5.24,14.36,-5.31,770,1998,14.36,-5.31
119264,0.0913,0.2559,0.9449,10.28,-2.86,-0.46,15.15,-5.33,17.93,-4.76,14.68,-5.26,14.64,-5.33,769,1997,14.64,-5.33
119284,0.1060,0.2422,0.9613,8.39,-1.48,-1.00,14.14,-6.10,18.11,-4.80,14.80,-5.45,14.80,-5.45,770,1998,14.80,-5.45
119304,0.0985,0.2588,0.9601,8.07,-0.02,-1.62,15.09,-5.66,18.28,-4.81,14.93,-5.54,14.95,-5.51,770,1997,14.95,-5.51
119324,0.0981,0.2616,0.9491,7.45,0.34,-1.50,15.41,-5.69,18.43,-4.81,15.13,-5.53,15.13,-5.50,769,1997,15.13,-5.50
119344,0.0921,0.2576,0.9586,6.54,2.03,-1.82,15.04,-5.30,18.57,-4.78,15.25,-5.54,15.26,-5.50,770,1999,15.26,-5.50
119364,0.0909,0.2526,0.9597,5.73,2.55,-0.98,14.74,-5.23,18.69,-4.73,15.28,-5.38,15.34,-5.39,771,1999,15.34,-5.39
119383,0.0878,0.2594,0.9625,4.23,-0.13,-1.07,15.09,-5.04,18.79,-4.71,15.26,-5.35,15.36,-5.36,772,2000,15.36,-5.36
119403,0.0845,0.2716,0.9801,4.92,1.22,-0.09,15.49,-4.75,18.88,-4.71,15.33,-5.24,15.43,-5.29,771,2000,15.43,-5.29
119423,0.0921,0.2761,0.9780,7.19,3.78,0.85,15.77,-5.18,19.00,-4.65,15.52,-5.11,15.58,-5.19,773,2002,15.58,-5.19
119443,0.0802,0.2745,0.9843,8.36,2.00,0.45,15.58,-4.49,19.16,-4.59,15.69,-5.04,15.74,-5.11,773,1996,15.74,-5.11
119463,0.0882,0.2848,0.9845,10.44,0.16,1.36,16.13,-4.92,19.35,-4.57,15.85,-4.90,15.91,-5.01,773,1996,15.91,-5.01
119483,0.1056,0.2715,0.9652,11.35,-2.29,-0.30,15.71,-6.02,19.57,-4.59,16.10,-5.11,16.14,-5.11,773,1996,16.14,-5.11
119503,0.0813,0.2653,0.9437,9.21,-6.06,0.26,15.70,-4.74,19.77,-4.68,16.06,-5.15,16.21,-5.17,773,2002,16.21,-5.17
119523,0.1062,0.2794,0.9508,8.23,-2.65,0.93,16.38,-6.12,19.94,-4.77,16.28,-5.28,16.39,-5.28,773,1996,16.39,-5.28
119543,0.0946,0.2814,0.9725,9.46,1.14,0.46,16.14,-5.34,20.12,-4.77,16.44,-5.36,16.54,-5.32,773,1996,16.54,-5.32
119563,0.0905,0.2762,0.9520,8.77,-0.93,0.29,16.18,-5.22,20.31,-4.77,16.59,-5.34,16.69,-5.31,773,2001,16.69,-5.31
119583,0.0920,0.2856,0.9398,7.79,-0.01,0.50,16.90,-5.35,20.47,-4.79,16.73,-5.36,16.83,-5.33,773,1996,16.83,-5.33
119603,0.0888,0.2932,0.9449,6.47,1.53,0.83,17.24,-5.13,20.61,-4.77,16.94,-5.33,16.99,-5.30,773,1996,16.99,-5.30
119623,0.0992,0.2939,0.9881,7.00,0.04,0.38,16.56,-5.50,20.74,-4.74,17.03,-5.34,17.09,-5.30,773,1997,17.09,-5.30
119643,0.0956,0.3031,0.9714,8.31,-4.45,-0.25,17.33,-5.37,20.90,-4.79,17.14,-5.38,17.21,-5.35,773,1996,17.21,-5.35
119663,0.0973,0.3014,0.9463,8.34,-5.68,-0.67,17.67,-5.60,21.07,-4.91,17.37,-5.52,17.40,-5.48,772,1996,17.40,-5.48
119683,0.1067,0.3006,0.9317,7.92,-0.52,-0.37,17.88,-6.22,21.23,-4.97,17.59,-5.64,17.59,-5.57,772,2002,17.59,-5.57
119703,0.0987,0.3043,0.9663,7.37,-0.37,-1.29,17.48,-5.56,21.38,-4.97,17.71,-5.73,17.72,-5.63,772,2002,17.72,-5.63
119723,0.0992,0.3106,0.9426,7.73,-0.28,-1.18,18.24,-5.71,21.53,-4.98,17.89,-5.69,17.89,-5.62,769,2001,17.89,-5.62
119743,0.1115,0.3076,0.9339,6.32,1.87,-1.89,18.23,-6.47,21.67,-4.96,18.10,-5.78,18.06,-5.67,769,1995,18.06,-5.67
119763,0.0796,0.3160,0.9998,6.94,-0.55,-1.93,17.54,-4.34,21.80,-4.94,18.14,-5.62,18.15,-5.59,769,1997,18.15,-5.59
119783,0.0910,0.3225,0.9600,9.72,-4.26,-1.44,18.57,-5.14,21.97,-4.99,18.24,-5.51,18.27,-5.55,769,1996,18.27,-5.55
119803,0.0931,0.3163,0.9360,9.95,-2.39,-0.86,18.67,-5.38,22.17,-5.07,18.56,-5.56,18.53,-5.60,769,1997,18.53,-5.60
119823,0.0948,0.3203,0.9625,10.25,-0.15,-0.14,18.41,-5.34,22.37,-5.08,18.70,-5.51,18.70,-5.57,769,1998,18.70,-5.57
119843,0.1118,0.3290,0.9600,10.77,-3.22,-1.12,18.92,-6.29,22.58,-5.11,18.89,-5.64,18.90,-5.64,769,1997,18.90,-5.64
119863,0.1005,0.3256,0.9323,10.68,-4.74,-1.79,19.25,-5.81,22.80,-5.20,19.15,-5.76,19.14,-5.75,769,2001,19.14,-5.75
119883,0.1005,0.3342,0.9193,9.58,-1.95,-1.44,19.98,-5.87,23.00,-5.27,19.41,-5.82,19.37,-5.81,769,2001,19.37,-5.81
119903,0.1122,0.3336,0.9478,8.99,0.97,-1.46,19.39,-6.37,23.18,-5.27,19.63,-5.87,19.57,-5.84,770,1995,19.57,-5.84
119923,0.0978,0.3403,0.9453,8.89,-1.32,-2.86,19.80,-5.56,23.36,-5.28,19.76,-5.93,19.73,-5.88,769,2000,19.73,-5.88
119943,0.0923,0.3450,0.9471,9.26,-0.94,-2.21,20.01,-5.23,23.54,-5.31,19.96,-5.82,19.92,-5.83,770,1999,19.92,-5.83
119963,0.0996,0.3473,0.9447,9.78,0.15,-1.66,20.18,-5.65,23.74,-5.31,20.17,-5.78,20.12,-5.81,770,2002,20.12,-5.80
119983,0.1073,0.3490,0.9342,9.73,-0.94,-1.91,20.49,-6.14,23.93,-5.32,20.39,-5.82,20.34,-5.82,772,2001,20.34,-5.82
120003,0.0850,0.3560,0.9322,8.83,-3.40,-2.09,20.90,-4.87,24.12,-5.37,20.60,-5.80,20.55,-5.83,770,1996,20.55,-5.83
120023,0.0863,0.3604,0.9343,8.60,-2.74,-0.75,21.09,-4.92,24.29,-5.43,20.83,-5.69,20.76,-5.79,771,1998,20.76,-5.79
120043,0.1013,0.3606,0.9180,8.65,-0.48,0.24,21.45,-5.87,24.46,-5.46,21.05,-5.68,20.97,-5.77,770,2002,20.96,-5.77
120063,0.0999,0.3609,0.9357,7.67,0.59,0.35,21.09,-5.69,24.62,-5.46,21.24,-5.71,21.16,-5.78,770,1997,21.16,-5.78
120083,0.1023,0.3607,0.9343,7.89,-0.29,0.37,21.11,-5.83,24.78,-5.45,21.35,-5.71,21.29,-5.76,770,2002,21.29,-5.76
120103,0.1085,0.3646,0.9265,7.39,-0.59,0.08,21.48,-6.22,24.93,-5.46,21.49,-5.78,21.45,-5.79,770,1998,21.45,-5.79
120123,0.1081,0.3664,0.9485,7.61,-1.29,-0.58,21.12,-6.07,25.08,-5.48,21.58,-5.88,21.57,-5.85,770,1995,21.57,-5.85
120143,0.1053,0.3676,0.9392,8.65,-3.58,-1.08,21.37,-5.96,25.25,-5.53,21.65,-5.91,21.68,-5.89,769,1996,21.68,-5.89
120163,0.1017,0.3747,0.9242,8.92,-3.09,-1.30,22.07,-5.82,25.42,-5.60,21.83,-5.98,21.85,-5.96,769,1997,21.85,-5.96
120183,0.1053,0.3763,0.9334,9.24,-0.96,-0.99,21.96,-5.97,25.60,-5.64,22.03,-6.00,22.04,-5.98,770,1997,22.04,-5.98
120203,0.1068,0.3771,0.9404,10.24,-1.77,-1.21,21.85,-6.02,25.80,-5.66,22.17,-6.01,22.20,-5.99,769,1995,22.20,-5.99
120223,0.1070,0.3867,0.9277,10.82,-2.64,-1.61,22.63,-6.08,26.01,-5.71,22.37,-6.08,22.40,-6.05,769,1997,22.40,-6.05
120243,0.0996,0.3891,0.9310,10.84,-4.35,-1.02,22.68,-5.64,26.23,-5.78,22.61,-6.05,22.63,-6.06,769,1996,22.63,-6.06
120263,0.1115,0.3887,0.9189,11.40,-3.35,-0.99,22.93,-6.38,26.46,-5.86,22.84,-6.14,22.86,-6.13,770,1997,22.86,-6.13
120283,0.1115,0.3924,0.9143,10.73,-2.79,-1.17,23.23,-6.39,26.68,-5.92,23.10,-6.23,23.09,-6.21,769,1997,23.09,-6.21
120303,0.1038,0.3982,0.9191,10.69,-3.80,-1.31,23.43,-5.92,26.89,-5.99,23.30,-6.27,23.30,-6.26,770,1998,23.30,-6.26
120323,0.1127,0.3989,0.9093,10.48,-2.89,-1.18,23.69,-6.48,27.10,-6.06,23.56,-6.33,23.54,-6.31,781,1994,23.54,-6.31
120343,0.1190,0.4035,0.9091,10.04,-1.51,-1.05,23.93,-6.82,27.31,-6.10,23.80,-6.37,23.77,-6.35,780,1995,23.77,-6.35
120363,0.1075,0.4085,0.9207,9.98,-2.01,-2.00,23.92,-6.09,27.51,-6.13,24.00,-6.44,23.97,-6.40,783,1998,23.97,-6.40
120382,0.1163,0.4085,0.9106,9.96,-3.46,-1.98,24.16,-6.65,27.71,-6.19,24.19,-6.48,24.17,-6.44,783,1998,24.17,-6.44
120402,0.1024,0.4171,0.9048,9.44,-2.74,-1.79,24.75,-5.87,27.90,-6.26,24.43,-6.48,24.39,-6.47,783,1999,24.39,-6.47
120422,0.1102,0.4190,0.9294,10.41,-1.80,-1.34,24.27,-6.17,28.10,-6.29,24.61,-6.44,24.59,-6.46,783,1998,24.59,-6.46
120442,0.1123,0.4221,0.9199,11.44,-4.38,-1.41,24.65,-6.33,28.32,-6.36,24.76,-6.46,24.77,-6.48,783,1998,24.77,-6.48
120462,0.1205,0.4178,0.9144,12.02,-4.79,-1.73,24.56,-6.83,28.55,-6.45,24.98,-6.58,24.99,-6.58,783,1998,24.99,-6.58
120482,0.1103,0.4288,0.9205,13.25,-5.19,-2.05,24.98,-6.20,28.81,-6.55,25.16,-6.67,25.20,-6.67,783,1998,25.20,-6.67
120502,0.1271,0.4321,0.9059,14.39,-5.22,-1.82,25.50,-7.22,29.08,-6.66,25.45,-6.76,25.48,-6.76,783,1998,25.48,-6.76
120522,0.1212,0.4374,0.9190,15.66,-4.28,-2.54,25.45,-6.79,29.39,-6.75,25.70,-6.90,25.75,-6.87,783,1998,25.75,-6.87
120542,0.1187,0.4480,0.9008,17.91,-3.62,-2.33,26.44,-6.73,29.73,-6.83,26.05,-6.91,26.09,-6.90,777,1998,26.09,-6.90
120562,0.1149,0.4641,0.8899,18.75,-1.93,-2.09,27.54,-6.53,30.09,-6.89,26.58,-6.92,26.54,-6.93,783,1998,26.54,-6.93
120582,0.1129,0.4506,0.8942,19.28,-0.33,-1.33,26.75,-6.43,30.48,-6.91,27.00,-6.88,26.95,-6.90,777,1997,26.95,-6.90
120602,0.1143,0.4446,0.8841,18.10,-2.25,-1.02,26.70,-6.59,30.85,-6.94,27.31,-6.85,27.30,-6.88,777,1997,27.29,-6.88
120622,0.1182,0.4664,0.8646,16.45,-2.55,-0.66,28.34,-6.86,31.19,-7.00,27.63,-6.86,27.63,-6.90,783,1997,27.63,-6.90
120642,0.1269,0.4690,0.8856,16.58,0.04,-0.67,27.91,-7.22,31.52,-7.01,28.00,-6.93,27.98,-6.93,783,1997,27.98,-6.93
120662,0.1247,0.4716,0.8894,16.38,-2.62,-1.50,27.93,-7.06,31.85,-7.04,28.29,-7.01,28.29,-6.98,782,1997,28.29,-6.98
120682,0.1256,0.4824,0.8790,16.89,-4.15,-1.83,28.76,-7.14,32.18,-7.11,28.59,-7.08,28.60,-7.04,779,1997,28.60,-7.04
120702,0.1316,0.4835,0.8603,16.15,-3.32,-2.64,29.34,-7.60,32.51,-7.19,28.98,-7.24,28.96,-7.16,779,1998,28.96,-7.16
120722,0.1271,0.4898,0.8775,16.17,-2.19,-2.98,29.17,-7.21,32.83,-7.24,29.32,-7.29,29.30,-7.21,780,1998,29.30,-7.21
120742,0.1320,0.4952,0.8712,16.25,-3.42,-3.76,29.62,-7.50,33.16,-7.29,29.59,-7.36,29.60,-7.27,779,1998,29.60,-7.27
120762,0.1282,0.5063,0.8529,15.92,-3.64,-3.99,30.70,-7.36,33.48,-7.37,29.99,-7.43,29.96,-7.34,779,1998,29.96,-7.34
120782,0.1310,0.5200,0.8589,15.95,-2.19,-3.29,31.19,-7.43,33.80,-7.42,30.50,-7.49,30.40,-7.40,780,1999,30.39,-7.40
120802,0.1225,0.5156,0.8638,16.32,-3.63,-3.08,30.83,-6.94,34.12,-7.48,30.86,-7.48,30.75,-7.42,779,1998,30.75,-7.42
120822,0.1243,0.5178,0.8597,16.66,-5.23,-3.76,31.06,-7.06,34.45,-7.57,31.17,-7.48,31.09,-7.46,779,1998,31.09,-7.46
120842,0.1141,0.5236,0.8504,16.50,-6.48,-3.67,31.62,-6.52,34.79,-7.69,31.49,-7.48,31.43,-7.50,779,1998,31.43,-7.50
120862,0.1290,0.5231,0.8234,15.63,-5.13,-3.39,32.43,-7.54,35.11,-7.81,31.88,-7.50,31.80,-7.55,779,1999,31.80,-7.55
120882,0.1253,0.5277,0.8398,14.47,-2.74,-2.79,32.14,-7.20,35.40,-7.89,32.22,-7.52,32.14,-7.57,779,1998,32.14,-7.57
120902,0.1295,0.5360,0.8531,14.76,-3.05,-2.76,32.14,-7.32,35.69,-7.94,32.47,-7.52,32.42,-7.58,781,1998,32.42,-7.58
120922,0.1339,0.5400,0.8415,15.32,-4.60,-3.28,32.69,-7.63,36.00,-8.02,32.72,-7.59,32.70,-7.63,781,1995,32.70,-7.63
120942,0.1213,0.5428,0.8275,14.96,-3.74,-2.63,33.26,-6.99,36.30,-8.11,33.03,-7.59,33.02,-7.65,781,1998,33.02,-7.65
120962,0.1220,0.5507,0.8327,14.64,-1.98,-2.34,33.48,-6.97,36.59,-8.16,33.38,-7.56,33.35,-7.63,781,2001,33.35,-7.63
120982,0.1157,0.5575,0.8388,14.47,-3.05,-1.58,33.61,-6.55,36.89,-8.20,33.65,-7.43,33.64,-7.55,779,1998,33.64,-7.55
121002,0.1169,0.5602,0.8310,14.15,-4.29,-0.72,33.99,-6.65,37.17,-8.28,33.94,-7.36,33.93,-7.51,780,1994,33.93,-7.51
121022,0.1209,0.5618,0.8093,12.92,-5.17,0.28,34.77,-6.99,37.44,-8.38,34.27,-7.34,34.24,-7.50,779,1998,34.24,-7.50
121042,0.1375,0.5566,0.7952,10.40,-1.29,0.50,34.99,-8.06,37.68,-8.44,34.65,-7.49,34.57,-7.57,779,1997,34.57,-7.57
121062,0.1373,0.5681,0.8202,10.66,-1.21,0.48,34.71,-7.83,37.89,-8.46,34.84,-7.57,34.79,-7.59,779,2002,34.79,-7.59
121082,0.1279,0.5732,0.8233,9.44,-4.49,0.98,34.85,-7.26,38.09,-8.52,35.00,-7.63,34.98,-7.63,779,1998,34.98,-7.63
121102,0.1356,0.5728,0.8114,8.67,-4.50,1.26,35.22,-7.77,38.26,-8.62,35.18,-7.70,35.17,-7.69,779,1998,35.17,-7.69
121122,0.1461,0.5730,0.7950,8.15,-1.35,0.40,35.78,-8.48,38.43,-8.68,35.39,-7.86,35.37,-7.78,779,1997,35.37,-7.78
121142,0.1375,0.5782,0.8114,7.88,3.01,-0.29,35.47,-7.86,38.59,-8.65,35.56,-7.90,35.55,-7.78,779,1997,35.55,-7.78
121162,0.1379,0.5810,0.8213,8.18,3.21,-0.34,35.28,-7.80,38.75,-8.58,35.65,-7.80,35.68,-7.69,779,1997,35.68,-7.69
121182,0.1404,0.5819,0.8127,7.68,1.10,-0.30,35.61,-8.00,38.91,-8.54,35.75,-7.77,35.81,-7.65,779,1997,35.81,-7.65
121202,0.1383,0.5846,0.8047,7.75,0.87,-0.63,36.00,-7.91,39.07,-8.53,35.88,-7.80,35.95,-7.65,779,1995,35.95,-7.65
121222,0.1330,0.5847,0.8064,7.50,2.55,-0.96,35.95,-7.61,39.22,-8.49,36.04,-7.77,36.11,-7.61,779,2001,36.11,-7.61
121242,0.1353,0.5887,0.8044,6.79,-0.68,-1.02,36.20,-7.73,39.36,-8.46,36.18,-7.70,36.25,-7.56,779,2002,36.25,-7.56
121262,0.1414,0.5866,0.7890,5.74,-1.86,-0.99,36.63,-8.18,39.49,-8.50,36.35,-7.80,36.40,-7.63,779,1997,36.40,-7.63
121282,0.1281,0.5935,0.8063,5.69,0.44,-1.28,36.35,-7.29,39.60,-8.51,36.48,-7.79,36.52,-7.63,780,1997,36.52,-7.63
121302,0.1321,0.5927,0.8002,5.36,1.36,-1.34,36.53,-7.56,39.71,-8.49,36.58,-7.70,36.63,-7.57,781,1996,36.63,-7.57
121322,0.1287,0.5924,0.8056,5.35,2.13,-0.58,36.33,-7.33,39.82,-8.46,36.67,-7.63,36.73,-7.51,782,1998,36.73,-7.51
121342,0.1284,0.5996,0.8172,6.41,1.18,-0.66,36.27,-7.22,39.94,-8.42,36.71,-7.54,36.80,-7.43,782,2002,36.80,-7.43
121361,0.1193,0.6020,0.8031,6.35,-0.00,0.36,36.85,-6.78,40.06,-8.42,36.77,-7.42,36.89,-7.36,782,1998,36.89,-7.36
121381,0.1189,0.5975,0.7891,6.44,4.56,1.11,37.13,-6.85,40.19,-8.37,36.96,-7.26,37.04,-7.23,782,1996,37.04,-7.23
121401,0.1201,0.6045,0.8078,7.82,7.51,1.81,36.81,-6.79,40.33,-8.24,37.08,-7.04,37.17,-7.03,782,1998,37.17,-7.03
121421,0.1296,0.6083,0.8073,7.64,4.23,2.21,37.00,-7.31,40.49,-8.12,37.18,-6.94,37.28,-6.90,782,1997,37.28,-6.90
121441,0.1384,0.6053,0.7963,7.36,1.90,1.92,37.24,-7.88,40.64,-8.06,37.28,-7.03,37.40,-6.91,782,1998,37.40,-6.91
121461,0.1408,0.6071,0.7914,7.67,2.36,1.29,37.49,-8.03,40.79,-8.02,37.42,-7.17,37.53,-6.97,782,2001,37.53,-6.97
121481,0.1367,0.6047,0.7954,8.02,2.85,0.50,37.24,-7.79,40.94,-7.97,37.56,-7.27,37.67,-7.01,782,2001,37.67,-7.01
121501,0.1376,0.6131,0.7970,8.31,2.39,-0.56,37.57,-7.79,41.11,-7.92,37.68,-7.34,37.80,-7.04,782,1997,37.80,-7.04
121521,0.1376,0.6153,0.7858,8.19,4.64,-1.33,38.06,-7.85,41.27,-7.86,37.83,-7.34,37.94,-7.04,782,1996,37.94,-7.04
121541,0.1313,0.6157,0.7917,8.52,6.74,-1.55,37.87,-7.46,41.44,-7.74,38.00,-7.27,38.09,-6.97,782,1997,38.10,-6.97
121561,0.1196,0.6182,0.7836,9.05,7.42,-2.03,38.27,-6.83,41.62,-7.60,38.16,-7.11,38.26,-6.84,782,1996,38.26,-6.84
121581,0.1257,0.6229,0.7851,8.76,7.07,-2.36,38.43,-7.15,41.80,-7.44,38.36,-6.94,38.44,-6.69,782,2002,38.44,-6.69
121601,0.1196,0.6235,0.7833,7.80,1.29,-2.31,38.52,-6.81,41.96,-7.36,38.51,-6.87,38.58,-6.64,782,2001,38.58,-6.64
121621,0.1154,0.6257,0.7723,7.18,2.30,-2.50,39.01,-6.62,42.11,-7.33,38.71,-6.82,38.75,-6.62,779,1995,38.75,-6.62
121641,0.1104,0.6254,0.7710,7.14,2.38,-2.28,39.05,-6.35,42.25,-7.28,38.90,-6.70,38.92,-6.54,778,1995,38.92,-6.54
121661,0.1180,0.6282,0.7708,6.56,3.40,-2.53,39.18,-6.77,42.39,-7.23,39.09,-6.64,39.08,-6.49,778,1997,39.08,-6.49
121681,0.1003,0.6346,0.7803,6.30,3.64,-2.13,39.12,-5.70,42.52,-7.15,39.22,-6.50,39.21,-6.39,778,1995,39.21,-6.39
121701,0.1015,0.6340,0.7750,6.21,1.83,-1.08,39.29,-5.79,42.64,-7.10,39.33,-6.30,39.33,-6.25,778,1995,39.33,-6.25
121721,0.1089,0.6362,0.7746,6.52,3.05,-1.25,39.40,-6.20,42.77,-7.05,39.47,-6.22,39.47,-6.18,778,2001,39.47,-6.18
121741,0.1057,0.6378,0.7852,6.73,2.09,-0.70,39.08,-5.97,42.90,-6.99,39.54,-6.14,39.56,-6.11,776,2001,39.56,-6.11
121761,0.1035,0.6423,0.7789,7.15,0.78,-0.33,39.51,-5.85,43.04,-6.97,39.62,-6.09,39.66,-6.06,779,1997,39.67,-6.06
121781,0.1059,0.6457,0.7826,7.89,1.06,-0.23,39.52,-5.96,43.19,-6.95,39.72,-6.02,39.78,-6.01,778,2001,39.78,-6.01
121801,0.1124,0.6454,0.7685,7.96,2.34,-0.66,40.02,-6.39,43.35,-6.92,39.88,-6.04,39.93,-5.99,778,1997,39.93,-5.99
121821,0.1066,0.6472,0.7776,8.58,2.40,-0.55,39.77,-6.02,43.51,-6.86,40.01,-6.01,40.07,-5.95,781,2002,40.07,-5.95
121841,0.1084,0.6466,0.7675,8.82,2.83,-0.83,40.11,-6.16,43.69,-6.81,40.16,-5.99,40.22,-5.92,778,1998,40.22,-5.92
121861,0.1073,0.6472,0.7652,9.47,3.86,-0.86,40.22,-6.11,43.87,-6.74,40.32,-5.98,40.38,-5.88,778,1997,40.38,-5.88
121881,0.1005,0.6529,0.7677,10.14,1.42,-0.21,40.38,-5.69,44.06,-6.69,40.48,-5.89,40.55,-5.81,781,1996,40.55,-5.81
121901,0.1073,0.6559,0.7590,10.08,2.16,-0.67,40.83,-6.11,44.27,-6.66,40.73,-5.90,40.76,-5.80,779,2001,40.76,-5.80
121921,0.0983,0.6599,0.7678,10.59,3.19,-0.69,40.67,-5.54,44.47,-6.60,40.91,-5.82,40.95,-5.74,780,1997,40.95,-5.74
121941,0.1092,0.6638,0.7598,10.69,1.96,-1.15,41.14,-6.18,44.69,-6.55,41.10,-5.79,41.14,-5.70,778,2001,41.14,-5.70
121961,0.1123,0.6586,0.7453,10.18,3.10,-1.71,41.47,-6.44,44.90,-6.51,41.35,-5.89,41.37,-5.74,778,1997,41.37,-5.74
121981,0.0933,0.6639,0.7483,10.55,3.52,-1.73,41.58,-5.33,45.10,-6.44,41.56,-5.81,41.57,-5.68,778,1996,41.57,-5.68
122001,0.0994,0.6710,0.7416,10.18,3.91,-2.16,42.14,-5.68,45.31,-6.37,41.83,-5.67,41.81,-5.57,779,1995,41.81,-5.57
122021,0.0901,0.6728,0.7512,9.89,3.16,-2.18,41.85,-5.10,45.51,-6.29,42.04,-5.55,42.01,-5.48,779,1998,42.01,-5.48
122041,0.0906,0.6775,0.7472,9.91,1.12,-1.76,42.20,-5.13,45.71,-6.25,42.20,-5.44,42.19,-5.40,779,1997,42.19,-5.40
122061,0.0942,0.6759,0.7348,9.65,0.70,-1.31,42.61,-5.39,45.90,-6.24,42.41,-5.39,42.39,-5.37,779,2002,42.39,-5.37
122081,0.0945,0.6771,0.7318,9.76,1.12,-1.69,42.78,-5.42,46.10,-6.22,42.66,-5.39,42.61,-5.35,779,1997,42.61,-5.35
122101,0.0904,0.6813,0.7420,9.93,0.36,-1.32,42.56,-5.13,46.29,-6.20,42.83,-5.36,42.80,-5.33,779,1998,42.80,-5.33
122121,0.0940,0.6845,0.7252,9.49,-0.06,-0.99,43.34,-5.39,46.49,-6.21,43.05,-5.34,43.01,-5.31,779,2002,43.01,-5.31
122141,0.0849,0.6849,0.7177,9.09,2.92,-0.84,43.66,-4.89,46.67,-6.18,43.32,-5.29,43.24,-5.27,779,1995,43.24,-5.27
122161,0.0864,0.6878,0.7276,9.47,5.26,-0.92,43.39,-4.93,46.85,-6.09,43.53,-5.11,43.45,-5.13,779,2002,43.45,-5.13
122181,0.0992,0.6944,0.7358,10.12,5.60,-1.12,43.34,-5.60,47.05,-5.98,43.68,-5.05,43.63,-5.04,779,1997,43.63,-5.04
122201,0.0876,0.7001,0.7374,9.07,2.00,-0.63,43.51,-4.92,47.25,-5.90,43.82,-5.01,43.80,-4.97,779,1998,43.80,-4.97
122221,0.0880,0.6984,0.7175,8.86,-0.72,-0.54,44.23,-5.02,47.42,-5.90,43.97,-5.01,43.96,-4.97,775,2001,43.96,-4.97
122241,0.0820,0.6957,0.7159,8.40,2.73,-0.67,44.18,-4.70,47.59,-5.88,44.21,-4.96,44.17,-4.93,777,1997,44.17,-4.93
122261,0.0885,0.6997,0.7205,9.46,2.46,-0.84,44.16,-5.04,47.77,-5.82,44.36,-4.87,44.34,-4.85,780,1998,44.34,-4.85
122281,0.0870,0.7045,0.7220,9.05,0.45,-0.86,44.30,-4.93,47.96,-5.79,44.52,-4.92,44.51,-4.86,775,1996,44.51,-4.86
122301,0.0867,0.7102,0.7102,8.08,0.20,-0.85,45.00,-4.93,48.13,-5.79,44.70,-4.92,44.68,-4.86,774,2002,44.68,-4.86
122321,0.0853,0.7059,0.7118,8.05,1.66,-1.57,44.76,-4.86,48.29,-5.77,44.89,-4.88,44.86,-4.83,776,2002,44.86,-4.83
122340,0.0840,0.7127,0.7183,8.14,-1.68,-1.17,44.78,-4.74,48.45,-5.77,45.00,-4.88,45.00,-4.83,775,1998,45.00,-4.83
122360,0.0892,0.7084,0.7038,7.28,-2.58,-1.31,45.18,-5.10,48.61,-5.82,45.18,-4.95,45.16,-4.89,776,2001,45.16,-4.89
122380,0.0777,0.7120,0.6951,7.27,-2.00,-0.99,45.69,-4.46,48.75,-5.86,45.37,-4.93,45.34,-4.90,776,1997,45.34,-4.90
122400,0.0785,0.7144,0.7144,7.73,-2.58,-0.79,45.00,-4.44,48.90,-5.91,45.50,-4.87,45.48,-4.88,775,2002,45.48,-4.88
122420,0.0825,0.7193,0.7050,7.35,-4.73,0.14,45.58,-4.68,49.06,-5.98,45.60,-4.93,45.60,-4.94,776,2001,45.60,-4.94
122440,0.0781,0.7255,0.6879,6.89,-5.26,0.69,46.52,-4.47,49.20,-6.09,45.79,-4.93,45.77,-4.97,782,1997,45.77,-4.97
122460,0.0725,0.7204,0.6855,6.05,-0.46,1.01,46.42,-4.17,49.33,-6.15,46.07,-4.87,45.99,-4.95,782,1998,45.99,-4.95
122480,0.0896,0.7196,0.6892,6.58,2.47,1.22,46.24,-5.14,49.45,-6.12,46.21,-4.81,46.13,-4.88,782,1996,46.13,-4.88
122500,0.0955,0.7202,0.6976,6.80,2.81,0.88,45.91,-5.44,49.59,-6.06,46.29,-4.86,46.25,-4.87,782,1995,46.25,-4.87
122520,0.1005,0.7261,0.7067,7.05,1.58,0.45,45.77,-5.66,49.73,-6.01,46.33,-4.94,46.34,-4.88,779,1999,46.34,-4.88
122540,0.0917,0.7319,0.6990,6.75,-2.26,1.07,46.32,-5.18,49.87,-6.02,46.38,-5.02,46.42,-4.94,782,1997,46.42,-4.94
122560,0.0789,0.7284,0.6921,6.51,0.32,0.69,46.46,-4.49,49.99,-6.05,46.54,-5.01,46.56,-4.94,780,1995,46.56,-4.94
122580,0.0880,0.7289,0.6926,8.21,1.78,0.70,46.46,-5.00,50.15,-6.03,46.66,-4.93,46.69,-4.88,780,1995,46.69,-4.88
122600,0.1054,0.7321,0.6957,8.88,0.55,0.30,46.46,-5.96,50.32,-6.00,46.76,-5.00,46.82,-4.91,780,2000,46.82,-4.91
122620,0.1018,0.7307,0.6958,8.34,0.63,-0.36,46.40,-5.76,50.49,-5.99,46.88,-5.17,46.95,-5.00,778,1995,46.95,-5.00
122640,0.0961,0.7311,0.6715,8.50,0.37,-0.89,47.43,-5.53,50.66,-5.98,47.06,-5.24,47.11,-5.06,779,2001,47.11,-5.06
122660,0.0902,0.7375,0.6696,8.68,2.29,-1.63,47.76,-5.17,50.83,-5.96,47.32,-5.21,47.33,-5.05,778,1995,47.33,-5.05
122680,0.0866,0.7411,0.6826,8.45,4.65,-2.49,47.35,-4.91,51.00,-5.87,47.53,-5.12,47.52,-4.98,778,2001,47.52,-4.97
122700,0.0880,0.7421,0.6794,8.44,3.27,-1.98,47.53,-5.00,51.17,-5.79,47.66,-4.99,47.66,-4.88,778,2001,47.66,-4.88
122720,0.0746,0.7451,0.6727,8.79,2.27,-1.25,47.92,-4.25,51.34,-5.74,47.82,-4.88,47.83,-4.81,778,1997,47.83,-4.81
122740,0.0867,0.7475,0.6606,8.94,3.54,-1.63,48.53,-4.96,51.52,-5.69,48.07,-4.75,48.04,-4.71,778,2001,48.04,-4.71
122760,0.0746,0.7514,0.6764,8.53,5.03,-1.79,48.01,-4.22,51.70,-5.59,48.29,-4.66,48.25,-4.62,778,2000,48.25,-4.62
122780,0.0740,0.7548,0.6758,8.58,1.97,-0.80,48.16,-4.18,51.87,-5.52,48.41,-4.47,48.39,-4.48,779,1997,48.39,-4.48
122800,0.0728,0.7553,0.6650,8.07,0.52,-0.54,48.64,-4.14,52.03,-5.51,48.59,-4.42,48.57,-4.44,778,1998,48.57,-4.44
122820,0.0691,0.7579,0.6608,7.66,-0.29,0.01,48.91,-3.93,52.19,-5.50,48.76,-4.32,48.73,-4.38,779,1999,48.73,-4.38
122840,0.0797,0.7556,0.6633,7.40,0.32,0.01,48.72,-4.53,52.34,-5.50,48.91,-4.30,48.89,-4.35,780,1995,48.89,-4.35
122860,0.0816,0.7541,0.6626,7.62,-0.86,-0.07,48.70,-4.65,52.49,-5.50,49.02,-4.40,49.02,-4.39,780,2000,49.02,-4.39
122880,0.0716,0.7606,0.6573,7.80,-2.22,0.46,49.17,-4.07,52.64,-5.54,49.15,-4.41,49.15,-4.41,780,1998,49.15,-4.41
122900,0.0744,0.7633,0.6492,7.77,-1.26,0.98,49.62,-4.25,52.80,-5.57,49.36,-4.37,49.34,-4.39,780,2000,49.34,-4.39
122920,0.0779,0.7606,0.6471,7.53,-0.64,1.21,49.61,-4.46,52.95,-5.59,49.52,-4.39,49.50,-4.40,779,1998,49.50,-4.40
122940,0.0773,0.7673,0.6413,7.19,0.17,1.23,50.11,-4.42,53.10,-5.60,49.71,-4.42,49.67,-4.41,780,2000,49.67,-4.41
122960,0.0700,0.7651,0.6443,6.69,1.27,1.86,49.90,-4.00,53.24,-5.57,49.86,-4.33,49.82,-4.35,780,1997,49.82,-4.35
122980,0.0823,0.7628,0.6355,6.85,1.03,2.02,50.20,-4.74,53.37,-5.55,50.04,-4.31,49.99,-4.32,779,1998,49.99,-4.32
123000,0.0824,0.7647,0.6455,6.89,0.61,2.13,49.83,-4.71,53.51,-5.53,50.15,-4.39,50.12,-4.35,779,1999,50.12,-4.35
123020,0.0888,0.7740,0.6447,6.58,-1.55,1.79,50.21,-5.04,53.65,-5.55,50.24,-4.50,50.23,-4.41,780,1998,50.23,-4.41
123040,0.0959,0.7689,0.6378,5.66,-1.00,1.08,50.32,-5.48,53.77,-5.58,50.37,-4.67,50.36,-4.53,780,1999,50.36,-4.53
123060,0.0987,0.7630,0.6349,5.55,0.32,0.14,50.24,-5.68,53.88,-5.58,50.50,-4.84,50.48,-4.64,780,1999,50.48,-4.64
123080,0.0944,0.7722,0.6301,5.99,0.67,-0.67,50.79,-5.41,54.00,-5.58,50.60,-4.99,50.59,-4.75,780,1999,50.59,-4.74
123100,0.0938,0.7791,0.6404,5.54,2.03,-1.97,50.58,-5.32,54.11,-5.55,50.73,-5.02,50.72,-4.78,780,1998,50.72,-4.78
123120,0.0878,0.7786,0.6362,4.60,2.93,-2.82,50.75,-4.99,54.21,-5.50,50.82,-5.00,50.81,-4.78,780,1998,50.81,-4.78
123140,0.0737,0.7762,0.6354,4.25,3.16,-3.05,50.70,-4.20,54.30,-5.44,50.89,-4.86,50.89,-4.70,780,1994,50.89,-4.70
123160,0.0712,0.7812,0.6328,4.61,2.07,-2.53,50.99,-4.05,54.39,-5.39,50.97,-4.65,50.97,-4.58,780,1994,50.97,-4.58
123180,0.0813,0.7806,0.6298,4.24,2.78,-3.01,51.10,-4.64,54.48,-5.34,51.06,-4.57,51.06,-4.52,780,1999,51.06,-4.52
123200,0.0668,0.7794,0.6379,3.73,0.88,-2.32,50.70,-3.79,54.56,-5.30,51.07,-4.47,51.10,-4.46,782,1994,51.10,-4.46
123220,0.0685,0.7800,0.6244,3.72,-0.02,-1.68,51.33,-3.92,54.63,-5.30,51.15,-4.36,51.17,-4.39,782,1997,51.17,-4.39
123240,0.0709,0.7783,0.6238,4.23,0.78,-1.02,51.29,-4.07,54.71,-5.29,51.24,-4.25,51.26,-4.32,782,1997,51.26,-4.32
123260,0.0777,0.7857,0.6295,4.45,0.56,-1.41,51.30,-4.41,54.80,-5.28,51.32,-4.28,51.34,-4.32,782,1999,51.34,-4.32
123280,0.0722,0.7902,0.6318,3.76,-0.18,-1.28,51.36,-4.08,54.88,-5.27,51.37,-4.27,51.40,-4.31,782,1997,51.40,-4.31
123300,0.0634,0.7838,0.6248,3.44,-0.51,-0.66,51.44,-3.62,54.95,-5.28,51.45,-4.20,51.47,-4.27,783,1999,51.47,-4.27
123320,0.0660,0.7851,0.6212,3.82,1.08,-0.63,51.64,-3.77,55.02,-5.28,51.55,-4.13,51.56,-4.22,783,1998,51.56,-4.22
123339,0.0717,0.7863,0.6302,4.45,0.99,-0.19,51.29,-4.07,55.10,-5.25,51.60,-4.05,51.62,-4.15,783,1994,51.62,-4.15
123359,0.0761,0.7893,0.6254,4.19,-0.32,0.10,51.61,-4.32,55.19,-5.25,51.66,-4.06,51.69,-4.14,783,1995,51.69,-4.14
123379,0.0691,0.7915,0.6200,3.66,0.20,-0.14,51.93,-3.93,55.27,-5.25,51.77,-4.09,51.78,-4.14,783,1999,51.78,-4.14
123399,0.0701,0.7884,0.6238,4.04,0.87,0.15,51.65,-3.99,55.34,-5.24,51.83,-4.04,51.84,-4.10,783,1999,51.84,-4.10
123419,0.0644,0.7923,0.6237,4.56,-0.32,0.78,51.79,-3.66,55.43,-5.23,51.87,-3.99,51.90,-4.06,783,1994,51.90,-4.06
123439,0.0713,0.7946,0.6212,4.15,0.10,0.88,51.98,-4.04,55.52,-5.23,51.97,-3.99,51.99,-4.04,783,1998,51.99,-4.05
123459,0.0737,0.7919,0.6185,3.92,0.30,0.57,52.01,-4.20,55.60,-5.23,52.03,-4.03,52.05,-4.06,783,1998,52.05,-4.06
123479,0.0697,0.7941,0.6119,3.71,-0.43,0.96,52.39,-3.98,55.67,-5.23,52.12,-4.04,52.13,-4.05,783,1999,52.13,-4.05
123499,0.0699,0.7941,0.6094,3.51,1.34,0.93,52.50,-4.00,55.74,-5.22,52.26,-4.02,52.24,-4.03,783,1998,52.24,-4.03
123519,0.0736,0.7934,0.6159,3.62,1.26,1.17,52.18,-4.19,55.82,-5.19,52.34,-4.01,52.32,-4.00,781,1998,52.32,-4.00
123539,0.0745,0.7979,0.6130,3.53,0.58,1.03,52.46,-4.23,55.89,-5.18,52.41,-4.04,52.39,-4.01,781,1998,52.39,-4.01
123559,0.0719,0.7956,0.6137,2.92,-0.33,1.26,52.35,-4.09,55.95,-5.18,52.47,-4.07,52.45,-4.03,781,1998,52.45,-4.03
123579,0.0743,0.7915,0.6071,2.63,0.48,1.07,52.51,-4.26,56.00,-5.17,52.54,-4.12,52.51,-4.06,778,1997,52.51,-4.06
123599,0.0809,0.7986,0.6040,2.97,0.70,0.92,52.90,-4.62,56.06,-5.16,52.61,-4.15,52.58,-4.07,780,1996,52.58,-4.07
123619,0.0776,0.7992,0.6135,2.21,0.77,0.47,52.49,-4.40,56.11,-5.15,52.68,-4.20,52.65,-4.10,779,1998,52.65,-4.10
123639,0.0782,0.7990,0.6171,1.94,0.78,-0.08,52.32,-4.43,56.15,-5.12,52.66,-4.25,52.66,-4.13,779,1997,52.66,-4.13
123659,0.0806,0.7958,0.6034,1.85,1.07,0.06,52.83,-4.61,56.19,-5.11,52.68,-4.26,52.68,-4.14,779,1997,52.68,-4.14
123679,0.0818,0.7932,0.6078,2.40,1.71,-0.57,52.54,-4.68,56.23,-5.08,52.72,-4.29,52.72,-4.16,779,2002,52.72,-4.16
123699,0.0726,0.8031,0.6102,2.30,0.56,-0.67,52.77,-4.12,56.28,-5.06,52.75,-4.27,52.76,-4.16,780,1998,52.76,-4.16
123719,0.0669,0.8063,0.6104,1.76,0.10,-0.35,52.87,-3.79,56.32,-5.05,52.77,-4.18,52.78,-4.11,780,1994,52.78,-4.11
123739,0.0705,0.7995,0.6066,1.37,1.14,-0.56,52.81,-4.02,56.35,-5.04,52.85,-4.15,52.84,-4.10,779,1998,52.84,-4.10
123759,0.0616,0.8035,0.6076,1.75,0.47,0.40,52.90,-3.50,56.38,-5.02,52.86,-4.03,52.86,-4.03,780,2001,52.86,-4.03
123779,0.0668,0.8009,0.6103,2.05,0.16,0.81,52.69,-3.80,56.42,-5.02,52.88,-3.96,52.88,-3.98,782,1999,52.88,-3.98
123799,0.0742,0.8022,0.6032,1.99,0.15,1.03,53.06,-4.23,56.46,-5.01,52.92,-3.97,52.92,-3.99,780,2000,52.92,-3.99
123819,0.0717,0.8023,0.6023,1.24,-0.36,1.35,53.10,-4.09,56.49,-5.01,52.98,-3.99,52.97,-3.99,780,1996,52.97,-3.99
123839,0.0800,0.7964,0.5937,0.79,0.15,0.93,53.30,-4.61,56.51,-5.02,53.06,-4.07,53.02,-4.04,780,1999,53.02,-4.04
123859,0.0819,0.7948,0.5959,0.76,-0.04,0.95,53.14,-4.72,56.53,-5.02,53.08,-4.17,53.05,-4.10,780,1994,53.05,-4.10
123879,0.0799,0.8003,0.5952,0.47,1.19,0.05,53.36,-4.58,56.54,-5.00,53.13,-4.27,53.08,-4.16,781,2001,53.08,-4.16
123899,0.0777,0.8045,0.6034,-0.53,1.48,-0.12,53.13,-4.42,56.54,-4.97,53.14,-4.27,53.10,-4.16,780,1998,53.10,-4.16
123919,0.0795,0.8031,0.5998,-1.34,1.79,-0.75,53.25,-4.53,56.52,-4.95,53.13,-4.29,53.09,-4.18,779,1998,53.09,-4.18
123939,0.0719,0.8017,0.6101,-1.40,1.94,-1.10,52.73,-4.08,56.49,-4.91,53.07,-4.27,53.04,-4.17,780,1999,53.04,-4.17
123959,0.0758,0.8031,0.6028,-1.61,1.42,-0.96,53.11,-4.32,56.46,-4.88,52.99,-4.22,52.99,-4.14,780,1998,52.99,-4.14
123979,0.0651,0.8004,0.6098,-1.40,1.76,-1.23,52.70,-3.70,56.43,-4.84,52.95,-4.15,52.95,-4.10,780,1998,52.95,-4.10
123999,0.0755,0.8002,0.5996,-1.58,1.70,-1.23,53.16,-4.32,56.40,-4.81,52.94,-4.10,52.93,-4.07,780,1998,52.93,-4.07
124019,0.0619,0.8014,0.6136,-1.60,1.49,-1.05,52.56,-3.51,56.37,-4.78,52.87,-4.06,52.88,-4.04,780,1998,52.88,-4.04
124039,0.0677,0.7997,0.6073,-1.40,0.49,-0.70,52.79,-3.85,56.34,-4.76,52.80,-3.96,52.83,-3.98,780,1999,52.83,-3.98
124059,0.0683,0.7982,0.6112,-1.50,1.53,-1.14,52.56,-3.89,56.31,-4.74,52.78,-3.97,52.80,-3.98,780,1998,52.80,-3.98
124079,0.0676,0.8005,0.6109,-1.27,0.07,-0.47,52.65,-3.84,56.28,-4.72,52.71,-3.90,52.74,-3.94,780,1999,52.74,-3.94
124099,0.0701,0.7963,0.6102,-1.49,0.99,-1.07,52.53,-4.00,56.25,-4.72,52.69,-3.91,52.72,-3.94,779,1998,52.72,-3.94
124119,0.0700,0.7958,0.6080,-1.08,0.68,-0.95,52.62,-4.00,56.23,-4.70,52.63,-3.92,52.66,-3.94,782,1997,52.66,-3.94
124139,0.0664,0.8001,0.6090,-0.63,1.36,-1.07,52.72,-3.78,56.21,-4.68,52.61,-3.90,52.64,-3.92,780,1998,52.64,-3.92
124159,0.0646,0.8018,0.6215,-0.74,2.24,-1.33,52.22,-3.64,56.20,-4.64,52.59,-3.84,52.62,-3.87,782,2002,52.62,-3.87
124179,0.0641,0.8013,0.6186,-0.40,1.11,-0.99,52.33,-3.62,56.19,-4.61,52.52,-3.76,52.57,-3.81,783,1994,52.57,-3.81
124199,0.0602,0.8009,0.6169,-0.24,0.57,-0.84,52.39,-3.41,56.18,-4.59,52.49,-3.74,52.54,-3.79,783,1997,52.54,-3.79
124219,0.0526,0.8035,0.6088,-0.20,-0.60,0.25,52.85,-2.99,56.18,-4.59,52.48,-3.62,52.53,-3.72,782,1997,52.53,-3.72
124239,0.0653,0.7974,0.6065,0.02,0.94,0.08,52.74,-3.73,56.18,-4.59,52.56,-3.58,52.56,-3.68,782,1997,52.56,-3.68
124259,0.0679,0.8004,0.6146,-0.11,-0.07,0.24,52.48,-3.85,56.18,-4.58,52.56,-3.61,52.56,-3.68,782,1998,52.56,-3.68
124279,0.0619,0.7986,0.6110,-0.52,-1.48,0.63,52.58,-3.52,56.17,-4.60,52.53,-3.63,52.54,-3.70,783,1998,52.54,-3.70
124299,0.0669,0.7991,0.6018,-0.22,-0.38,0.32,53.01,-3.83,56.16,-4.62,52.57,-3.64,52.55,-3.70,783,1994,52.55,-3.70
124318,0.0670,0.7971,0.6135,-0.35,0.08,0.03,52.41,-3.81,56.16,-4.62,52.57,-3.70,52.55,-3.73,783,1998,52.55,-3.73
124338,0.0804,0.7985,0.6035,-0.84,0.23,-0.68,52.92,-4.59,56.15,-4.61,52.58,-3.79,52.55,-3.78,783,2000,52.55,-3.78
124358,0.0587,0.7976,0.6091,-1.11,-0.82,-0.05,52.63,-3.35,56.13,-4.62,52.55,-3.78,52.53,-3.78,783,1999,52.53,-3.78
124378,0.0624,0.7955,0.6003,-0.97,0.76,-0.45,52.96,-3.58,56.11,-4.63,52.60,-3.73,52.55,-3.76,783,1994,52.55,-3.76
124398,0.0678,0.7979,0.6118,-1.05,2.50,-0.52,52.52,-3.86,56.09,-4.59,52.61,-3.72,52.55,-3.73,783,1998,52.55,-3.73
124418,0.0654,0.8033,0.6138,-1.69,1.16,-0.41,52.62,-3.70,56.06,-4.55,52.57,-3.70,52.52,-3.70,783,1999,52.52,-3.70
124438,0.0626,0.7952,0.6073,-2.45,0.68,-0.20,52.63,-3.58,56.02,-4.54,52.54,-3.67,52.49,-3.68,783,1998,52.49,-3.68
124458,0.0673,0.7892,0.6046,-2.63,0.74,-0.50,52.54,-3.87,55.96,-4.52,52.50,-3.69,52.45,-3.69,780,1998,52.45,-3.69
124478,0.0636,0.7939,0.6117,-2.40,1.11,-0.48,52.39,-3.63,55.91,-4.50,52.45,-3.68,52.41,-3.68,780,1998,52.41,-3.68
124498,0.0664,0.7933,0.6181,-2.73,1.94,-0.91,52.07,-3.78,55.86,-4.47,52.36,-3.68,52.34,-3.66,780,1996,52.34,-3.66
124518,0.0565,0.7947,0.6195,-2.66,1.37,-0.70,52.06,-3.21,55.81,-4.44,52.26,-3.61,52.26,-3.61,780,1998,52.26,-3.61
124538,0.0618,0.7983,0.6174,-2.40,1.60,-0.70,52.28,-3.50,55.76,-4.41,52.20,-3.54,52.20,-3.56,780,1998,52.20,-3.56
124558,0.0550,0.8002,0.6315,-2.69,1.22,-0.36,51.72,-3.09,55.71,-4.38,52.11,-3.45,52.12,-3.50,780,1998,52.13,-3.50
124578,0.0555,0.7935,0.6253,-2.70,-0.63,0.19,51.76,-3.14,55.65,-4.38,51.99,-3.40,52.03,-3.46,781,2001,52.03,-3.46
124598,0.0625,0.7881,0.6097,-2.10,-0.22,0.72,52.27,-3.59,55.60,-4.39,51.96,-3.38,51.99,-3.45,779,1997,51.99,-3.45
124618,0.0644,0.7938,0.6216,-1.97,0.48,0.24,51.93,-3.66,55.57,-4.38,51.96,-3.44,51.96,-3.47,780,1998,51.96,-3.47
124638,0.0685,0.7960,0.6194,-2.62,0.01,0.46,52.11,-3.89,55.52,-4.38,51.88,-3.47,51.90,-3.48,780,1998,51.90,-3.48
124658,0.0610,0.7884,0.6166,-2.88,0.40,-0.12,51.97,-3.49,55.46,-4.37,51.86,-3.51,51.85,-3.50,782,1998,51.86,-3.50
124678,0.0659,0.7886,0.6223,-2.33,1.00,-0.53,51.72,-3.75,55.41,-4.36,51.79,-3.52,51.80,-3.51,780,1994,51.80,-3.50
124698,0.0657,0.7900,0.6195,-2.37,0.82,-0.86,51.89,-3.74,55.36,-4.34,51.74,-3.56,51.74,-3.52,779,1999,51.74,-3.52
124718,0.0659,0.7879,0.6192,-2.47,1.07,-1.38,51.84,-3.76,55.31,-4.32,51.72,-3.60,51.71,-3.54,778,1998,51.71,-3.54
124738,0.0559,0.7897,0.6225,-2.92,1.00,-1.02,51.75,-3.18,55.26,-4.30,51.67,-3.52,51.66,-3.50,779,1998,51.66,-3.50
124758,0.0563,0.7863,0.6174,-3.29,1.63,-1.04,51.86,-3.22,55.20,-4.27,51.66,-3.43,51.62,-3.44,780,1998,51.62,-3.44
124778,0.0551,0.7854,0.6164,-3.47,1.68,-0.59,51.87,-3.16,55.13,-4.24,51.62,-3.35,51.58,-3.38,780,2001,51.58,-3.38
124798,0.0584,0.7843,0.6239,-3.85,1.95,-0.42,51.50,-3.34,55.05,-4.20,51.58,-3.29,51.53,-3.32,779,2000,51.53,-3.32
124818,0.0584,0.7886,0.6286,-4.27,1.58,-0.34,51.44,-3.31,54.97,-4.16,51.49,-3.26,51.44,-3.28,780,2000,51.44,-3.28
124838,0.0527,0.7835,0.6262,-4.62,1.07,0.29,51.37,-3.01,54.88,-4.14,51.38,-3.20,51.35,-3.24,780,1998,51.35,-3.24
124858,0.0535,0.7819,0.6255,-4.46,1.26,0.34,51.34,-3.06,54.79,-4.12,51.30,-3.16,51.27,-3.20,780,1998,51.27,-3.20
124878,0.0613,0.7853,0.6366,-4.51,2.35,0.39,50.97,-3.47,54.70,-4.08,51.18,-3.12,51.16,-3.16,781,2001,51.16,-3.16
124898,0.0640,0.7811,0.6421,-4.53,1.83,0.13,50.58,-3.62,54.61,-4.04,51.03,-3.18,51.04,-3.17,780,1998,51.04,-3.17
124918,0.0587,0.7786,0.6397,-4.18,0.84,0.20,50.59,-3.33,54.53,-4.02,50.88,-3.20,50.91,-3.17,780,1998,50.91,-3.17
124938,0.0524,0.7805,0.6413,-3.52,1.40,-0.07,50.59,-2.97,54.45,-3.99,50.78,-3.18,50.82,-3.15,780,1999,50.82,-3.15
124958,0.0545,0.7839,0.6496,-3.03,1.49,-0.20,50.35,-3.06,54.38,-3.96,50.66,-3.12,50.72,-3.11,779,1998,50.72,-3.11
124978,0.0549,0.7828,0.6439,-3.11,0.06,0.21,50.56,-3.10,54.33,-3.95,50.54,-3.08,50.61,-3.08,780,1998,50.61,-3.08
124998,0.0449,0.7744,0.6401,-2.63,-0.83,0.71,50.43,-2.56,54.26,-3.95,50.46,-3.05,50.53,-3.07,780,1998,50.53,-3.07
125018,0.0500,0.7740,0.6380,-1.83,-0.72,1.16,50.50,-2.85,54.22,-3.97,50.45,-2.98,50.49,-3.03,780,1999,50.49,-3.03
125038,0.0611,0.7774,0.6397,-2.03,-0.89,1.59,50.55,-3.47,54.18,-3.98,50.44,-3.03,50.46,-3.06,780,1999,50.46,-3.06
125058,0.0529,0.7723,0.6407,-2.48,-1.06,2.05,50.32,-3.02,54.14,-4.00,50.40,-3.08,50.41,-3.09,780,1998,50.41,-3.09
125078,0.0531,0.7720,0.6329,-2.08,-0.33,1.93,50.65,-3.05,54.09,-4.02,50.40,-3.08,50.39,-3.10,780,1998,50.39,-3.10
125098,0.0613,0.7774,0.6382,-2.16,-0.10,2.16,50.61,-3.49,54.05,-4.02,50.39,-3.11,50.37,-3.12,782,1998,50.37,-3.12
125118,0.0632,0.7768,0.6441,-2.52,-0.51,1.78,50.34,-3.58,54.00,-4.02,50.34,-3.21,50.32,-3.18,782,1997,50.32,-3.18
125138,0.0584,0.7761,0.6429,-3.03,-0.93,1.71,50.37,-3.32,53.95,-4.04,50.28,-3.26,50.26,-3.21,782,2002,50.26,-3.21
125158,0.0724,0.7693,0.6309,-3.15,-0.33,1.35,50.65,-4.16,53.88,-4.06,50.25,-3.38,50.21,-3.29,782,1998,50.21,-3.29
125178,0.0686,0.7687,0.6444,-3.11,1.19,0.81,50.02,-3.91,53.82,-4.04,50.20,-3.48,50.16,-3.36,782,1997,50.16,-3.36
125198,0.0697,0.7736,0.6490,-3.12,1.16,0.03,50.01,-3.95,53.76,-4.02,50.11,-3.52,50.09,-3.39,782,1997,50.09,-3.39
125218,0.0740,0.7718,0.6474,-3.37,1.29,-0.86,50.01,-4.20,53.70,-4.00,50.01,-3.62,50.00,-3.46,780,1997,50.00,-3.46
125238,0.0706,0.7682,0.6474,-2.77,0.84,-1.25,49.88,-4.02,53.63,-3.97,49.90,-3.63,49.91,-3.48,781,2001,49.91,-3.48
125258,0.0611,0.7681,0.6500,-2.53,1.20,-1.83,49.76,-3.47,53.58,-3.95,49.84,-3.67,49.85,-3.52,782,1997,49.85,-3.52
125278,0.0558,0.7710,0.6519,-2.28,1.21,-1.73,49.79,-3.17,53.53,-3.93,49.77,-3.56,49.78,-3.47,782,1998,49.78,-3.47
125298,0.0547,0.7695,0.6477,-1.91,1.68,-1.70,49.91,-3.11,53.49,-3.90,49.75,-3.47,49.75,-3.43,783,1998,49.75,-3.42
125317,0.0521,0.7733,0.6536,-1.66,0.95,-1.28,49.80,-2.94,53.45,-3.87,49.72,-3.35,49.71,-3.36,782,1997,49.71,-3.36
125337,0.0467,0.7726,0.6572,-1.76,0.24,-0.70,49.62,-2.64,53.42,-3.86,49.67,-3.21,49.67,-3.28,782,1998,49.67,-3.28
125357,0.0570,0.7641,0.6542,-1.70,0.86,-0.66,49.43,-3.24,53.39,-3.85,49.64,-3.20,49.63,-3.26,782,1997,49.63,-3.26
125377,0.0543,0.7644,0.6521,-0.65,-0.03,0.08,49.53,-3.09,53.36,-3.84,49.57,-3.16,49.58,-3.24,782,1997,49.58,-3.24
125397,0.0524,0.7720,0.6540,-0.68,-0.19,-0.25,49.73,-2.97,53.35,-3.85,49.59,-3.15,49.58,-3.23,780,1996,49.58,-3.23
125417,0.0535,0.7699,0.6554,-1.44,-0.09,-0.25,49.59,-3.03,53.33,-3.85,49.59,-3.13,49.57,-3.22,780,1998,49.57,-3.22
125437,0.0566,0.7610,0.6468,-1.51,0.89,-0.37,49.64,-3.25,53.30,-3.84,49.59,-3.12,49.56,-3.20,780,2002,49.56,-3.20
125457,0.0588,0.7624,0.6494,-1.24,1.36,-0.57,49.58,-3.36,53.27,-3.82,49.58,-3.13,49.54,-3.19,780,2001,49.54,-3.19
125477,0.0573,0.7680,0.6516,-1.30,0.36,-0.49,49.69,-3.26,53.25,-3.80,49.53,-3.15,49.50,-3.19,780,2002,49.50,-3.19
125497,0.0546,0.7649,0.6505,-1.40,0.40,-0.81,49.62,-3.11,53.22,-3.79,49.55,-3.15,49.50,-3.19,780,2001,49.50,-3.19
125517,0.0521,0.7713,0.6527,-1.86,0.13,-0.70,49.76,-2.95,53.19,-3.79,49.54,-3.10,49.49,-3.16,780,1996,49.49,-3.16
125537,0.0501,0.7608,0.6432,-2.76,0.50,-0.46,49.79,-2.88,53.14,-3.78,49.54,-3.05,49.47,-3.12,780,1996,49.47,-3.12
125557,0.0564,0.7584,0.6388,-3.21,2.28,-0.94,49.89,-3.25,53.08,-3.75,49.57,-3.06,49.47,-3.11,779,1998,49.47,-3.11
125577,0.0532,0.7622,0.6522,-3.35,2.71,-0.81,49.45,-3.03,53.01,-3.70,49.52,-3.04,49.42,-3.08,778,2001,49.42,-3.08
125597,0.0491,0.7613,0.6521,-4.12,1.56,-0.66,49.42,-2.81,52.94,-3.66,49.42,-2.98,49.35,-3.02,778,2001,49.35,-3.02
125617,0.0472,0.7602,0.6483,-4.49,1.13,-0.27,49.54,-2.70,52.85,-3.64,49.35,-2.90,49.28,-2.97,779,1998,49.28,-2.97
125637,0.0527,0.7623,0.6629,-4.01,1.20,-0.24,48.99,-2.98,52.76,-3.61,49.24,-2.84,49.19,-2.92,781,1997,49.19,-2.92
125657,0.0600,0.7614,0.6650,-4.42,1.42,-0.64,48.87,-3.40,52.68,-3.58,49.11,-2.90,49.08,-2.93,779,2000,49.08,-2.93
125677,0.0503,0.7598,0.6605,-4.30,1.13,-0.89,49.00,-2.86,52.59,-3.56,48.97,-2.92,48.97,-2.93,781,2001,48.97,-2.93
125697,0.0445,0.7607,0.6633,-3.92,1.23,-0.83,48.91,-2.53,52.51,-3.54,48.87,-2.85,48.88,-2.88,779,1998,48.88,-2.88
125717,0.0580,0.7610,0.6650,-3.76,1.39,-0.99,48.85,-3.28,52.43,-3.51,48.75,-2.80,48.78,-2.84,779,2000,48.78,-2.84
125737,0.0433,0.7556,0.6704,-3.98,1.23,-0.86,48.42,-2.46,52.35,-3.48,48.64,-2.80,48.68,-2.83,779,1995,48.68,-2.83
125757,0.0383,0.7549,0.6661,-3.11,0.54,-0.43,48.58,-2.18,52.29,-3.47,48.54,-2.68,48.58,-2.75,779,1999,48.58,-2.75
125777,0.0405,0.7574,0.6711,-2.60,0.64,0.08,48.46,-2.29,52.23,-3.45,48.50,-2.60,48.53,-2.69,779,1998,48.53,-2.69
125797,0.0363,0.7587,0.6851,-2.39,-1.19,1.10,47.92,-2.03,52.18,-3.46,48.38,-2.50,48.43,-2.63,780,1994,48.43,-2.63
125817,0.0470,0.7536,0.6709,-1.90,-2.31,1.55,48.32,-2.67,52.14,-3.50,48.30,-2.53,48.36,-2.65,779,2001,48.36,-2.65
125837,0.0483,0.7528,0.6729,-1.46,-2.16,1.87,48.21,-2.74,52.10,-3.54,48.29,-2.59,48.33,-2.68,778,1998,48.33,-2.68
125857,0.0548,0.7518,0.6671,-1.48,-2.38,2.08,48.42,-3.12,52.08,-3.59,48.29,-2.69,48.31,-2.75,780,1999,48.31,-2.75
125877,0.0467,0.7550,0.6695,-0.87,-1.71,2.32,48.43,-2.65,52.05,-3.63,48.27,-2.72,48.28,-2.78,779,1998,48.28,-2.78
125897,0.0556,0.7491,0.6718,-0.40,-1.97,2.42,48.11,-3.17,52.04,-3.67,48.26,-2.79,48.27,-2.82,780,1998,48.27,-2.82
125917,0.0633,0.7543,0.6723,-0.50,-1.67,2.00,48.29,-3.59,52.03,-3.71,48.27,-2.95,48.27,-2.93,779,2002,48.27,-2.93
125937,0.0574,0.7524,0.6718,-0.77,-2.42,1.72,48.24,-3.26,52.02,-3.75,48.26,-3.06,48.25,-3.01,779,1996,48.25,-3.01
125957,0.0677,0.7482,0.6563,-0.89,-1.60,1.14,48.74,-3.89,52.00,-3.79,48.29,-3.21,48.26,-3.12,779,1997,48.26,-3.12
125977,0.0527,0.7532,0.6651,-0.60,-0.13,0.74,48.56,-3.00,51.99,-3.80,48.32,-3.25,48.28,-3.16,779,1998,48.28,-3.16
125997,0.0583,0.7566,0.6738,-0.62,0.26,0.47,48.31,-3.29,51.98,-3.80,48.31,-3.20,48.27,-3.14,779,1998,48.27,-3.14
126017,0.0597,0.7524,0.6660,-1.43,-0.51,0.69,48.49,-3.40,51.96,-3.80,48.31,-3.24,48.26,-3.17,779,1996,48.26,-3.17
126037,0.0554,0.7494,0.6583,-1.37,0.35,0.39,48.70,-3.18,51.93,-3.81,48.33,-3.26,48.27,-3.20,779,1997,48.27,-3.20
126057,0.0561,0.7510,0.6723,-1.12,1.17,0.36,48.17,-3.19,51.90,-3.78,48.33,-3.21,48.27,-3.17,781,2001,48.27,-3.17
126077,0.0542,0.7536,0.6741,-1.89,-0.42,0.52,48.19,-3.07,51.87,-3.78,48.26,-3.23,48.22,-3.19,781,1996,48.22,-3.19
126097,0.0494,0.7472,0.6659,-1.87,0.32,1.10,48.29,-2.83,51.83,-3.79,48.24,-3.17,48.20,-3.16,782,1997,48.19,-3.16
126117,0.0573,0.7480,0.6668,-1.31,2.40,0.68,48.29,-3.27,51.80,-3.75,48.24,-3.11,48.19,-3.12,781,1997,48.19,-3.12
126137,0.0621,0.7534,0.6875,-1.45,0.60,0.67,47.62,-3.49,51.78,-3.72,48.12,-3.16,48.11,-3.13,782,1996,48.11,-3.13
126157,0.0574,0.7496,0.6791,-1.55,-0.37,0.86,47.83,-3.25,51.75,-3.72,48.03,-3.17,48.05,-3.15,781,1998,48.05,-3.15
126177,0.0542,0.7479,0.6677,-0.97,-0.85,0.87,48.24,-3.09,51.72,-3.74,48.01,-3.17,48.02,-3.16,782,1996,48.02,-3.16
126197,0.0668,0.7471,0.6718,-1.11,-0.12,0.56,48.04,-3.80,51.70,-3.75,48.01,-3.23,48.02,-3.20,781,1997,48.02,-3.20
126217,0.0649,0.7470,0.6722,-1.44,0.91,-0.35,48.02,-3.69,51.68,-3.74,47.99,-3.33,47.99,-3.26,781,1997,47.99,-3.26
126237,0.0604,0.7416,0.6704,-1.35,1.09,-0.53,47.89,-3.46,51.65,-3.72,47.96,-3.36,47.96,-3.28,779,2002,47.96,-3.28
126257,0.0587,0.7470,0.6744,-1.48,1.43,-1.20,47.92,-3.34,51.62,-3.70,47.94,-3.37,47.94,-3.29,782,1998,47.94,-3.29
126277,0.0596,0.7457,0.6693,-1.86,1.23,-1.26,48.09,-3.40,51.58,-3.67,47.91,-3.34,47.91,-3.29,782,1996,47.91,-3.28
126296,0.0505,0.7464,0.6719,-2.13,1.49,-1.50,48.01,-2.88,51.54,-3.64,47.92,-3.28,47.89,-3.25,782,1998,47.89,-3.25
126316,0.0522,0.7452,0.6698,-2.60,0.91,-1.26,48.05,-2.98,51.49,-3.62,47.90,-3.19,47.86,-3.20,782,1998,47.86,-3.20
126336,0.0531,0.7417,0.6623,-3.37,1.61,-1.18,48.23,-3.06,51.43,-3.59,47.92,-3.15,47.86,-3.17,780,1997,47.86,-3.17
126356,0.0452,0.7428,0.6696,-3.63,2.16,-0.83,47.97,-2.59,51.36,-3.56,47.90,-3.05,47.82,-3.10,780,1998,47.82,-3.10
126376,0.0547,0.7443,0.6758,-4.17,2.29,-0.77,47.76,-3.12,51.29,-3.51,47.84,-2.99,47.77,-3.05,780,1997,47.77,-3.05
126396,0.0548,0.7402,0.6765,-5.12,1.91,-0.84,47.57,-3.13,51.19,-3.47,47.74,-2.98,47.68,-3.02,780,1998,47.68,-3.02
126416,0.0474,0.7439,0.6786,-5.42,0.74,-0.66,47.63,-2.69,51.09,-3.45,47.61,-2.95,47.57,-3.00,780,1998,47.57,-3.00
126436,0.0490,0.7412,0.6755,-5.42,1.53,-0.48,47.66,-2.80,50.98,-3.43,47.51,-2.87,47.48,-2.94,780,1998,47.48,-2.94
126456,0.0604,0.7329,0.6800,-5.44,2.93,-0.94,47.14,-3.46,50.87,-3.38,47.38,-2.89,47.36,-2.93,779,1997,47.36,-2.93
126476,0.0532,0.7362,0.6906,-5.47,2.07,-1.34,46.83,-3.02,50.76,-3.33,47.21,-2.92,47.22,-2.93,780,2001,47.22,-2.93
126496,0.0474,0.7360,0.6859,-5.46,1.83,-1.28,47.02,-2.69,50.65,-3.29,47.06,-2.87,47.09,-2.89,779,1997,47.09,-2.89
126516,0.0509,0.7321,0.6912,-4.89,3.19,-1.63,46.65,-2.90,50.54,-3.24,46.91,-2.80,46.96,-2.83,779,1997,46.96,-2.83
126536,0.0438,0.7347,0.7031,-4.61,2.02,-1.43,46.26,-2.46,50.45,-3.18,46.74,-2.72,46.82,-2.76,780,1999,46.82,-2.76
126556,0.0378,0.7380,0.6988,-4.38,0.85,-0.99,46.56,-2.13,50.36,-3.16,46.61,-2.61,46.70,-2.69,782,1997,46.70,-2.69
126576,0.0436,0.7297,0.6869,-4.16,1.49,-0.60,46.73,-2.49,50.28,-3.14,46.54,-2.53,46.61,-2.62,779,1995,46.61,-2.62
126596,0.0409,0.7302,0.6976,-3.67,1.24,-0.41,46.31,-2.32,50.20,-3.11,46.43,-2.47,46.51,-2.57,779,1996,46.51,-2.57
126616,0.0421,0.7330,0.6987,-3.64,0.72,-0.15,46.37,-2.38,50.13,-3.09,46.35,-2.43,46.42,-2.53,781,1996,46.42,-2.53
126636,0.0425,0.7278,0.6925,-3.81,0.77,0.11,46.43,-2.42,50.05,-3.07,46.28,-2.41,46.34,-2.50,778,1998,46.34,-2.50
126656,0.0454,0.7237,0.6918,-3.26,1.45,0.04,46.29,-2.59,49.98,-3.05,46.23,-2.41,46.27,-2.48,779,1999,46.27,-2.48
126676,0.0453,0.7318,0.7043,-3.27,1.01,-0.02,46.10,-2.55,49.92,-3.02,46.16,-2.41,46.20,-2.46,779,1998,46.20,-2.46
126696,0.0411,0.7256,0.6990,-3.42,0.03,0.17,46.07,-2.34,49.85,-3.02,46.09,-2.40,46.12,-2.46,779,1994,46.12,-2.46
126716,0.0444,0.7218,0.6858,-3.47,0.34,0.39,46.47,-2.55,49.78,-3.01,46.08,-2.41,46.08,-2.45,779,1998,46.08,-2.45
126736,0.0422,0.7274,0.6971,-3.18,0.09,0.55,46.22,-2.40,49.72,-3.01,46.05,-2.41,46.04,-2.45,777,1998,46.04,-2.45
126756,0.0392,0.7280,0.7063,-3.90,-0.44,0.72,45.86,-2.22,49.65,-3.01,45.97,-2.40,45.96,-2.44,777,1998,45.96,-2.44
126776,0.0540,0.7184,0.6813,-4.58,0.25,0.53,46.52,-3.12,49.56,-3.02,45.95,-2.45,45.91,-2.47,779,1993,45.91,-2.47
126796,0.0505,0.7146,0.6922,-4.66,2.36,-0.02,45.91,-2.91,49.46,-2.99,45.92,-2.53,45.86,-2.50,778,1997,45.86,-2.50
126816,0.0668,0.7210,0.6950,-4.30,1.32,-0.71,46.05,-3.82,49.38,-2.95,45.81,-2.60,45.77,-2.53,780,2000,45.77,-2.53
126836,0.0515,0.7165,0.7112,-4.86,1.86,-1.71,45.21,-2.92,49.28,-2.92,45.65,-2.72,45.64,-2.59,772,1997,45.64,-2.59
126856,0.0504,0.7149,0.7044,-4.69,2.32,-2.70,45.42,-2.87,49.19,-2.87,45.54,-2.69,45.54,-2.58,773,1998,45.54,-2.58
126876,0.0437,0.7189,0.7141,-4.24,1.92,-3.04,45.19,-2.47,49.10,-2.83,45.40,-2.66,45.42,-2.57,773,2000,45.42,-2.57
126896,0.0352,0.7191,0.7060,-4.63,2.74,-3.15,45.53,-2.00,49.01,-2.78,45.31,-2.55,45.33,-2.50,772,1995,45.33,-2.50
126916,0.0337,0.7163,0.7210,-3.67,4.61,-2.73,44.81,-1.90,48.93,-2.72,45.24,-2.34,45.25,-2.36,772,1995,45.25,-2.36
126936,0.0249,0.7236,0.7326,-3.33,2.61,-2.35,44.64,-1.38,48.86,-2.64,45.10,-2.12,45.14,-2.21,772,1995,45.14,-2.21
126956,0.0281,0.7170,0.7152,-3.18,0.49,-1.54,45.07,-1.59,48.80,-2.62,44.99,-1.99,45.04,-2.12,775,1998,45.04,-2.12
126976,0.0263,0.7094,0.7138,-2.42,0.79,-0.86,44.82,-1.50,48.74,-2.61,44.94,-1.89,44.98,-2.04,772,1996,44.98,-2.04
126996,0.0323,0.7143,0.7108,-1.53,-0.05,-0.13,45.14,-1.83,48.70,-2.61,44.91,-1.81,44.94,-1.98,775,1997,44.94,-1.98
127016,0.0348,0.7132,0.7222,-1.95,0.31,0.03,44.64,-1.96,48.67,-2.60,44.86,-1.83,44.89,-1.97,775,1995,44.89,-1.97
127036,0.0305,0.7110,0.7192,-1.56,-1.10,0.14,44.67,-1.73,48.63,-2.61,44.82,-1.84,44.84,-1.96,775,1997,44.85,-1.96
127056,0.0379,0.7130,0.7167,-1.63,-0.10,-0.03,44.85,-2.15,48.60,-2.63,44.82,-1.88,44.83,-1.97,775,1995,44.83,-1.97
127076,0.0392,0.7091,0.7131,-1.58,-0.48,-0.15,44.84,-2.23,48.57,-2.63,44.78,-1.94,44.79,-2.00,775,2001,44.79,-2.00
127096,0.0254,0.7112,0.7148,-1.46,-1.05,0.21,44.86,-1.45,48.54,-2.65,44.77,-1.94,44.76,-2.00,775,1996,44.76,-2.00
127116,0.0269,0.7121,0.7231,-1.09,0.10,0.43,44.56,-1.52,48.52,-2.66,44.75,-1.87,44.74,-1.95,775,2001,44.74,-1.95
127136,0.0360,0.7111,0.7226,-0.98,-1.33,1.01,44.54,-2.04,48.50,-2.67,44.70,-1.88,44.70,-1.95,775,2001,44.70,-1.95
127156,0.0419,0.7083,0.7083,-1.05,-1.10,0.76,45.00,-2.40,48.47,-2.70,44.71,-1.97,44.70,-2.01,774,1999,44.70,-2.01
127176,0.0372,0.7086,0.7108,-1.05,-0.68,0.53,44.91,-2.12,48.45,-2.72,44.73,-2.06,44.70,-2.06,775,1999,44.70,-2.06
127196,0.0370,0.7104,0.7181,-0.77,0.10,0.33,44.69,-2.10,48.44,-2.72,44.73,-2.06,44.69,-2.06,775,1996,44.69,-2.06
127216,0.0454,0.7068,0.7164,-1.05,0.16,0.34,44.61,-2.58,48.42,-2.72,44.70,-2.10,44.67,-2.07,775,1995,44.67,-2.07
127236,0.0363,0.7051,0.7126,-0.63,0.16,-0.04,44.70,-2.08,48.40,-2.72,44.67,-2.14,44.65,-2.10,776,1999,44.65,-2.10
127256,0.0417,0.7074,0.7206,-0.57,0.84,-0.18,44.47,-2.36,48.39,-2.71,44.67,-2.14,44.64,-2.10,776,1998,44.64,-2.10
127275,0.0383,0.7051,0.7218,-0.27,0.12,-0.32,44.33,-2.17,48.38,-2.70,44.60,-2.16,44.60,-2.11,776,1998,44.60,-2.11
127295,0.0345,0.7054,0.7179,0.29,1.52,-0.72,44.50,-1.96,48.38,-2.68,44.59,-2.14,44.59,-2.10,774,1996,44.59,-2.10
127315,0.0258,0.7146,0.7324,1.05,0.65,-0.29,44.30,-1.45,48.39,-2.65,44.54,-2.05,44.57,-2.04,774,1997,44.57,-2.04
127335,0.0258,0.7135,0.7204,1.31,-0.80,0.36,44.72,-1.46,48.42,-2.66,44.55,-1.92,44.58,-1.97,773,1997,44.58,-1.97
127355,0.0314,0.7073,0.7157,1.60,0.16,0.81,44.66,-1.79,48.45,-2.66,44.62,-1.90,44.62,-1.95,773,1997,44.62,-1.95
127375,0.0297,0.7111,0.7146,2.17,-1.00,1.36,44.86,-1.69,48.49,-2.67,44.66,-1.85,44.66,-1.92,773,1996,44.66,-1.92
127395,0.0345,0.7097,0.7113,2.05,-2.00,1.96,44.94,-1.97,48.53,-2.70,44.72,-1.89,44.71,-1.94,774,1998,44.71,-1.94
127415,0.0377,0.7061,0.7019,1.98,-1.87,2.30,45.17,-2.17,48.57,-2.75,44.83,-1.96,44.79,-1.99,773,2001,44.79,-1.99
127435,0.0421,0.7111,0.7092,1.98,-1.64,2.24,45.07,-2.40,48.61,-2.78,44.91,-2.03,44.85,-2.04,773,1997,44.85,-2.04
127455,0.0460,0.7116,0.7111,1.27,-1.97,1.88,45.02,-2.62,48.64,-2.82,44.96,-2.15,44.90,-2.12,773,1995,44.90,-2.12
127475,0.0484,0.7070,0.7001,0.63,-1.29,1.30,45.28,-2.79,48.66,-2.85,45.03,-2.29,44.96,-2.22,771,1996,44.96,-2.22
127495,0.0492,0.7080,0.7030,0.60,0.13,0.50,45.20,-2.82,48.67,-2.86,45.08,-2.40,45.00,-2.29,774,1998,45.00,-2.29
127515,0.0497,0.7095,0.7094,0.00,-0.85,0.24,45.00,-2.84,48.68,-2.86,45.09,-2.49,45.02,-2.36,770,2001,45.02,-2.36
127535,0.0334,0.7143,0.7080,-0.72,-1.75,0.46,45.26,-1.90,48.67,-2.89,45.11,-2.46,45.03,-2.37,774,1998,45.03,-2.37
127555,0.0376,0.7114,0.7024,-1.05,-0.43,0.51,45.37,-2.16,48.65,-2.91,45.12,-2.37,45.04,-2.34,775,1998,45.04,-2.34
127575,0.0535,0.7045,0.6948,-1.56,0.00,0.72,45.40,-3.09,48.63,-2.92,45.13,-2.40,45.05,-2.36,772,1996,45.05,-2.36
127595,0.0417,0.7092,0.7123,-1.92,-0.42,0.46,44.87,-2.37,48.59,-2.92,45.11,-2.49,45.03,-2.42,775,1999,45.03,-2.42
127615,0.0358,0.7173,0.7187,-2.04,-0.94,0.84,44.94,-2.02,48.55,-2.94,45.03,-2.40,44.98,-2.39,773,1996,44.98,-2.39
127635,0.0486,0.7072,0.7083,-2.63,1.13,0.12,44.95,-2.78,48.50,-2.93,45.01,-2.43,44.96,-2.40,772,1997,44.96,-2.40
127655,0.0421,0.7092,0.7114,-2.64,1.56,-0.25,44.91,-2.40,48.45,-2.90,44.93,-2.45,44.90,-2.40,773,1998,44.90,-2.40
127675,0.0401,0.7083,0.7220,-2.61,1.49,-0.25,44.45,-2.27,48.39,-2.87,44.83,-2.40,44.82,-2.37,773,1996,44.82,-2.37
127695,0.0418,0.7049,0.7145,-3.18,1.49,0.08,44.61,-2.38,48.34,-2.84,44.76,-2.37,44.76,-2.34,772,1998,44.76,-2.34
127715,0.0371,0.7038,0.7083,-2.87,1.29,0.14,44.82,-2.13,48.28,-2.82,44.72,-2.33,44.72,-2.32,773,1998,44.72,-2.32
127735,0.0319,0.7065,0.7228,-2.92,0.40,0.69,44.35,-1.81,48.22,-2.80,44.64,-2.24,44.65,-2.26,773,2001,44.65,-2.26
127755,0.0334,0.7096,0.7213,-2.98,0.39,1.27,44.53,-1.89,48.16,-2.80,44.56,-2.15,44.58,-2.21,772,1998,44.58,-2.21
127775,0.0412,0.7062,0.7254,-2.80,0.71,1.28,44.23,-2.33,48.10,-2.78,44.47,-2.15,44.50,-2.19,775,2001,44.50,-2.19
127795,0.0500,0.7024,0.7181,-2.84,-0.32,1.23,44.37,-2.85,48.04,-2.78,44.37,-2.22,44.42,-2.23,772,2002,44.42,-2.23
127815,0.0532,0.6974,0.7147,-3.21,0.13,0.66,44.30,-3.05,47.98,-2.78,44.32,-2.36,44.36,-2.31,773,2002,44.36,-2.31
127835,0.0492,0.6999,0.7173,-3.08,1.37,-0.23,44.30,-2.81,47.92,-2.76,44.28,-2.43,44.31,-2.35,773,1995,44.31,-2.35
127855,0.0530,0.7018,0.7172,-3.60,2.13,-0.92,44.38,-3.03,47.85,-2.73,44.22,-2.48,44.25,-2.38,773,1996,44.25,-2.38
127875,0.0506,0.6970,0.7181,-3.73,1.45,-1.38,44.14,-2.90,47.78,-2.69,44.14,-2.50,44.17,-2.39,773,1995,44.17,-2.39
127895,0.0491,0.6957,0.7153,-4.46,1.43,-2.01,44.20,-2.82,47.70,-2.66,44.09,-2.56,44.10,-2.43,777,1998,44.10,-2.43
127915,0.0308,0.6958,0.7153,-4.94,2.33,-2.24,44.21,-1.77,47.60,-2.62,44.02,-2.48,44.02,-2.39,776,1999,44.02,-2.39
127935,0.0388,0.6958,0.7108,-5.21,4.10,-2.25,44.39,-2.23,47.50,-2.56,43.98,-2.32,43.95,-2.29,775,1995,43.95,-2.29
127955,0.0416,0.6931,0.7285,-5.76,4.52,-2.37,43.57,-2.37,47.39,-2.46,43.88,-2.23,43.86,-2.20,781,1996,43.86,-2.20
127975,0.0348,0.6942,0.7293,-6.50,4.25,-2.54,43.59,-1.98,47.26,-2.38,43.72,-2.15,43.72,-2.13,782,1997,43.72,-2.13
127995,0.0243,0.6939,0.7332,-6.17,4.13,-2.31,43.43,-1.38,47.14,-2.29,43.56,-1.96,43.57,-2.00,782,1995,43.57,-2.00
128015,0.0319,0.6911,0.7373,-5.77,3.64,-2.20,43.15,-1.81,47.02,-2.22,43.40,-1.84,43.43,-1.89,781,2001,43.43,-1.89
128035,0.0295,0.6913,0.7468,-5.68,2.73,-2.07,42.79,-1.66,46.90,-2.15,43.23,-1.77,43.28,-1.83,781,1997,43.28,-1.83
128055,0.0267,0.6892,0.7450,-5.05,1.81,-2.01,42.77,-1.51,46.79,-2.11,43.06,-1.69,43.13,-1.76,781,1996,43.13,-1.76
128075,0.0217,0.6868,0.7436,-4.49,1.37,-1.59,42.73,-1.23,46.70,-2.08,42.95,-1.62,43.02,-1.70,781,1995,43.02,-1.70
128095,0.0151,0.6887,0.7478,-3.71,0.39,-1.00,42.64,-0.85,46.62,-2.06,42.83,-1.49,42.91,-1.62,780,1998,42.91,-1.62
128115,0.0216,0.6884,0.7511,-3.43,-0.35,-0.70,42.51,-1.22,46.55,-2.06,42.72,-1.41,42.81,-1.56,781,1995,42.81,-1.56
128135,0.0220,0.6829,0.7458,-3.15,-1.55,-0.25,42.48,-1.25,46.48,-2.08,42.63,-1.42,42.72,-1.55,781,1996,42.72,-1.56
128155,0.0097,0.6849,0.7736,-1.94,-4.06,0.26,41.52,-0.54,46.43,-2.14,42.50,-1.38,42.61,-1.54,775,2000,42.61,-1.54
128175,0.0283,0.6815,0.7495,-2.56,-5.10,0.57,42.28,-1.60,46.39,-2.23,42.49,-1.53,42.57,-1.65,781,2001,42.57,-1.65
128195,0.0373,0.6767,0.7139,-2.74,-3.00,0.46,43.47,-2.17,46.34,-2.32,42.56,-1.69,42.58,-1.76,782,2002,42.58,-1.77
128215,0.0264,0.6796,0.7358,-2.66,-1.00,-0.27,42.73,-1.51,46.28,-2.35,42.59,-1.78,42.56,-1.82,781,1996,42.56,-1.82
128235,0.0250,0.6842,0.7448,-3.57,-1.35,-0.21,42.57,-1.42,46.22,-2.37,42.53,-1.74,42.51,-1.80,782,2002,42.51,-1.80
128255,0.0370,0.6760,0.7297,-4.19,-2.12,-0.02,42.81,-2.13,46.14,-2.41,42.48,-1.83,42.45,-1.86,780,1996,42.45,-1.86
128274,0.0317,0.6758,0.7293,-4.84,-2.62,-0.21,42.82,-1.83,46.05,-2.46,42.45,-1.89,42.39,-1.91,780,1997,42.39,-1.91
128294,0.0401,0.6714,0.7222,-5.73,-0.42,-0.92,42.91,-2.33,45.95,-2.49,42.42,-1.98,42.34,-1.98,780,1998,42.34,-1.98
128314,0.0298,0.6728,0.7340,-6.02,3.58,-1.78,42.51,-1.72,45.83,-2.45,42.36,-1.95,42.26,-1.94,779,1997,42.26,-1.94
128334,0.0315,0.6714,0.7516,-6.04,4.03,-1.84,41.77,-1.79,45.71,-2.37,42.21,-1.85,42.14,-1.85,779,1997,42.14,-1.85
128354,0.0306,0.6755,0.7559,-6.23,2.71,-1.89,41.78,-1.73,45.58,-2.30,42.02,-1.78,41.99,-1.78,779,1997,41.99,-1.78
128374,0.0230,0.6741,0.7568,-6.45,1.83,-1.85,41.69,-1.30,45.46,-2.26,41.86,-1.67,41.85,-1.70,780,1996,41.85,-1.70
128394,0.0215,0.6695,0.7563,-6.11,0.71,-1.41,41.52,-1.22,45.33,-2.24,41.68,-1.57,41.69,-1.63,779,1996,41.69,-1.63
128414,0.0230,0.6701,0.7483,-5.74,0.78,-1.07,41.84,-1.31,45.22,-2.23,41.56,-1.50,41.57,-1.57,780,2001,41.57,-1.58
128434,0.0207,0.6673,0.7612,-5.37,1.47,-0.65,41.24,-1.17,45.10,-2.20,41.45,-1.42,41.46,-1.51,777,1995,41.46,-1.51
128454,0.0243,0.6673,0.7644,-5.27,0.87,-0.54,41.12,-1.37,45.00,-2.18,41.31,-1.39,41.34,-1.46,780,1998,41.34,-1.46
128474,0.0209,0.6647,0.7652,-5.10,0.62,-0.31,40.98,-1.18,44.89,-2.16,41.17,-1.35,41.21,-1.42,782,2001,41.21,-1.42
128494,0.0157,0.6630,0.7698,-4.66,-0.08,0.25,40.74,-0.89,44.80,-2.16,41.04,-1.28,41.09,-1.37,780,1998,41.09,-1.37
128514,0.0199,0.6667,0.7722,-3.29,-5.35,1.89,40.81,-1.12,44.71,-2.23,40.86,-1.26,40.94,-1.37,780,2002,40.94,-1.37
128534,0.0296,0.6591,0.7647,-4.15,-1.53,1.42,40.75,-1.68,44.64,-2.30,40.85,-1.33,40.89,-1.42,780,2001,40.89,-1.42
128554,0.0337,0.6583,0.7587,-3.65,-2.70,0.75,40.95,-1.92,44.56,-2.33,40.77,-1.51,40.81,-1.52,779,1998,40.81,-1.52
128574,0.0317,0.6562,0.7465,-3.51,-3.18,0.89,41.32,-1.83,44.49,-2.41,40.72,-1.64,40.74,-1.62,778,1998,40.74,-1.62
128594,0.0300,0.6580,0.7625,-3.53,0.31,0.65,40.79,-1.71,44.42,-2.43,40.71,-1.64,40.70,-1.63,779,1997,40.70,-1.63
128614,0.0314,0.6600,0.7793,-3.36,-1.10,0.82,40.26,-1.76,44.35,-2.44,40.60,-1.62,40.61,-1.62,779,1998,40.61,-1.62
128634,0.0384,0.6526,0.7552,-4.15,-1.26,0.48,40.83,-2.21,44.27,-2.47,40.54,-1.71,40.54,-1.67,779,1999,40.54,-1.67
128654,0.0276,0.6523,0.7601,-3.77,-0.90,0.21,40.64,-1.58,44.19,-2.49,40.49,-1.77,40.47,-1.72,778,1997,40.48,-1.72
128674,0.0340,0.6536,0.7651,-3.86,-0.90,0.24,40.51,-1.93,44.12,-2.51,40.45,-1.78,40.42,-1.73,779,1994,40.42,-1.73
128694,0.0394,0.6512,0.7682,-4.27,-0.06,-0.51,40.29,-2.24,44.03,-2.52,40.37,-1.89,40.34,-1.80,779,1999,40.34,-1.80
128714,0.0326,0.6480,0.7632,-4.69,0.36,-1.03,40.33,-1.86,43.94,-2.52,40.28,-1.94,40.25,-1.84,778,2002,40.25,-1.84
128734,0.0326,0.6475,0.7677,-4.61,1.96,-1.48,40.15,-1.86,43.85,-2.49,40.20,-1.92,40.17,-1.82,778,1998,40.17,-1.82
128754,0.0295,0.6457,0.7678,-4.45,2.04,-1.34,40.06,-1.68,43.76,-2.45,40.11,-1.84,40.08,-1.77,779,1997,40.08,-1.77
128774,0.0304,0.6479,0.7764,-4.21,2.04,-1.63,39.84,-1.72,43.67,-2.41,40.00,-1.79,39.98,-1.73,778,1997,39.98,-1.73
128794,0.0352,0.6450,0.7786,-4.19,2.07,-1.85,39.64,-2.00,43.59,-2.37,39.89,-1.76,39.89,-1.70,778,1995,39.89,-1.70
128814,0.0261,0.6457,0.7854,-4.02,0.74,-2.06,39.42,-1.47,43.51,-2.34,39.75,-1.76,39.77,-1.69,780,1998,39.77,-1.69
128834,0.0284,0.6414,0.7717,-3.70,0.03,-2.04,39.73,-1.62,43.43,-2.34,39.65,-1.71,39.68,-1.67,779,2000,39.68,-1.67
128854,0.0260,0.6433,0.7717,-3.49,1.42,-2.15,39.82,-1.48,43.36,-2.33,39.60,-1.67,39.62,-1.64,779,2002,39.62,-1.64
128874,0.0175,0.6424,0.7824,-3.37,0.45,-1.72,39.39,-0.99,43.29,-2.30,39.52,-1.53,39.54,-1.55,781,1997,39.54,-1.55
128894,0.0219,0.6453,0.7842,-3.08,-0.02,-1.31,39.45,-1.23,43.23,-2.31,39.45,-1.46,39.47,-1.50,781,1997,39.47,-1.51
128914,0.0236,0.6390,0.7829,-2.69,1.29,-1.32,39.22,-1.34,43.17,-2.29,39.39,-1.41,39.41,-1.46,781,2000,39.41,-1.46
128934,0.0280,0.6384,0.7848,-1.92,0.42,-1.25,39.13,-1.58,43.13,-2.27,39.31,-1.42,39.33,-1.45,782,1995,39.33,-1.45
128954,0.0268,0.6377,0.7794,-1.93,0.20,-1.32,39.29,-1.52,43.09,-2.27,39.26,-1.41,39.29,-1.43,781,2001,39.29,-1.43
128974,0.0180,0.6397,0.7830,-1.60,0.00,-1.34,39.25,-1.02,43.05,-2.26,39.25,-1.39,39.26,-1.41,781,2000,39.26,-1.41
128994,0.0172,0.6400,0.7809,-1.62,-0.58,-1.09,39.34,-0.98,43.02,-2.27,39.23,-1.32,39.23,-1.37,781,1995,39.23,-1.37
129014,0.0135,0.6401,0.7726,-1.57,-1.10,-0.31,39.64,-0.77,42.99,-2.29,39.23,-1.25,39.21,-1.33,778,1996,39.21,-1.33
129034,0.0237,0.6371,0.7712,-2.24,-1.00,0.08,39.56,-1.36,42.95,-2.31,39.26,-1.21,39.21,-1.30,781,1996,39.21,-1.30
129054,0.0208,0.6390,0.7723,-2.39,-1.37,0.49,39.60,-1.19,42.90,-2.33,39.24,-1.23,39.19,-1.30,782,1997,39.19,-1.30
129074,0.0172,0.6363,0.7766,-3.02,-1.16,0.82,39.33,-0.98,42.85,-2.36,39.23,-1.22,39.16,-1.29,782,2002,39.16,-1.29
129094,0.0208,0.6335,0.7693,-3.59,-1.24,1.12,39.47,-1.20,42.78,-2.38,39.19,-1.22,39.12,-1.28,781,1996,39.12,-1.28
129114,0.0181,0.6368,0.7787,-4.09,-1.01,1.53,39.27,-1.03,42.70,-2.41,39.15,-1.21,39.07,-1.27,782,2002,39.07,-1.27
129134,0.0306,0.6291,0.7784,-4.65,-0.16,1.57,38.94,-1.75,42.61,-2.42,39.07,-1.26,39.00,-1.29,781,1996,39.00,-1.29
129154,0.0374,0.6289,0.7756,-5.24,2.25,0.75,39.04,-2.14,42.51,-2.40,39.00,-1.38,38.93,-1.33,781,2001,38.93,-1.33
129174,0.0349,0.6304,0.7931,-5.59,3.22,-0.51,38.48,-1.97,42.40,-2.34,38.86,-1.48,38.81,-1.37,781,1997,38.81,-1.37
129194,0.0271,0.6299,0.7942,-5.29,1.83,-0.98,38.42,-1.53,42.30,-2.29,38.67,-1.49,38.66,-1.36,779,1995,38.66,-1.36
129214,0.0230,0.6302,0.7967,-4.91,0.69,-1.12,38.34,-1.30,42.20,-2.27,38.53,-1.45,38.54,-1.33,779,1998,38.54,-1.33
129234,0.0189,0.6280,0.7916,-4.31,0.57,-0.81,38.42,-1.07,42.10,-2.26,38.41,-1.36,38.43,-1.29,780,1998,38.43,-1.29
129253,0.0235,0.6266,0.7946,-3.74,0.39,-0.74,38.26,-1.33,42.02,-2.25,38.30,-1.35,38.33,-1.28,780,1998,38.33,-1.28
129273,0.0205,0.6234,0.7999,-3.24,0.84,-0.67,37.93,-1.16,41.95,-2.24,38.21,-1.31,38.25,-1.25,780,1997,38.25,-1.25
129293,0.0231,0.6226,0.7954,-2.52,0.49,-0.62,38.05,-1.31,41.90,-2.22,38.12,-1.28,38.16,-1.23,780,1998,38.16,-1.23
129313,0.0224,0.6218,0.7922,-2.27,0.26,-0.77,38.13,-1.27,41.85,-2.22,38.08,-1.30,38.12,-1.24,780,1996,38.12,-1.24
129333,0.0233,0.6216,0.7935,-1.96,0.15,-0.88,38.08,-1.32,41.81,-2.21,38.03,-1.30,38.06,-1.24,780,1997,38.06,-1.24
129353,0.0240,0.6202,0.7896,-1.88,0.07,-1.19,38.15,-1.37,41.77,-2.21,38.01,-1.33,38.03,-1.26,780,1997,38.03,-1.26
129373,0.0274,0.6195,0.7811,-2.31,-0.02,-1.63,38.42,-1.57,41.73,-2.21,38.01,-1.37,38.01,-1.28,780,2002,38.01,-1.28
129393,0.0187,0.6198,0.7908,-2.91,-0.43,-2.06,38.09,-1.07,41.68,-2.22,37.99,-1.38,37.98,-1.30,781,1996,37.98,-1.30
129413,0.0202,0.6185,0.7879,-3.83,-0.39,-1.58,38.13,-1.16,41.61,-2.22,37.97,-1.32,37.94,-1.27,780,1998,37.94,-1.27
129433,0.0167,0.6186,0.7880,-4.61,-0.61,-1.28,38.13,-0.96,41.52,-2.24,37.91,-1.27,37.87,-1.25,780,1996,37.87,-1.25
129453,0.0173,0.6159,0.8028,-5.00,-1.08,-0.92,37.49,-0.98,41.43,-2.24,37.86,-1.19,37.81,-1.20,782,2001,37.81,-1.20
129473,0.0114,0.6195,0.7917,-5.68,-1.54,-0.43,38.04,-0.65,41.32,-2.27,37.77,-1.14,37.72,-1.18,773,1998,37.72,-1.18
129493,0.0239,0.6118,0.7892,-6.21,-1.41,-0.63,37.78,-1.37,41.20,-2.31,37.66,-1.21,37.61,-1.22,780,1999,37.61,-1.22
129513,0.0262,0.6091,0.7968,-6.72,-1.24,-0.90,37.39,-1.50,41.07,-2.33,37.53,-1.25,37.49,-1.25,780,1997,37.49,-1.25
129533,0.0196,0.6106,0.8016,-6.95,-1.25,-0.98,37.30,-1.12,40.93,-2.36,37.38,-1.29,37.35,-1.28,779,1997,37.35,-1.28
129553,0.0210,0.6073,0.7999,-7.60,-0.66,-1.22,37.21,-1.20,40.79,-2.38,37.24,-1.31,37.21,-1.29,779,1998,37.21,-1.29
129573,0.0213,0.6073,0.8042,-7.82,-0.85,-1.33,37.06,-1.21,40.63,-2.40,37.07,-1.30,37.05,-1.29,778,1998,37.05,-1.29
129593,0.0334,0.5962,0.8061,-8.58,-1.14,-2.12,36.49,-1.91,40.47,-2.42,36.90,-1.41,36.89,-1.36,779,1996,36.89,-1.36
129613,0.0279,0.6018,0.8146,-8.76,-1.16,-2.77,36.46,-1.58,40.29,-2.44,36.69,-1.50,36.70,-1.42,779,1998,36.70,-1.42
129633,0.0218,0.5983,0.8078,-7.99,-1.53,-2.92,36.53,-1.24,40.13,-2.47,36.47,-1.48,36.51,-1.43,778,1998,36.51,-1.43
129653,0.0196,0.5969,0.8110,-7.32,-2.06,-2.92,36.36,-1.11,39.98,-2.51,36.28,-1.43,36.33,-1.42,779,1998,36.33,-1.42
129673,0.0139,0.5977,0.8232,-6.89,-2.20,-2.74,35.98,-0.78,39.84,-2.55,36.11,-1.39,36.17,-1.41,776,1998,36.17,-1.41
129693,0.0014,0.5949,0.8240,-5.39,-1.86,-1.86,35.83,-0.08,39.72,-2.59,35.94,-1.23,36.01,-1.32,772,1996,36.01,-1.32
129713,0.0182,0.5902,0.8202,-4.83,-1.98,-0.96,35.74,-1.03,39.61,-2.63,35.82,-1.15,35.89,-1.27,778,1999,35.89,-1.27
129733,0.0082,0.5928,0.8678,-4.71,-2.23,-0.27,34.34,-0.45,39.51,-2.70,35.72,-1.13,35.78,-1.26,773,1999,35.78,-1.26
129753,0.0214,0.5901,0.8109,-3.77,-1.59,-0.04,36.04,-1.22,39.44,-2.75,35.64,-1.18,35.69,-1.28,779,1997,35.69,-1.28
129773,0.0232,0.5903,0.8264,-3.82,-2.29,-0.40,35.54,-1.31,39.36,-2.79,35.57,-1.28,35.61,-1.33,780,2000,35.61,-1.33
129793,0.0241,0.5868,0.8121,-3.37,-1.23,-0.41,35.85,-1.38,39.29,-2.82,35.51,-1.32,35.54,-1.36,779,1998,35.54,-1.36
129813,0.0245,0.5886,0.8187,-3.91,-1.28,-0.18,35.71,-1.39,39.21,-2.85,35.46,-1.32,35.48,-1.35,780,2001,35.48,-1.35
129833,0.0191,0.5827,0.8135,-3.28,-0.65,0.07,35.62,-1.10,39.14,-2.87,35.40,-1.29,35.41,-1.32,782,2002,35.41,-1.32
129853,0.0227,0.5832,0.8177,-3.44,-0.64,0.59,35.49,-1.29,39.07,-2.88,35.37,-1.27,35.36,-1.30,781,1997,35.36,-1.30
129873,0.0285,0.5803,0.8193,-3.81,-0.29,0.59,35.31,-1.62,39.00,-2.89,35.32,-1.32,35.30,-1.31,781,1997,35.30,-1.31
129893,0.0180,0.5815,0.8249,-3.85,-0.97,0.60,35.18,-1.02,38.92,-2.90,35.24,-1.32,35.22,-1.31,782,1996,35.22,-1.31
129913,0.0247,0.5816,0.8263,-3.62,-1.28,0.98,35.14,-1.40,38.85,-2.93,35.16,-1.32,35.15,-1.31,781,1997,35.15,-1.31
129933,0.0298,0.5748,0.8169,-3.65,-1.24,0.67,35.13,-1.71,38.78,-2.95,35.10,-1.39,35.08,-1.35,781,2001,35.08,-1.35
129953,0.0284,0.5748,0.8212,-4.28,-0.39,0.43,34.99,-1.62,38.70,-2.97,35.04,-1.48,35.01,-1.39,782,2001,35.01,-1.39
129973,0.0242,0.5775,0.8286,-4.90,-0.31,0.23,34.87,-1.37,38.60,-2.97,34.97,-1.48,34.94,-1.39,781,1996,34.94,-1.39
129993,0.0271,0.5735,0.8334,-4.56,-0.82,-0.03,34.53,-1.53,38.51,-2.98,34.84,-1.51,34.82,-1.41,782,1996,34.82,-1.41
130013,0.0180,0.5750,0.8372,-4.15,-1.11,0.46,34.48,-1.01,38.42,-3.00,34.73,-1.44,34.73,-1.38,782,2000,34.73,-1.38
130033,0.0284,0.5695,0.8257,-3.99,-1.42,0.40,34.60,-1.62,38.34,-3.03,34.63,-1.49,34.64,-1.41,782,1995,34.64,-1.41
