ts,axg,ayg,azg,gxdps,gydps,gzdps,racc,rpacc,rgyro,pgyro,rcf,pcf,rkf,pkf,exec_us,dt_us,rkfix,pkfix,ref,yawr,yawt
29172,-0.0764774,0.0208274,1.00396,0.0357094,0.185519,-0.0662594,1.18844,4.3552,0.0329867,0.128149,1.20973,4.13813,1.20421,4.13624,673,1995,1.20421,4.1363,0,-176.637,-175.736
29192,-0.0754872,0.021011,1.00457,0.134946,0.0328474,-0.119695,1.19819,4.29642,0.034678,0.127371,1.21189,4.15188,1.20634,4.14406,668,2001,1.20637,4.14411,0,-176.44,-175.556
29214,-0.0715266,0.0240708,1.00323,0.104412,-0.188527,0.0711452,1.37445,4.07691,0.0357128,0.126364,1.23524,4.15789,1.22045,4.14832,668,1997,1.2205,4.14838,0,-176.703,-175.782
29234,-0.0723311,0.0220513,1.00457,0.0128088,-0.0282214,0.00244284,1.2575,4.11733,0.0354194,0.127494,1.24855,4.15546,1.22972,4.14856,668,1996,1.22976,4.14861,0,-176.899,-175.946
29254,-0.0715266,0.0198482,1.00682,-0.0177259,0.0633817,-0.0128243,1.12937,4.0628,0.0359351,0.126792,1.23554,4.15103,1.22477,4.14677,668,1997,1.22482,4.14683,0,-176.831,-175.889
29274,-0.071341,0.0233365,1.00432,0.00517464,-0.104557,0.0253437,1.33108,4.06202,0.0363134,0.126976,1.22949,4.14693,1.22257,4.14505,669,1997,1.22265,4.14512,0,-176.861,-175.922
29294,-0.0746208,0.0225409,1.00384,-0.0177259,-0.0129542,-0.0280915,1.28634,4.25023,0.0368139,0.126121,1.23801,4.15144,1.2283,4.14746,669,1996,1.22835,4.14753,0,-176.732,-175.797
29316,-0.0737545,0.0231529,1.00311,-0.0482597,0.00994658,0.0100764,1.32222,4.20405,0.0375586,0.125709,1.2601,4.14905,1.24269,4.14632,667,1997,1.24274,4.14639,0,-176.639,-175.701
29336,-0.073445,0.0217453,1.00445,-0.0177259,0.0023129,-0.0433587,1.24021,4.18104,0.0377079,0.126076,1.25124,4.15953,1.23992,4.15299,669,1997,1.23997,4.15306,0,-176.398,-175.478
29355,-0.070784,0.0215617,1.00408,0.0433426,-0.0816565,-0.0433587,1.23019,4.03154,0.0385747,0.126214,1.24566,4.16293,1.23863,4.15618,669,1998,1.23869,4.15625,0,-176.361,-175.441
29375,-0.0703508,0.0208274,1.00804,-0.00245857,-0.0205877,0.0177101,1.18364,3.99134,0.038892,0.126505,1.23532,4.13741,1.23383,4.14258,669,1997,1.2339,4.14264,0,-176.56,-175.633
29395,-0.070784,0.0199706,1.00639,0.0128088,-0.0740228,-0.112061,1.13681,4.02244,0.0386749,0.125528,1.23254,4.12628,1.23263,4.13508,669,1997,1.2327,4.13514,0,-176.564,-175.639
29417,-0.073445,0.0201542,1.00487,0.00517464,0.0252137,-0.104427,1.149,4.17942,0.0390837,0.125025,1.21642,4.11906,1.22363,4.12959,669,1998,1.22368,4.12963,0,-176.8,-175.861
29437,-0.0720217,0.0199706,1.0081,-0.0100918,-0.0740228,-0.142595,1.13489,4.08565,0.0386376,0.123956,1.2018,4.11819,1.2141,4.12736,669,1997,1.21415,4.12742,0,-176.77,-175.85
29457,-0.07295,0.0224185,1.00518,-0.0635271,0.0557482,-0.104427,1.27766,4.14989,0.0391533,0.124232,1.20047,4.1311,1.21184,4.13386,669,1997,1.21189,4.13392,0,-176.736,-175.815
29477,-0.0708459,0.0205214,1.00396,0.020442,0.0557482,0.0100764,1.17099,4.03563,0.0388293,0.12495,1.19558,4.12445,1.20733,4.13005,669,1997,1.20737,4.1301,0,-176.858,-175.926
29497,-0.0754253,0.0186243,1.00536,0.0433426,-0.00532055,-0.0891602,1.06128,4.28975,0.0389939,0.125164,1.17918,4.13978,1.19631,4.13787,669,1998,1.19635,4.13791,0,-176.732,-175.83
29519,-0.0715885,0.020093,1.0039,-0.0406265,0.0175803,0.0100764,1.14662,4.07807,0.0383798,0.126432,1.16406,4.1576,1.18478,4.14911,669,1997,1.18481,4.14916,0,-176.764,-175.869
29539,-0.0736307,0.0206438,1.00536,-0.0558939,0.0328474,0.0177101,1.17633,4.18788,0.0380711,0.125714,1.15948,4.14434,1.17885,4.14187,669,1997,1.17888,4.14191,0,-176.916,-176.012
29559,-0.0779007,0.0243768,1.00633,-0.0482597,0.0557482,-0.104427,1.38763,4.42517,0.0365563,0.126188,1.19652,4.16788,1.19646,4.15588,669,1997,1.19648,4.15591,0,-176.653,-175.753
29579,-0.0723311,0.0226633,1.00676,0.0891447,-0.0511222,-0.0586258,1.28958,4.10835,0.0378354,0.126021,1.23396,4.17676,1.21838,4.16294,669,1997,1.21841,4.16296,0,-176.568,-175.657
29599,-0.0731356,0.019481,1.00718,0.0662441,0.0175803,-0.0662594,1.10808,4.15241,0.0380457,0.126265,1.22609,4.17023,1.21573,4.16123,669,1997,1.21575,4.16123,0,-176.701,-175.779
29621,-0.0726405,0.019481,1.00341,0.226549,0.0710154,-0.0815266,1.11225,4.13984,0.039737,0.126632,1.19601,4.17324,1.19983,4.16467,668,1997,1.19987,4.16468,0,-176.572,-175.681
29641,-0.0736926,0.0229081,1.00268,0.119678,0.0786488,0.0253437,1.3088,4.20233,0.0413978,0.126679,1.20635,4.16892,1.20533,4.1637,668,1997,1.20538,4.1637,0,-176.63,-175.732
29661,-0.0738782,0.0248664,1.00329,0.0509768,0.0481145,0.0100764,1.41978,4.21014,0.0430891,0.127641,1.23352,4.17061,1.22132,4.16602,669,1997,1.22134,4.16604,0,-176.651,-175.737
29681,-0.0645336,0.0232141,1.00366,0.211282,-0.00532055,-0.00519073,1.32499,3.67799,0.0467956,0.128191,1.22665,4.12526,1.22007,4.14145,668,1997,1.2201,4.14146,0,-176.59,-175.68
29701,-0.0847081,0.0217453,1.00652,0.14258,0.0786488,0.0635116,1.23766,4.80954,0.0494945,0.131016,1.24844,4.15057,1.23453,4.15423,668,1997,1.23457,4.15423,0,-176.663,-175.735
29723,-0.0684324,0.0261515,1.00579,0.196014,-0.333565,-0.0433587,1.48942,3.89102,0.0540561,0.128635,1.27043,4.18962,1.25038,4.17673,668,1997,1.25043,4.17671,0,-176.643,-175.707
29743,-0.0747446,0.0202154,1.00615,-0.0406265,0.20842,0.0177101,1.15102,4.24771,0.056129,0.128284,1.29309,4.12034,1.26721,4.13789,669,1997,1.26726,4.13788,0,-176.732,-175.764
29763,-0.0717123,0.0137285,1.00481,0.0433426,0.0175803,-0.0738931,0.782767,4.08183,0.055805,0.128468,1.22305,4.13283,1.23008,4.14346,666,1997,1.23014,4.14345,0,-176.727,-175.795
29783,-0.0741258,0.0215617,1.00268,-0.00245857,0.193153,-0.0662594,1.2319,4.22707,0.0568398,0.129873,1.20725,4.12167,1.22002,4.13612,668,1997,1.22007,4.13611,0,-176.539,-175.63
29803,-0.0733832,0.0281711,1.00773,-0.0177259,0.147351,0.0100764,1.60128,4.16331,0.0576762,0.130026,1.25685,4.13182,1.24679,4.14038,668,1997,1.24683,4.14038,0,-176.604,-175.663
29825,-0.0711553,0.0211946,1.007,0.0509768,0.0252137,0.0253437,1.20574,4.04094,0.057688,0.12937,1.28177,4.1242,1.26299,4.13498,669,1997,1.26305,4.13499,0,-176.606,-175.66
29845,-0.0722692,0.0172779,1.0053,0.020442,-0.0892901,-0.00519073,0.984637,4.11122,0.0567076,0.12821,1.24035,4.11993,1.24122,4.13053,668,1997,1.24127,4.13054,0,-176.505,-175.578
29865,-0.0738782,0.0183795,1.00055,-0.00245857,0.12445,-0.0967938,1.05237,4.2222,0.0577576,0.128546,1.20453,4.12539,1.22074,4.13217,668,1997,1.22079,4.13221,0,-176.556,-175.639
29885,-0.072393,0.0258456,1.00865,0.0738773,0.00994658,0.0329772,1.46783,4.10388,0.057907,0.127905,1.20827,4.13375,1.22025,4.13594,667,1997,1.22033,4.13597,0,-176.657,-175.74
29905,-0.07295,0.0229081,1.00597,0.0738773,-0.0511222,-0.0433587,1.30452,4.1466,0.0577509,0.12902,1.22753,4.12752,1.22977,4.13211,669,1997,1.22984,4.13214,0,-176.562,-175.649
29927,-0.0755491,0.024438,1.00238,-0.00245857,0.0862825,0.0558779,1.3966,4.30895,0.0581903,0.129937,1.24868,4.12737,1.24152,4.13132,668,1997,1.2416,4.13136,0,-176.403,-175.486
29947,-0.0761061,0.019481,1.00822,-0.0558939,0.0633817,-0.0815266,1.10694,4.31602,0.0576831,0.13009,1.24781,4.16574,1.24196,4.15293,668,2001,1.24204,4.15297,0,-176.499,-175.57
29967,-0.0645955,0.0198482,1.0042,0.0815105,-0.150359,-0.0815266,1.13231,3.67977,0.0583973,0.1289,1.21402,4.11755,1.22331,4.12661,668,1997,1.22339,4.12666,0,-176.669,-175.742
29987,-0.0798192,0.0220513,1.01181,0.0433426,0.223687,-0.119695,1.2485,4.50951,0.058684,0.13177,1.21344,4.09676,1.22172,4.11323,668,1997,1.2218,4.11327,0,-176.671,-175.747
30007,-0.0741258,0.0254784,1.00238,-0.0100918,-0.0816565,-0.0357251,1.45603,4.22796,0.0596425,0.13174,1.22977,4.18052,1.22987,4.15983,668,1997,1.22993,4.15986,0,-176.628,-175.703
30029,-0.0685561,0.0217453,1.00372,0.0280762,0.0404809,-0.0433587,1.24111,3.90645,0.060036,0.13258,1.24721,4.14292,1.23997,4.1411,669,1997,1.24003,4.14115,0,-176.863,-175.906
30049,-0.0725168,0.020399,1.0056,-0.0482597,0.0175803,-0.0586258,1.1621,4.12377,0.0608876,0.132947,1.21368,4.13087,1.2216,4.13415,669,1996,1.22167,4.13421,0,-176.71,-175.786
30069,-0.0767249,0.019481,1.00232,0.00517464,0.00994658,-0.00519073,1.11346,4.37649,0.0617545,0.132887,1.20864,4.1457,1.21764,4.14174,667,1997,1.21772,4.14177,0,-176.514,-175.611
30089,-0.0714028,0.02505,1.0081,-0.0100918,-0.0587556,-0.0738931,1.42344,4.05021,0.0625298,0.1322,1.2313,4.15256,1.22926,4.14605,668,2001,1.22935,4.14607,0,-176.63,-175.702
30109,-0.0712172,0.0232141,1.00475,0.0891447,-0.0282214,0.0635116,1.32354,4.05329,0.0634271,0.131559,1.23966,4.14309,1.23428,4.14093,668,1996,1.23438,4.14098,0,-176.622,-175.692
30131,-0.0736307,0.0222961,1.00353,-0.0329933,-0.188527,-0.112061,1.27277,4.19532,0.0638818,0.131331,1.23757,4.14954,1.23374,4.14464,668,2001,1.23383,4.14468,0,-176.618,-175.686
30151,-0.0738782,0.0191138,1.00323,0.020442,-0.0282214,-0.104427,1.09148,4.21092,0.0641074,0.129621,1.22069,4.15952,1.22434,4.15013,668,1996,1.22443,4.15018,0,-176.647,-175.724
30171,-0.0739401,0.0224797,1.00554,0.00517464,-0.0282214,-0.0891602,1.28068,4.20449,0.0639514,0.129668,1.22003,4.15981,1.22295,4.15134,668,1997,1.22306,4.15139,0,-176.691,-175.769
30191,-0.0724549,0.0234589,1.0014,0.0433426,-0.119824,-0.0967938,1.34196,4.1372,0.0641465,0.129622,1.22101,4.17598,1.22284,4.16183,668,1996,1.22298,4.16189,0,-176.818,-175.88
30211,-0.0744352,0.021011,1.00372,0.00517464,0.0481145,0.00244284,1.19921,4.24034,0.0644027,0.129073,1.24545,4.16342,1.23673,4.15591,669,1996,1.23688,4.15598,0,-176.852,-175.898
30233,-0.0632959,0.020093,1.00195,0.104412,-0.211427,0.00244284,1.14885,3.614,0.0669794,0.126142,1.19412,4.12048,1.20826,4.13172,669,1997,1.20842,4.13176,0,-176.76,-175.843
30253,-0.0815519,0.0248664,1.0095,0.00517464,0.20842,0.00244284,1.41105,4.6172,0.0681516,0.128494,1.22677,4.10739,1.22513,4.12241,669,1997,1.22531,4.12246,0,-176.762,-175.829
30273,-0.074559,0.0265799,1.0028,0.0433426,-0.211427,0.0329772,1.5183,4.25066,0.0687895,0.12909,1.25745,4.20339,1.24277,4.17696,669,1997,1.24295,4.177,0,-176.669,-175.73
30292,-0.071341,0.0210722,1.00305,0.00517464,0.0481145,-0.104427,1.2035,4.06737,0.0696106,0.127747,1.28281,4.1608,1.2598,4.15527,669,1997,1.26,4.15527,0,-176.499,-175.551
30312,-0.0722692,0.0195422,1.00627,-0.00245857,-0.0129542,-0.0204579,1.11257,4.10709,0.0692713,0.128663,1.24431,4.16277,1.24006,4.15763,669,1998,1.24028,4.15762,0,-176.665,-175.72
30334,-0.0769106,0.0181959,1.00639,0.020442,-0.0511222,-0.00519073,1.03581,4.36945,0.0686572,0.129992,1.20931,4.18553,1.22003,4.17199,669,1997,1.22024,4.17197,0,-176.762,-175.835
30354,-0.0695463,0.0208274,1.00341,0.0280762,-0.0892901,-0.0433587,1.18909,3.96397,0.0681195,0.12842,1.19724,4.18016,1.21086,4.17073,669,1997,1.21106,4.1707,0,-176.751,-175.838
30374,-0.0749303,0.0240096,1.00451,-0.0253592,0.0404809,0.0711452,1.36922,4.26481,0.0684826,0.128573,1.23214,4.15946,1.2289,4.15989,669,1997,1.2291,4.15988,0,-176.753,-175.819
30394,-0.0749303,0.0249276,1.00621,-0.0253592,-0.0816565,-0.203664,1.41914,4.25752,0.0685861,0.128436,1.25426,4.19403,1.24181,4.18032,669,1997,1.24203,4.18029,0,-176.455,-175.531
30414,-0.0730118,0.0213169,1.00591,0.0967779,0.0252137,0.0558779,1.21402,4.1505,0.0684148,0.127551,1.26563,4.19501,1.24979,4.18303,669,1995,1.25002,4.18297,0,-176.436,-175.511
30436,-0.0725168,0.0174615,1.00579,0.0280762,0.0328474,0.0253437,0.994616,4.12325,0.0683961,0.127231,1.2312,4.18821,1.23175,4.18105,669,1997,1.23198,4.18099,0,-176.527,-175.609
30456,-0.0725786,0.0210722,1.00585,-0.00245857,-0.0358551,0.0482444,1.20015,4.12622,0.0681485,0.127903,1.2131,4.17613,1.22051,4.17592,669,1995,1.22074,4.17586,0,-176.527,-175.616
30476,-0.0753016,0.024744,1.00603,0.0738773,-0.0663893,0.0711452,1.40895,4.27934,0.0686184,0.12882,1.23279,4.17201,1.23067,4.17432,669,1997,1.2309,4.17425,0,-176.716,-175.786
30496,-0.0754872,0.0211334,1.00603,0.0357094,-0.00532055,0.0406108,1.20342,4.2902,0.0692257,0.129629,1.24791,4.18517,1.23993,4.18248,669,1996,1.24016,4.1824,0,-176.671,-175.732
30516,-0.0714647,0.0216229,1.00865,0.020442,-0.0816565,-0.0128243,1.2281,4.05183,0.0694971,0.128866,1.22282,4.17843,1.22629,4.17941,668,1997,1.22653,4.17931,0,-176.691,-175.764
30538,-0.0789528,0.0158704,1.00694,-0.0711613,0.132084,-0.0662594,0.902962,4.48275,0.0695243,0.130241,1.22821,4.16524,1.22906,4.17213,668,1997,1.22929,4.17201,0,-176.725,-175.792
30558,-0.0671947,0.0189302,1.00226,0.0128088,-0.157992,-0.0128243,1.08205,3.83488,0.0699789,0.129035,1.17281,4.15827,1.19632,4.16817,668,1998,1.19657,4.16803,0,-176.56,-175.673
30578,-0.0748065,0.0232141,1.00505,0.00517464,-0.0129542,-0.142595,1.32314,4.25556,0.0699603,0.129432,1.19623,4.1407,1.2063,4.15697,668,1997,1.20655,4.15686,0,-176.556,-175.657
30598,-0.0758585,0.0274367,1.00378,0.0128088,-0.0816565,-0.0586258,1.5657,4.3202,0.0702928,0.128731,1.23098,4.18034,1.22448,4.17801,669,1997,1.22474,4.17788,0,-176.727,-175.795
30618,-0.0719598,0.0199094,1.00445,-0.00245857,-0.00532055,0.00244284,1.13553,4.09694,0.0716177,0.127265,1.24641,4.17995,1.23475,4.17823,669,1997,1.235,4.17807,0,-176.792,-175.847
30640,-0.0724549,0.0166659,1.0053,-0.0100918,-0.0129542,-0.142595,0.949768,4.12179,0.0717822,0.12806,1.21547,4.1729,1.21818,4.175,668,1996,1.21841,4.17483,0,-176.516,-175.611
30660,-0.0718979,0.0191138,1.00505,-0.0100918,0.0633817,-0.0586258,1.0895,4.09102,0.0723132,0.128778,1.1674,4.15316,1.1892,4.16415,668,1997,1.18942,4.16396,0,-176.622,-175.737
30680,-0.0742495,0.0274367,1.00499,0.0509768,-0.0587556,0.0100764,1.56381,4.2238,0.0724167,0.129633,1.20609,4.16145,1.20773,4.16817,669,1998,1.20793,4.16797,0,-176.777,-175.868
30700,-0.0774057,0.0249888,1.007,-0.0100918,0.0862825,-0.0815266,1.4215,4.39419,0.0733752,0.130947,1.2838,4.17016,1.25274,4.17294,669,1998,1.25297,4.17271,0,-176.671,-175.725
30720,-0.0714647,0.0140344,1.00451,0.0128088,0.116817,-0.0433587,0.800454,4.069,0.0735856,0.130901,1.23553,4.16535,1.22886,4.17065,666,1997,1.22909,4.17042,0,-176.655,-175.727
30742,-0.0743733,0.0200318,1.00694,0.0967779,0.00994658,-0.0509923,1.13968,4.2234,0.073628,0.132902,1.18758,4.14387,1.20116,4.15848,667,1997,1.20138,4.15825,0,-176.762,-175.851
30762,-0.0769106,0.0243156,1.00615,0.020442,0.0175803,-0.226565,1.3844,4.36994,0.0743727,0.133406,1.21045,4.18643,1.21212,4.18166,669,1997,1.21233,4.18142,0,-176.562,-175.656
30782,-0.0692369,0.0240708,1.00591,-0.0864277,-0.00532055,0.00244284,1.3708,3.93635,0.0744915,0.131788,1.25192,4.17797,1.23553,4.17759,668,1998,1.23574,4.17735,0,-176.562,-175.634
30802,-0.0744352,0.0211946,1.00499,-0.0482597,0.0557482,0.0329772,1.20814,4.23496,0.0743202,0.131773,1.25755,4.1694,1.24065,4.17283,668,1997,1.24084,4.17258,0,-176.594,-175.663
30822,-0.072393,0.0180735,1.00146,0.0738773,-0.0205877,-0.0357251,1.03391,4.13388,0.0750496,0.132018,1.23433,4.17668,1.22943,4.17713,669,1997,1.22961,4.17688,0,-176.687,-175.76
30844,-0.0694225,0.0205826,1.00165,0.0128088,0.00994658,0.0558779,1.17719,3.9639,0.0755348,0.130889,1.2061,4.15584,1.21332,4.16513,667,1997,1.21351,4.16485,0,-176.852,-175.923
30864,-0.0735069,0.0238872,1.00493,0.0128088,0.0710154,-0.0662594,1.36166,4.18233,0.0754398,0.132218,1.22052,4.15938,1.21997,4.16667,668,1997,1.22014,4.16638,0,-176.758,-175.829
30884,-0.0746827,0.0232141,1.00329,-0.0940619,0.0557482,-0.0662594,1.32547,4.25599,0.0744288,0.133485,1.24483,4.18111,1.23331,4.17923,669,2001,1.23352,4.17895,0,-176.736,-175.8
30904,-0.0719598,0.0165435,1.00256,0.0738773,-0.0969236,-0.00519073,0.945369,4.10487,0.0739521,0.134493,1.22402,4.18444,1.22246,4.18234,668,1997,1.22265,4.18204,0,-176.71,-175.79
30924,-0.0715885,0.0213781,1.00104,-0.0406265,-0.0740228,-0.0586258,1.22342,4.08957,0.0726205,0.13457,1.19179,4.16646,1.20271,4.17267,668,1997,1.20289,4.17237,0,-176.708,-175.807
30946,-0.0754872,0.025662,1.00566,0.0280762,0.0557482,0.0177101,1.46173,4.2913,0.0730294,0.134693,1.21053,4.18228,1.21139,4.18118,669,1997,1.21159,4.18086,0,-176.859,-175.936
30966,-0.0740639,0.0231529,1.0042,0.020442,0.10155,0.0253437,1.32078,4.21703,0.0733619,0.135594,1.2481,4.19062,1.23288,4.18698,669,1996,1.23309,4.18666,0,-177.025,-176.061
30986,-0.0717741,0.0202766,1.00481,0.020442,0.0404809,-0.0738931,1.15604,4.0849,0.0732059,0.135915,1.25426,4.18006,1.23803,4.18211,668,1997,1.23828,4.1818,0,-176.822,-175.869
31006,-0.0727024,0.019175,1.00475,-0.0329933,0.0023129,0.0406108,1.09332,4.13788,0.0733704,0.135854,1.22965,4.18422,1.22561,4.18463,668,1997,1.22586,4.18429,0,-176.493,-175.589
31026,-0.071341,0.0246828,1.00293,-0.0864277,-0.0511222,0.0329772,1.40981,4.06753,0.0726342,0.134511,1.22353,4.17358,1.22155,4.17829,668,1997,1.22181,4.17795,0,-176.759,-175.845
31048,-0.0735688,0.0227857,1.00664,0.020442,0.0862825,-0.00519073,1.29669,4.17889,0.0728599,0.135657,1.24236,4.17486,1.2325,4.17938,668,1997,1.23277,4.17902,0,-177.021,-176.071
31068,-0.0728881,0.0205214,1.00627,-0.0558939,0.00994658,0.0177101,1.1683,4.14206,0.0724137,0.136436,1.24547,4.1674,1.23526,4.1752,667,1997,1.23553,4.17486,0,-176.831,-175.891
31088,-0.0706602,0.0200318,1.00798,0.0357094,-0.0282214,-0.0433587,1.13851,4.00915,0.0728073,0.135597,1.22994,4.15029,1.22754,4.16435,669,1997,1.2278,4.16401,0,-176.83,-175.892
31108,-0.073445,0.020705,1.00493,0.0433426,0.0862825,-0.0738931,1.18032,4.17912,0.0731246,0.135643,1.22573,4.13625,1.22519,4.15443,668,1997,1.22546,4.15411,0,-176.73,-175.802
31128,-0.0728881,0.0226633,1.00658,0.05861,0.00994658,-0.0509923,1.28981,4.14062,0.0733502,0.137017,1.23991,4.14354,1.23342,4.15706,667,1997,1.23368,4.15673,0,-176.659,-175.731
31150,-0.072393,0.0207662,1.00542,0.112045,-0.00532055,-0.0433587,1.18323,4.11747,0.0737591,0.136193,1.24612,4.14403,1.23804,4.15522,668,1997,1.23831,4.15489,0,-176.822,-175.874
31170,-0.0712172,0.0210722,1.00524,-0.0558939,-0.0587556,-0.0433587,1.20088,4.05153,0.074229,0.136285,1.25344,4.13717,1.24353,4.14992,668,1997,1.24378,4.1496,0,-176.833,-175.88
31190,-0.0727643,0.0219289,1.00585,0.0280762,0.0710154,0.00244284,1.24893,4.13667,0.0745767,0.136912,1.24561,4.12331,1.24051,4.14041,669,1998,1.24074,4.1401,0,-176.872,-175.923
31210,-0.0728262,0.020093,1.0084,-0.0864277,0.00994658,-0.0586258,1.1415,4.12988,0.0740543,0.137111,1.24556,4.11096,1.24071,4.13092,667,1997,1.24093,4.13062,0,-176.657,-175.724
31229,-0.0722073,0.0242544,1.00554,0.104412,0.0404809,-0.0586258,1.38175,4.10613,0.074341,0.138226,1.26532,4.12421,1.25277,4.1359,669,1997,1.25296,4.13563,0,-176.558,-175.619
31251,-0.0719598,0.0216841,1.00347,0.020442,-0.0892901,-0.0280915,1.23792,4.10075,0.0743529,0.139814,1.26933,4.13574,1.25686,4.14091,669,1998,1.25705,4.14064,0,-176.558,-175.618
31271,-0.0719598,0.0219901,1.007,0.0509768,0.0481145,0.0100764,1.25098,4.0864,0.07609,0.14015,1.26258,4.13674,1.25542,4.14016,669,1998,1.2556,4.13991,0,-176.554,-175.609
31291,-0.0739401,0.0211334,1.00627,0.104412,-0.0434885,0.0406108,1.20313,4.20157,0.0778271,0.139845,1.25749,4.12343,1.25431,4.13115,669,1998,1.25447,4.13091,0,-176.772,-175.807
31311,-0.0723311,0.0228469,1.00499,0.119678,-0.119824,0.0940459,1.3023,4.11552,0.0790298,0.138854,1.26138,4.13091,1.25768,4.13346,669,1997,1.25783,4.13325,0,-176.779,-175.811
31331,-0.0720217,0.0211946,1.00329,0.0509768,0.0175803,0.0482444,1.2102,4.10505,0.0800036,0.138686,1.2665,4.1193,1.26203,4.12553,669,1997,1.26218,4.12531,0,-176.938,-175.958
31353,-0.0689893,0.0180735,1.00414,-0.0253592,0.0404809,0.0558779,1.03115,3.92968,0.0788857,0.138152,1.24986,4.0548,1.25303,4.0864,669,1997,1.25316,4.08621,0,-176.828,-175.86
31373,-0.082604,0.0218065,1.01065,0.112045,-0.0282214,0.0406108,1.23606,4.6715,0.0799052,0.141313,1.23408,4.15408,1.24393,4.13963,669,1999,1.24404,4.13943,0,-176.753,-175.805
31393,-0.0679992,0.0241932,1.00256,-0.0253592,0.0252137,-0.0586258,1.38236,3.87905,0.0804209,0.140672,1.2549,4.13883,1.25505,4.13215,669,1997,1.25515,4.13198,0,-176.606,-175.66
31413,-0.0705364,0.023826,1.00609,0.0433426,0.0557482,-0.0738931,1.35662,4.0093,0.080784,0.14223,1.25483,4.12135,1.25525,4.12255,669,1997,1.25532,4.12241,0,-176.407,-175.475
31433,-0.0728881,0.0195422,1.00353,-0.0711613,0.0786488,-0.0586258,1.1156,4.1534,0.0801089,0.14278,1.25105,4.12096,1.25311,4.12124,669,1997,1.25318,4.12113,0,-176.432,-175.5
31455,-0.0721455,0.0202154,1.00299,-0.0482597,0.0404809,-0.0815266,1.15465,4.11341,0.0799528,0.142429,1.22734,4.1272,1.23937,4.12369,668,1996,1.23943,4.12361,0,-176.671,-175.731
31475,-0.0743733,0.0199706,1.00792,-0.0864277,0.154985,-0.0280915,1.1351,4.21934,0.0801632,0.141559,1.21444,4.10827,1.23039,4.11168,668,1997,1.23047,4.11161,0,-176.649,-175.71
31495,-0.0709078,0.0286606,1.0025,0.0128088,0.0175803,-0.0662594,1.63759,4.0442,0.0797171,0.143148,1.24796,4.13358,1.24709,4.12588,668,1997,1.24716,4.12579,0,-176.518,-175.576
31515,-0.0777151,0.0249276,1.00731,0.0357094,0.0633817,-0.157863,1.4176,4.41036,0.0799885,0.144568,1.31288,4.15165,1.28534,4.13647,669,1998,1.28541,4.13639,0,-176.665,-175.681
31535,-0.0740639,0.018869,1.00718,0.05861,0.0710154,-0.0509923,1.07328,4.20497,0.0802905,0.144538,1.29319,4.16498,1.27815,4.14538,669,1998,1.2782,4.14531,0,-176.699,-175.722
31557,-0.0710934,0.0190526,1.00566,-0.00245857,-0.00532055,0.0253437,1.08536,4.04296,0.0801802,0.144126,1.23839,4.14092,1.24856,4.13307,669,1994,1.24859,4.13299,0,-176.493,-175.56
31577,-0.0730118,0.0207662,1.00499,0.0357094,0.0786488,-0.0586258,1.18373,4.1543,0.0801769,0.145318,1.21209,4.12809,1.23203,4.12603,669,1997,1.23208,4.12596,0,-176.497,-175.58
31597,-0.0752397,0.0267635,1.0025,0.0357094,-0.0282214,-0.0128243,1.52925,4.2906,0.0814407,0.145669,1.24049,4.14132,1.24642,4.13304,669,1997,1.24645,4.13297,0,-176.777,-175.829
31617,-0.0717741,0.0240708,1.00487,-0.0482597,0.0023129,-0.0738931,1.37221,4.08431,0.081132,0.145059,1.28536,4.14911,1.27187,4.13787,668,1997,1.2719,4.13782,0,-176.768,-175.795
31637,-0.0733213,0.0211334,1.00171,0.0357094,0.0328474,-0.112061,1.20861,4.18544,0.0812813,0.145334,1.2784,4.15561,1.27013,4.14231,669,1997,1.27014,4.14229,0,-176.564,-175.608
31659,-0.0717123,0.0158704,1.0042,0.020442,0.0175803,-0.0357251,0.905424,4.08417,0.0806214,0.145716,1.21971,4.15709,1.23749,4.14454,669,2000,1.23747,4.14453,0,-176.531,-175.607
31679,-0.0727024,0.0258456,1.00694,0.020442,0.0710154,0.00244284,1.47031,4.1283,0.0813356,0.145228,1.21908,4.14207,1.23467,4.13655,669,1997,1.23466,4.13653,0,-176.588,-175.66
31699,-0.0741258,0.0228469,1.00773,0.0509768,0.0404809,-0.0509923,1.29876,4.20585,0.0812406,0.144984,1.26632,4.15101,1.26023,4.14159,669,1997,1.26021,4.14159,0,-176.729,-175.77
31719,-0.0736307,0.0188078,1.00554,-0.0635271,0.0404809,-0.0738931,1.07155,4.18727,0.0816342,0.144756,1.26004,4.16165,1.2579,4.14842,669,1998,1.25787,4.14844,0,-176.695,-175.745
31739,-0.0697938,0.0137285,1.00834,0.05861,-0.0511222,-0.0280915,0.780028,3.95913,0.0811575,0.143153,1.19156,4.11968,1.21873,4.12471,666,1999,1.21871,4.12477,0,-176.552,-175.646
31761,-0.0785815,0.0281711,1.00761,0.0891447,-0.0969236,-0.0586258,1.60147,4.45762,0.0816427,0.142741,1.20548,4.1497,1.22258,4.14033,668,1997,1.22257,4.14039,0,-176.655,-175.731
31781,-0.069175,0.0278651,1.01187,-0.0406265,-0.0892901,-0.0738931,1.57742,3.90938,0.0815783,0.140711,1.29101,4.15102,1.26983,4.14156,669,1997,1.26983,4.14163,0,-176.788,-175.807
31801,-0.0728262,0.0189302,1.00244,-0.0787945,0.109183,-0.0967938,1.08186,4.15445,0.0821092,0.140345,1.29306,4.11734,1.27456,4.12231,668,1997,1.27455,4.12239,0,-176.786,-175.805
31821,-0.0746208,0.0125045,1.00615,0.0128088,0.0710154,0.0329772,0.712039,4.24123,0.080457,0.140529,1.20885,4.13878,1.22792,4.13375,662,1997,1.22785,4.13383,0,-176.82,-175.878
31841,-0.0724549,0.0200318,1.00761,0.0128088,0.0023129,-0.0891602,1.13892,4.11211,0.0804842,0.140789,1.17416,4.15817,1.2049,4.14562,668,1997,1.20485,4.14572,0,-176.931,-176.003
31863,-0.0709078,0.0284159,1.00408,-0.00245857,0.0557482,-0.0280915,1.62106,4.03788,0.0813663,0.140835,1.23767,4.13435,1.2375,4.13316,668,2001,1.23747,4.13325,0,-176.774,-175.831
31883,-0.0764774,0.0243768,1.00755,0.020442,0.0404809,-0.0586258,1.38595,4.33941,0.0813629,0.139889,1.28648,4.1478,1.26577,4.14007,668,1997,1.26572,4.14017,0,-176.503,-175.55
31903,-0.0695463,0.020093,1.00712,-0.0406265,-0.157992,-0.0128243,1.14295,3.94947,0.0818634,0.139737,1.27643,4.17176,1.26293,4.15501,668,2001,1.26293,4.15514,0,-176.466,-175.52
31923,-0.0717123,0.00981181,1.00566,-0.00245857,-0.0205877,-0.0357251,0.558992,4.07857,0.0809134,0.139402,1.17917,4.12585,1.20859,4.12979,662,1995,1.20858,4.12994,0,-176.566,-175.668
31943,-0.0796335,0.0262127,1.00402,0.0662441,0.0404809,-0.0204579,1.49553,4.53336,0.08262,0.140898,1.15524,4.1458,1.19043,4.14057,669,1996,1.19043,4.14075,0,-176.863,-175.958
31965,-0.0735688,0.0474483,1.01461,-0.170398,-0.356466,-0.0586258,2.67749,4.14272,0.0818685,0.139555,1.34151,4.24645,1.29194,4.19934,668,2001,1.29193,4.19951,0,-176.732,-175.743
31985,-0.0569837,0.00632355,1.01078,-0.13223,0.0404809,-0.0433587,0.358446,3.22664,0.0806743,0.135678,1.3929,4.06418,1.33066,4.09882,662,1998,1.33064,4.099,0,-176.614,-175.599
32005,-0.0682467,0.00179494,1.0067,-0.147496,0.10155,0.0406108,0.102158,3.87829,0.0745641,0.13577,1.12868,3.99521,1.18318,4.05358,662,2001,1.18315,4.05376,0,-176.693,-175.802
32025,-0.0968375,0.0248052,1.00451,-0.13223,0.154985,-0.0128243,1.41457,5.5048,0.0750187,0.138488,1.09739,4.12615,1.15685,4.12065,668,1997,1.15682,4.12085,0,-176.624,-175.765
32045,-0.0689893,0.0394314,1.00755,0.173114,-0.272496,-0.127328,2.24118,3.91408,0.0759619,0.134198,1.2591,4.26231,1.24198,4.20008,668,1997,1.24194,4.20027,0,-176.727,-175.784
32067,-0.0616869,0.0188078,1.0067,0.00517464,-0.0740228,0.109313,1.07032,3.50589,0.0756838,0.130855,1.32019,4.10552,1.28038,4.11577,668,1997,1.28033,4.11599,0,-176.962,-175.959
32087,-0.0800667,0.0136061,1.00512,0.0662441,-0.0511222,0.00244284,0.775554,4.5541,0.0757262,0.13252,1.22511,4.11703,1.23043,4.12036,666,1998,1.23037,4.1206,0,-176.899,-175.949
32107,-0.0743114,0.0159316,1.00493,-0.0482597,-0.0205877,-0.0662594,0.908254,4.2286,0.0761808,0.129894,1.15886,4.17688,1.19106,4.15378,669,2001,1.191,4.15403,0,-177.057,-176.127
32127,-0.067009,0.0289666,1.00986,0.05861,-0.180893,0.0482444,1.64301,3.79472,0.0772309,0.127864,1.19723,4.14112,1.20834,4.13566,669,1997,1.20828,4.1359,0,-176.916,-175.977
32147,-0.078829,0.0301294,1.00402,-0.0100918,-0.104557,-0.0738931,1.71886,4.48726,0.0774718,0.128017,1.29013,4.16128,1.26039,4.14723,669,1997,1.26035,4.14746,0,-176.62,-175.667
32168,-0.0715266,0.0183183,1.00688,-0.00245857,-0.0282214,-0.00519073,1.04227,4.06267,0.077102,0.126201,1.30263,4.15703,1.27192,4.14594,669,1998,1.27188,4.1462,0,-176.63,-175.673
32188,-0.0710315,0.0131165,1.0039,-0.0253592,-0.0511222,-0.0738931,0.748558,4.04691,0.0774956,0.124659,1.1888,4.13928,1.21025,4.13648,665,1997,1.21021,4.13672,0,-176.705,-175.799
32208,-0.0762298,0.0254172,1.00396,-0.0558939,0.0328474,-0.0280915,1.45024,4.34071,0.0774312,0.124981,1.18119,4.14426,1.202,4.13954,669,1997,1.20197,4.13978,0,-176.572,-175.682
32228,-0.075054,0.0295174,1.00384,0.0280762,0.10155,0.0100764,1.68427,4.27404,0.0772141,0.125164,1.26648,4.16746,1.248,4.15378,670,2001,1.24797,4.15399,0,-176.59,-175.644
32248,-0.0741877,0.0215617,1.00378,0.0509768,-0.0587556,0.0329772,1.23056,4.22599,0.0769359,0.123287,1.30194,4.18,1.27117,4.16236,669,1998,1.27116,4.16254,0,-176.79,-175.807
32270,-0.069732,0.0151972,1.00341,-0.0482597,-0.0587556,-0.0738931,0.867708,3.97491,0.076505,0.1226,1.22423,4.16864,1.22993,4.15843,668,1997,1.22989,4.15859,0,-176.732,-175.8
32290,-0.0719598,0.0214393,1.00597,-0.0482597,0.147351,-0.0586258,1.22091,4.09064,0.0753719,0.123776,1.18722,4.14641,1.20676,4.14757,669,1997,1.20672,4.14775,0,-176.667,-175.765
32310,-0.0705983,0.0265187,1.00755,0.0128088,-0.0892901,-0.0967938,1.50768,4.00674,0.0752922,0.123624,1.22139,4.14602,1.22345,4.14777,669,1997,1.22341,4.14792,0,-176.576,-175.667
32330,-0.0630484,0.0248664,1.00877,-0.0406265,-0.0129542,0.0635116,1.41207,3.57528,0.0751667,0.123426,1.26978,4.07187,1.25104,4.10511,669,1998,1.25098,4.10525,0,-176.572,-175.629
32350,-0.0866265,0.0172167,1.00652,-0.0100918,0.238954,-0.00519073,0.979964,4.91837,0.074461,0.126648,1.25232,4.11317,1.24342,4.12472,669,1998,1.24336,4.12485,0,-176.691,-175.742
32372,-0.0725786,0.0222349,1.0056,0.14258,-0.142725,-0.0509923,1.26666,4.12712,0.0760454,0.12645,1.22771,4.23279,1.2305,4.1939,669,1997,1.23046,4.19403,0,-176.693,-175.758
32392,-0.0670709,0.0272531,1.00627,-0.0100918,0.0481145,-0.0280915,1.55138,3.81189,0.0763779,0.125809,1.2772,4.14973,1.25874,4.15105,669,1997,1.25871,4.15117,0,-176.594,-175.641
32412,-0.0787052,0.0214393,1.00664,-0.147496,0.0404809,-0.0738931,1.2201,4.46964,0.0753669,0.127901,1.29777,4.16,1.27312,4.15735,668,1997,1.27311,4.15744,0,-176.602,-175.646
32432,-0.0692988,0.0182571,1.00493,0.020442,-0.211427,-0.157863,1.0408,3.94414,0.0749208,0.124314,1.2529,4.1766,1.25043,4.16691,668,2001,1.25043,4.16698,0,-176.734,-175.787
32452,-0.0663902,0.0150748,1.00226,-0.0940619,-0.0663893,-0.0891602,0.861713,3.78935,0.0738487,0.122681,1.16227,4.12148,1.19779,4.13611,667,1995,1.19776,4.13618,0,-176.79,-175.883
32474,-0.0800667,0.0282323,1.0056,-0.0406265,0.154985,0.0177101,1.60815,4.55054,0.0732805,0.123918,1.18785,4.14788,1.20696,4.14967,669,1997,1.20691,4.14971,0,-176.971,-176.046
32494,-0.0770962,0.0284771,1.00834,-0.0253592,-0.0434885,-0.0357251,1.61769,4.37051,0.0725137,0.124132,1.27499,4.19684,1.25453,4.17852,669,1997,1.25449,4.17856,0,-177.038,-176.06
32514,-0.0710315,0.0195422,1.00505,-0.0177259,-0.0892901,-0.0280915,1.11391,4.04185,0.0718386,0.123644,1.27451,4.20222,1.2571,4.18461,669,1998,1.25707,4.18462,0,-176.83,-175.865
32534,-0.0724549,0.0177675,1.00201,-0.0482597,-0.0969236,0.0100764,1.01585,4.13518,0.0716215,0.122591,1.22605,4.16856,1.23146,4.16747,668,1998,1.23142,4.16748,0,-176.803,-175.871
32554,-0.0722073,0.0208886,1.00201,-0.0406265,-0.0663893,-0.180763,1.19425,4.12085,0.0710685,0.12221,1.20002,4.15648,1.21523,4.16113,668,1997,1.21519,4.16112,0,-176.792,-175.873
32576,-0.063234,0.0252948,0.997266,0.0891447,-1.60837,-0.0433587,1.45295,3.62696,0.0722712,0.102683,1.22367,4.14725,1.22726,4.14832,668,1997,1.22721,4.14829,0,-176.929,-175.989
32596,-0.0696701,0.0225409,1.00067,-0.193298,0.979412,-0.134962,1.29041,3.98168,0.0704053,0.107264,1.24946,4.11762,1.24112,4.1333,668,1997,1.24108,4.13325,0,-176.977,-176.019
32616,-0.0717741,0.0221737,1.00335,0.134946,-0.761046,0.0406108,1.26601,4.09066,0.0698523,0.115768,1.25284,4.15718,1.24398,4.15843,668,1997,1.24395,4.15836,0,-176.716,-175.776
32636,-0.0717741,0.0198482,1.00317,-0.147496,0.345824,-0.0738931,1.13348,4.0916,0.0692382,0.11128,1.22434,4.13951,1.22838,4.14682,668,1997,1.22832,4.14675,0,-176.531,-175.613
32656,-0.0708459,0.0257232,1.0039,-0.0482597,-0.425168,-0.0204579,1.46778,4.03539,0.067189,0.112838,1.23067,4.13354,1.2304,4.14375,668,1997,1.23037,4.14366,0,-176.415,-175.501
32678,-0.0724549,0.0270083,1.00761,-0.13223,0.170252,-0.0357251,1.53541,4.11145,0.0653383,0.111419,1.27365,4.12672,1.25452,4.13834,668,1998,1.25449,4.13824,0,-176.736,-175.785
32698,-0.0738163,0.0200318,1.0039,0.0280762,-0.165626,0.0864123,1.14313,4.20454,0.0648922,0.111572,1.2714,4.14159,1.25599,4.14618,669,1997,1.25597,4.14609,0,-176.744,-175.791
32718,-0.0731975,0.0177675,1.00822,-0.109328,0.0633817,-0.0357251,1.0096,4.15179,0.0636522,0.109587,1.23231,4.14391,1.23517,4.14669,668,1996,1.23515,4.14658,0,-176.669,-175.735
32738,-0.070227,0.0213781,1.00414,0.05861,-0.173259,0.0100764,1.21964,3.9997,0.0632061,0.10858,1.19665,4.12984,1.21397,4.13831,668,2001,1.21393,4.1382,0,-176.929,-175.989
32758,-0.074559,0.0230305,1.00682,0.0967779,0.10155,0.0406108,1.31038,4.23414,0.0630806,0.108336,1.21873,4.10392,1.22445,4.12205,668,1997,1.22443,4.12194,0,-176.998,-176.044
32780,-0.0738163,0.0215617,1.0067,0.020442,-0.0434885,-0.0204579,1.22699,4.19276,0.0638406,0.108016,1.23723,4.12519,1.23511,4.13215,668,1996,1.2351,4.13203,0,-176.665,-175.726
32800,-0.07295,0.0183795,1.00761,-0.0329933,0.0633817,-0.112061,1.045,4.14024,0.0636998,0.10646,1.22804,4.12289,1.23042,4.12953,668,2001,1.23037,4.12941,0,-176.762,-175.822
32820,-0.0684324,0.0212557,1.00475,0.0967779,-0.0740228,0.101679,1.21193,3.89546,0.0638491,0.104658,1.20864,4.09815,1.21892,4.11406,668,1996,1.21887,4.11395,0,-176.758,-175.83
32840,-0.072393,0.0215617,1.00493,-0.0253592,-0.0511222,-0.0204579,1.22914,4.11939,0.0637999,0.102949,1.22195,4.09381,1.2253,4.10878,668,2001,1.22526,4.10865,0,-176.753,-175.828
32860,-0.0721455,0.0208886,1.00499,-0.0787945,-0.0816565,0.0711452,1.19071,4.10516,0.0634607,0.102415,1.23272,4.10255,1.23098,4.11183,668,1997,1.23093,4.11171,0,-176.824,-175.89
32882,-0.0696082,0.0223573,1.00335,0.127313,-0.814481,-0.0128243,1.27649,3.96759,0.059839,0.12895,1.23545,4.15002,1.23156,4.14834,668,1997,1.23151,4.14821,0,-176.925,-175.975
32902,-0.0679992,0.0224185,1.00445,0.0891447,-0.623641,0.0177101,1.27859,3.87195,0.058599,0.131027,1.22503,4.13054,1.22549,4.13753,668,2001,1.22544,4.13737,0,-176.888,-175.946
32922,-0.0728881,0.0217453,1.00445,0.00517464,-0.356466,0.109313,1.24021,4.14945,0.0586872,0.130676,1.22062,4.13457,1.22296,4.13827,668,1996,1.22291,4.13813,0,-176.758,-175.832
32942,-0.072393,0.0215617,1.00378,-0.109328,0.261855,-0.203664,1.23056,4.12411,0.0576609,0.132524,1.24341,4.14493,1.2357,4.14446,668,1996,1.23562,4.14432,0,-176.89,-175.936
32962,-0.0692369,0.0204602,1.00323,-0.0253592,-0.127458,-0.0738931,1.16835,3.94713,0.0570774,0.134204,1.22797,4.15333,1.2278,4.15039,669,1996,1.2277,4.15024,0,-176.689,-175.752
32984,-0.0701651,0.0265187,1.00512,-0.0100918,0.292389,-0.150229,1.51133,3.99184,0.0572267,0.133441,1.25127,4.13926,1.24121,4.14241,668,1997,1.24111,4.14228,0,-176.531,-175.597
33004,-0.0762917,0.0216229,1.00384,0.0357094,-0.165626,-0.0662594,1.23398,4.34512,0.0567501,0.140525,1.25819,4.17337,1.24685,4.16425,668,1997,1.24673,4.16414,0,-176.669,-175.728
33024,-0.0722073,0.0173391,1.00256,0.0967779,-0.0358551,-0.0662594,0.990822,4.11888,0.0574032,0.138236,1.22009,4.17846,1.22713,4.16766,668,1997,1.22701,4.16754,0,-176.828,-175.891
33044,-0.0679992,0.0241932,1.0039,0.020442,-0.0740228,-0.00519073,1.38052,3.8739,0.0580258,0.138068,1.20567,4.14865,1.21787,4.15207,668,2001,1.21773,4.15195,0,-176.699,-175.784
33064,-0.0728881,0.0271307,1.00305,0.0891447,-0.127458,0.0329772,1.54938,4.15467,0.0588621,0.135534,1.25388,4.14012,1.2444,4.14533,669,1997,1.24423,4.14521,0,-176.6,-175.667
33086,-0.0756729,0.0192974,1.00232,0.0357094,-0.0587556,-0.0815266,1.10297,4.31673,0.0590267,0.136267,1.25974,4.17558,1.24966,4.16558,669,1998,1.24951,4.16547,0,-176.497,-175.566
33105,-0.0676279,0.0179511,1.00213,0.0280762,-0.00532055,-0.0128243,1.02622,3.86007,0.059634,0.134894,1.22238,4.14638,1.22994,4.14982,669,1997,1.2298,4.14969,0,-176.639,-175.722
33125,-0.0706602,0.020705,1.00627,0.0280762,-0.0205877,0.0253437,1.17875,4.01586,0.0596001,0.135413,1.1938,4.11574,1.21236,4.13172,669,1998,1.21222,4.13159,0,-176.906,-175.981
33145,-0.0762298,0.0224797,1.00408,-0.0635271,0.0023129,-0.0357251,1.28254,4.34048,0.0590013,0.135307,1.22197,4.14137,1.22601,4.14417,669,1997,1.22587,4.14404,0,-176.59,-175.669
33165,-0.0735688,0.0260292,1.00505,-0.101695,-0.0587556,-0.0204579,1.48353,4.18512,0.0583567,0.134804,1.27238,4.14596,1.25448,4.14634,669,1997,1.25434,4.1462,0,-176.485,-175.545
33187,-0.0728881,0.0181347,1.00518,-0.0329933,-0.0434885,-0.0128243,1.03358,4.14674,0.0580938,0.134499,1.24285,4.15886,1.24016,4.15364,669,1997,1.24002,4.15352,0,-176.562,-175.636
33207,-0.0712172,0.0182571,1.00207,0.00517464,0.00994658,-0.00519073,1.04377,4.0645,0.0581515,0.134805,1.19353,4.14805,1.21207,4.14816,667,1997,1.21193,4.14807,0,-176.527,-175.629
33227,-0.0784577,0.0144016,1.00615,-0.0406265,0.0252137,-0.104427,0.820052,4.45834,0.0572168,0.136118,1.13886,4.17721,1.17786,4.16521,668,1998,1.17771,4.16511,0,-176.428,-175.57
33247,-0.0641004,0.0334953,1.0042,-0.0177259,-0.0892901,-0.0280915,1.9104,3.65033,0.0569539,0.132577,1.1907,4.13671,1.20147,4.14267,669,1997,1.20131,4.14257,0,-176.336,-175.461
33267,-0.0782102,0.0339848,1.00311,-0.109328,0.193153,0.0329772,1.94041,4.45566,0.0566147,0.133142,1.35625,4.10654,1.29583,4.12361,669,1997,1.29567,4.1235,0,-176.592,-175.605
33289,-0.0766012,0.00834307,1.00353,-0.0329933,-0.241962,0.0406108,0.476329,4.36485,0.0566113,0.13273,1.28487,4.22496,1.26376,4.1903,662,1998,1.26358,4.19018,0,-176.83,-175.86
33309,-0.0595828,0.00889385,1.00566,-0.00245857,-0.135092,-0.0280915,0.506697,3.39052,0.0571881,0.128181,1.10543,4.12729,1.16293,4.13738,662,1994,1.16275,4.13726,0,-176.837,-175.958
33329,-0.0693606,0.0358208,1.00451,0.0662441,0.0939159,0.0711452,2.0423,3.94747,0.0582381,0.129739,1.1492,4.03903,1.17951,4.08477,668,1997,1.17931,4.08463,0,-176.756,-175.864
33349,-0.0894732,0.0344132,1.00761,0.020442,0.20842,-0.0433587,1.95608,5.07146,0.0596088,0.131602,1.35004,4.14261,1.29265,4.13826,668,1997,1.29247,4.13811,0,-176.622,-175.639
33369,-0.0746827,0.0075475,1.00305,-0.0100918,0.0786488,-0.119695,0.431118,4.25803,0.0587658,0.130732,1.3132,4.2491,1.28023,4.20099,662,1998,1.28005,4.20086,0,-176.434,-175.484
33391,-0.055746,0.00840427,1.00566,-0.0329933,0.368725,0.0177101,0.478806,3.17266,0.0596326,0.132351,1.11824,4.10159,1.17154,4.12348,662,1998,1.17136,4.12335,0,-176.708,-175.83
33411,-0.0817376,0.0315981,1.00925,-0.101695,0.857275,0.0635116,1.79325,4.62791,0.0573239,0.150855,1.14703,4.08525,1.17884,4.11719,669,1997,1.17868,4.11706,0,-176.88,-175.981
33431,-0.0855126,0.0326997,1.00706,0.0357094,0.322924,0.0100764,1.85976,4.85096,0.0574274,0.160275,1.29679,4.24638,1.26157,4.21013,668,1997,1.26141,4.21001,0,-176.759,-175.804
33451,-0.0728881,0.0184407,1.007,0.0509768,-0.142725,0.0177101,1.04911,4.13923,0.0565233,0.163039,1.32403,4.27396,1.28254,4.23262,669,1997,1.28237,4.23249,0,-176.659,-175.698
33471,-0.0653381,0.00724152,1.00189,0.0891447,-0.470969,0.0329772,0.414118,3.73115,0.0581077,0.15023,1.1972,4.19331,1.21606,4.1864,662,1998,1.21589,4.18627,0,-176.557,-175.661
33493,-0.0709696,0.0175839,1.01023,0.150213,-0.0969236,0.0558779,0.997183,4.01789,0.0596768,0.14991,1.10078,4.16886,1.15772,4.1733,668,1997,1.15754,4.17319,0,-176.809,-175.945
33513,-0.0795716,0.0282935,1.00524,0.05861,-0.0205877,0.0482444,1.61222,4.52414,0.0614903,0.146552,1.17334,4.19057,1.1924,4.18364,669,1997,1.19221,4.18354,0,-176.841,-175.943
33533,-0.077777,0.0221737,1.00895,0.0891447,-0.264863,-0.127328,1.25899,4.40699,0.0628457,0.145713,1.21368,4.25388,1.21373,4.22166,668,1997,1.21353,4.22157,0,-176.815,-175.904
33553,-0.065957,0.025968,1.00579,0.0738773,-0.295397,0.0329772,1.47897,3.7507,0.0657278,0.137896,1.25495,4.17772,1.23832,4.17953,668,2001,1.23812,4.17945,0,-176.807,-175.864
33573,-0.0811187,0.0174615,1.01078,-0.13223,1.93361,-0.0891602,0.989707,4.5877,0.0639993,0.15953,1.23893,4.16616,1.23073,4.18123,669,1997,1.23054,4.18116,0,-176.604,-175.682
33595,-0.0783958,0.0216229,1.00944,-0.0100918,0.139718,0.0100764,1.22713,4.43983,0.0638738,0.172584,1.20174,4.23534,1.20968,4.22532,668,1997,1.20948,4.22523,0,-176.507,-175.618
33615,-0.0737545,0.0204602,1.00335,-0.0787945,0.185519,-0.119695,1.1682,4.20327,0.0640231,0.168035,1.19643,4.24055,1.20546,4.22865,668,1997,1.20526,4.22856,0,-176.636,-175.742
33635,-0.0663902,0.025968,1.00445,0.0128088,-0.104557,-0.0357251,1.48094,3.78028,0.064264,0.169181,1.23017,4.21422,1.22339,4.21669,669,1997,1.22321,4.21659,0,-176.796,-175.867
33655,-0.0744352,0.0237648,1.00402,-0.0329933,0.20842,-0.0586258,1.35592,4.2388,0.0636346,0.170708,1.26686,4.18838,1.24528,4.20224,669,2001,1.24512,4.20215,0,-176.699,-175.757
33675,-0.0742495,0.0192362,1.00664,-0.0329933,-0.0205877,-0.0204579,1.09475,4.21773,0.0629748,0.172831,1.25987,4.22679,1.24394,4.22431,669,1997,1.24379,4.22422,0,-176.562,-175.636
33697,-0.070227,0.0147688,0.9997,-0.0329933,0.132084,-0.134962,0.846383,4.01788,0.0629103,0.173075,1.21237,4.20256,1.21879,4.2115,667,1996,1.21866,4.21139,0,-176.647,-175.734
33717,-0.0705983,0.0207662,1.00256,0.020442,-0.0282214,0.0177101,1.18661,4.02715,0.0628611,0.174389,1.17313,4.16608,1.19479,4.19024,669,1997,1.19467,4.19013,0,-176.35,-175.486
33737,-0.076168,0.0280487,1.00579,-0.0329933,0.0786488,-0.104427,1.59741,4.32906,0.0631631,0.17558,1.2228,4.17117,1.22024,4.19043,668,1997,1.22011,4.19031,0,-176.44,-175.55
33757,-0.0759204,0.0240708,1.00153,0.104412,-0.0282214,-0.00519073,1.37679,4.33376,0.0640452,0.177397,1.2735,4.22666,1.25043,4.22137,669,1996,1.25031,4.22127,0,-176.75,-175.808
33777,-0.0710934,0.0176451,1.00682,-0.0253592,0.0710154,0.0177101,1.00404,4.03844,0.0631564,0.177184,1.26802,4.18966,1.25034,4.20118,669,1996,1.25023,4.20106,0,-176.505,-175.572
33799,-0.0759204,0.020093,1.00883,-0.00245857,0.139718,-0.0509923,1.14102,4.30289,0.0633057,0.178452,1.20611,4.1948,1.21663,4.20327,668,1997,1.21652,4.20313,0,-176.543,-175.643
33819,-0.0741258,0.0252336,1.00536,0.05861,0.0710154,0.0329772,1.43777,4.2155,0.0638977,0.179307,1.22118,4.19822,1.22402,4.20478,668,1996,1.22391,4.20463,0,-176.649,-175.744
33839,-0.0755491,0.0260292,1.00542,-0.0406265,0.0633817,-0.0204579,1.48299,4.2958,0.0643524,0.180621,1.26807,4.2185,1.25106,4.2164,669,1997,1.25096,4.21624,0,-176.486,-175.567
33859,-0.0751778,0.0199706,1.00621,0.0662441,-0.0205877,-0.0357251,1.13702,4.27201,0.0660131,0.180285,1.26156,4.22827,1.2507,4.22247,668,2001,1.2506,4.2223,0,-176.49,-175.569
33879,-0.0712791,0.0169719,1.00658,-0.00245857,-0.142725,-0.0662594,0.965975,4.04997,0.0661013,0.178713,1.21287,4.21429,1.22417,4.2149,669,1996,1.22407,4.21474,0,-176.641,-175.727
33901,-0.0770344,0.0246828,1.00828,-0.0406265,0.0939159,0.0940459,1.40233,4.36771,0.0663575,0.178881,1.25039,4.20101,1.24438,4.20705,669,1996,1.24427,4.20686,0,-176.634,-175.694
33921,-0.0723311,0.0197258,1.00493,-0.00245857,-0.157992,0.0635116,1.12451,4.11603,0.0659266,0.178409,1.23932,4.25465,1.23887,4.23778,668,1997,1.23877,4.23759,0,-176.503,-175.583
33941,-0.0733213,0.0219289,1.0039,0.020442,0.0862825,-0.0280915,1.25136,4.17627,0.0655874,0.178104,1.2419,4.19399,1.24045,4.20471,668,1996,1.24032,4.20451,0,-176.371,-175.458
33961,-0.0757348,0.015136,1.00487,0.00517464,-0.0282214,0.0100764,0.862958,4.30961,0.0645764,0.177982,1.19299,4.22036,1.21237,4.21888,667,2000,1.21224,4.21868,0,-176.655,-175.754
33981,-0.0705364,0.0233977,1.00998,-0.00245857,0.0710154,-0.0357251,1.3271,3.99393,0.0658555,0.176654,1.18379,4.18192,1.20461,4.19674,669,1996,1.20449,4.19654,0,-176.655,-175.76
34003,-0.0775294,0.0249888,1.00432,-0.0558939,0.0252137,-0.00519073,1.42529,4.41287,0.0651498,0.177174,1.22086,4.20568,1.22277,4.2087,669,1997,1.22264,4.2085,0,-176.576,-175.673
34023,-0.0720836,0.0198482,1.00633,0.00517464,-0.0816565,-0.0586258,1.12992,4.0963,0.0651922,0.174991,1.2267,4.22964,1.22601,4.22188,669,1995,1.22588,4.22169,0,-176.665,-175.748
34042,-0.0718979,0.0191138,1.00664,0.0433426,0.0481145,0.0787787,1.08779,4.08461,0.0660896,0.173709,1.1953,4.18678,1.20809,4.19777,669,1997,1.20799,4.19757,0,-176.632,-175.731
34062,-0.0744971,0.0227857,1.00329,-0.0253592,-0.0587556,0.101679,1.30102,4.24549,0.0659946,0.173832,1.19402,4.19754,1.20521,4.20274,669,1997,1.20512,4.20253,0,-176.602,-175.713
34082,-0.07295,0.0232753,1.00639,-0.0177259,-0.0205877,0.0711452,1.32487,4.14481,0.0660676,0.172901,1.21315,4.19477,1.21434,4.20042,669,1997,1.21427,4.2002,0,-176.809,-175.896
34104,-0.075054,0.0189302,1.00597,-0.0329933,0.0404809,-0.0586258,1.07806,4.26611,0.0649955,0.173619,1.216,4.20457,1.21523,4.2056,669,1997,1.21518,4.20538,0,-176.681,-175.776
34124,-0.0739401,0.0205214,1.0042,-0.0406265,-0.00532055,-0.0280915,1.1707,4.21025,0.0643509,0.174245,1.2069,4.20526,1.20924,4.20629,669,1997,1.20919,4.20608,0,-176.705,-175.802
34144,-0.0751778,0.0213169,1.00645,0.05861,0.0939159,-0.119695,1.21336,4.27086,0.0651109,0.175299,1.19871,4.18954,1.20402,4.19745,669,1997,1.204,4.19723,0,-176.665,-175.768
34164,-0.0733213,0.0231529,1.00536,-0.00245857,-0.0434885,0.0177101,1.31926,4.17012,0.0651534,0.174948,1.21099,4.19787,1.20999,4.20132,669,1997,1.20996,4.20109,0,-176.636,-175.739
34184,-0.0741877,0.0228469,1.00609,-0.0711613,-0.0511222,0.0329772,1.30088,4.2162,0.0642645,0.174735,1.23083,4.20338,1.22087,4.20398,669,1998,1.22087,4.20374,0,-176.671,-175.763
34206,-0.0727643,0.0190526,1.00652,-0.0329933,-0.0129542,-0.203664,1.08444,4.13417,0.0637115,0.173942,1.2299,4.19139,1.2214,4.19685,669,1997,1.22142,4.1966,0,-176.677,-175.765
34226,-0.0736926,0.0190526,1.00481,-0.0177259,-0.0358551,0.00244284,1.08628,4.19379,0.0635249,0.172706,1.21192,4.17428,1.21169,4.18566,669,1997,1.21171,4.18543,0,-176.701,-175.79
34246,-0.0726405,0.0220513,1.00725,0.00517464,0.0481145,-0.00519073,1.25416,4.12393,0.0636742,0.17237,1.20463,4.18615,1.20706,4.19098,669,1997,1.2071,4.19073,0,-176.57,-175.676
34266,-0.0738782,0.0205826,1.00305,-0.0711613,0.292389,-0.112061,1.17555,4.21156,0.0635945,0.174416,1.20433,4.17854,1.20611,4.18684,668,1997,1.20613,4.18659,0,-176.553,-175.663
34286,-0.0741258,0.0206438,1.00676,-0.00245857,0.12445,0.0635116,1.1747,4.2101,0.0638659,0.180218,1.22016,4.19513,1.21498,4.19783,668,1997,1.21499,4.19761,0,-176.53,-175.637
34308,-0.074559,0.0210722,1.00931,0.0433426,0.0252137,0.0253437,1.19603,4.2239,0.0640305,0.180143,1.21725,4.20324,1.21372,4.20214,668,2001,1.21373,4.2019,0,-176.578,-175.68
34328,-0.0738782,0.0223573,1.00682,0.0128088,0.0023129,0.0635116,1.27209,4.19569,0.0636607,0.180464,1.22257,4.19618,1.21673,4.19817,668,1997,1.21676,4.19795,0,-176.659,-175.748
34348,-0.0736307,0.0219901,1.00706,-0.0100918,-0.0129542,-0.0357251,1.25091,4.18071,0.0628329,0.180891,1.22059,4.20435,1.21557,4.20279,669,1997,1.21559,4.20258,0,-176.634,-175.727
34368,-0.0738163,0.0206438,1.00238,-0.0864277,0.0633817,-0.00519073,1.17983,4.21084,0.0619898,0.180892,1.21639,4.20381,1.21332,4.20233,668,1997,1.21336,4.20215,0,-176.57,-175.671
34388,-0.0721455,0.0221125,1.00645,-0.00245857,-0.0282214,0.00244284,1.25863,4.09912,0.0612689,0.180602,1.20512,4.19999,1.20656,4.20006,668,1997,1.20662,4.19989,0,-176.543,-175.654
34410,-0.0761061,0.0215617,1.00725,-0.0711613,-0.0816565,-0.134962,1.22632,4.31999,0.0606701,0.180862,1.20903,4.2032,1.20812,4.20179,668,1997,1.20819,4.20164,0,-176.497,-175.604
34430,-0.0738163,0.0208886,1.00043,0.020442,0.0710154,0.0482444,1.19614,4.21898,0.0608194,0.180389,1.21302,4.21022,1.21044,4.20581,668,1997,1.21055,4.20567,0,-176.436,-175.55
34450,-0.0709078,0.0208886,1.00639,0.020442,0.0175803,-0.00519073,1.18905,4.02938,0.0606329,0.179886,1.21701,4.18615,1.21274,4.19233,669,1997,1.21284,4.19221,0,-176.649,-175.751
34470,-0.0746827,0.0205826,1.00244,0.0433426,0.10155,0.0177101,1.17626,4.25983,0.0603241,0.180177,1.21161,4.19279,1.20964,4.19507,668,1997,1.20972,4.19494,0,-176.783,-175.876
34490,-0.0738163,0.0205826,1.00445,-0.0253592,-0.119824,-0.0967938,1.17391,4.20221,0.0606261,0.179276,1.21136,4.19708,1.20956,4.19677,669,1997,1.20968,4.19665,0,-176.522,-175.634
34512,-0.0730737,0.0187466,1.00566,0.020442,-0.0205877,0.0100764,1.06793,4.15521,0.060638,0.178819,1.20851,4.19579,1.20813,4.19564,668,1997,1.20824,4.19554,0,-176.447,-175.561
34532,-0.0752397,0.021011,1.00457,0.0280762,-0.0129542,-0.0433587,1.19819,4.28238,0.0596881,0.178728,1.21482,4.19439,1.21113,4.1945,669,1997,1.21126,4.19441,0,-176.547,-175.652
34552,-0.0741877,0.019787,1.00475,-0.0329933,-0.0434885,0.0253437,1.12821,4.22206,0.0598832,0.178011,1.2166,4.19553,1.21251,4.19467,668,1997,1.21265,4.19459,0,-176.535,-175.641
34572,-0.074002,0.020705,1.00731,-0.0177259,-0.0434885,-0.0204579,1.17754,4.20081,0.0599256,0.178194,1.20697,4.19496,1.20733,4.1944,668,2000,1.20746,4.19432,0,-176.592,-175.697
34592,-0.0749303,0.0195422,1.00621,0.00517464,0.0328474,-0.0280915,1.11263,4.25803,0.060365,0.177782,1.20685,4.20174,1.20734,4.19787,669,1997,1.20748,4.1978,0,-176.499,-175.607
34614,-0.0738163,0.0229693,1.00226,0.020442,-0.0816565,-0.0891602,1.31285,4.21114,0.0608654,0.175493,1.21171,4.19851,1.20996,4.19537,668,1997,1.21012,4.19529,0,-176.302,-175.422
34634,-0.073445,0.0197258,1.00384,-0.0558939,0.0404809,-0.0357251,1.12574,4.18374,0.0611369,0.174379,1.21755,4.18979,1.21363,4.18987,669,1996,1.21381,4.18981,0,-176.505,-175.61
34654,-0.074002,0.0219901,1.00159,-0.00245857,0.0328474,-0.0204579,1.25774,4.2246,0.0617747,0.175417,1.2195,4.19472,1.21517,4.1928,669,1996,1.21538,4.19278,0,-176.716,-175.811
34674,-0.0754872,0.020705,1.00518,-0.0711613,0.0710154,-0.0357251,1.18003,4.29386,0.0604584,0.174074,1.21297,4.21409,1.2113,4.20345,668,1996,1.21151,4.20347,0,-176.453,-175.568
34694,-0.0726405,0.0216229,1.0095,0.0128088,-0.0129542,-0.0433587,1.22706,4.11481,0.060455,0.174182,1.21502,4.20117,1.2125,4.19745,669,1996,1.21271,4.19746,0,-176.244,-175.363
34716,-0.07295,0.0199094,1.00579,-0.0482597,-0.0358551,-0.0357251,1.13402,4.14761,0.060589,0.173907,1.21421,4.20195,1.21239,4.19822,669,1997,1.21264,4.19824,0,-176.47,-175.579
34736,-0.0753635,0.0195422,1.00743,0.0280762,-0.0358551,-0.0509923,1.11129,4.2774,0.0606315,0.174137,1.20224,4.21661,1.20562,4.20715,669,1997,1.20586,4.20718,0,-176.665,-175.771
34756,-0.0741877,0.0213781,1.00256,-0.0482597,-0.0358551,-0.0815266,1.22156,4.23111,0.0607502,0.173878,1.19529,4.2228,1.20102,4.21181,669,1997,1.20127,4.21184,0,-176.606,-175.721
34776,-0.0742495,0.019175,1.00572,0.00517464,0.00994658,0.0406108,1.09226,4.22155,0.060472,0.173741,1.20154,4.22219,1.20369,4.21292,666,1997,1.20393,4.21296,0,-176.639,-175.746
34796,-0.0755491,0.020705,1.00341,0.020442,-0.0282214,0.00244284,1.18211,4.30489,0.0605908,0.173069,1.1996,4.22202,1.20209,4.21383,669,1997,1.20232,4.21387,0,-176.736,-175.84
34818,-0.0748684,0.0208886,1.00658,-0.0253592,0.0557482,0.0787787,1.18884,4.25287,0.0598546,0.173864,1.18342,4.22831,1.19168,4.21916,669,1997,1.19192,4.21916,0,-176.537,-175.67
34838,-0.0741258,0.0210722,1.00335,0.020442,0.0023129,-0.0433587,1.20314,4.2243,0.0597444,0.17449,1.177,4.24184,1.18648,4.2289,668,1997,1.18672,4.22887,0,-176.507,-175.644
34858,-0.0737545,0.019787,1.00311,0.0662441,0.0481145,0.0177101,1.13005,4.20435,0.0596036,0.174063,1.18478,4.23216,1.18933,4.22516,669,1996,1.18955,4.22515,0,-176.511,-175.646
34878,-0.0727024,0.0226633,1.00414,-0.0253592,0.109183,-0.0204579,1.29293,4.14008,0.0604247,0.176308,1.1982,4.23471,1.19628,4.22915,669,2001,1.1965,4.22914,0,-176.794,-175.893
34898,-0.0762298,0.0224797,1.00688,0.00517464,0.116817,-0.0433587,1.27898,4.32847,0.0601923,0.178614,1.20035,4.24158,1.19723,4.23526,668,1997,1.19744,4.23525,0,-176.957,-176.043
34920,-0.07295,0.0221125,1.00749,-0.0100918,0.177886,-0.00519073,1.25733,4.14043,0.0605401,0.179225,1.20974,4.23857,1.20276,4.23515,669,1996,1.20296,4.23513,0,-176.88,-175.972
34940,-0.0756729,0.0197258,1.00627,0.0662441,0.00994658,0.12458,1.12302,4.2998,0.0609947,0.180905,1.21078,4.23996,1.20406,4.23761,667,1999,1.20428,4.23758,0,-176.653,-175.759
34960,-0.075611,0.0227857,1.00366,0.05861,-0.0129542,-0.0204579,1.30055,4.30717,0.061144,0.180859,1.20925,4.24393,1.20355,4.24069,669,1998,1.20379,4.24064,0,-176.438,-175.556
34979,-0.0753635,0.0206438,1.00013,0.0280762,-0.211427,-0.00519073,1.18248,4.30841,0.06082,0.178585,1.20413,4.24149,1.20094,4.23932,669,1997,1.20119,4.23926,0,-176.511,-175.627
34999,-0.0757967,0.0211946,1.00299,0.00517464,-0.0587556,-0.0357251,1.21056,4.32072,0.0607861,0.17544,1.20578,4.23206,1.20198,4.23341,669,1997,1.20224,4.23335,0,-176.647,-175.755
35021,-0.076168,0.0207662,1.00597,0.119678,-0.119824,0.0253437,1.18259,4.32903,0.0616224,0.172739,1.20073,4.23472,1.19958,4.23426,669,1997,1.19983,4.2342,0,-176.47,-175.594
35041,-0.0743114,0.0223573,1.00579,0.0357094,0.0557482,0.0635116,1.2734,4.22452,0.0634511,0.172373,1.21255,4.22921,1.20699,4.23176,669,1997,1.20724,4.23169,0,-176.298,-175.427
35061,-0.0760442,0.0189302,1.00664,-0.0100918,0.0481145,-0.0586258,1.07734,4.31932,0.0638753,0.173518,1.20038,4.24159,1.20057,4.23966,669,1997,1.20082,4.23957,0,-176.3,-175.438
35081,-0.0725168,0.0226021,1.00676,-0.0177259,0.00994658,-0.0204579,1.28609,4.11886,0.0631238,0.172862,1.19889,4.2379,1.19897,4.23845,667,1997,1.19924,4.23838,0,-176.367,-175.503
35101,-0.0746208,0.0196034,1.00335,-0.0177259,0.0023129,0.0406108,1.1193,4.25254,0.0637311,0.173473,1.20029,4.24029,1.19986,4.24072,669,1999,1.20014,4.24064,0,-176.637,-175.754
35123,-0.0744971,0.0220513,1.00524,0.0280762,-0.104557,0.00244284,1.25666,4.23736,0.0639568,0.172206,1.21174,4.24554,1.20633,4.24396,669,1998,1.20662,4.24388,0,-176.805,-175.901
35143,-0.0741877,0.0207662,1.00341,0.0357094,-0.142725,-0.0586258,1.1856,4.22759,0.0652053,0.16955,1.20936,4.248,1.20596,4.24528,669,1997,1.20627,4.24518,0,-176.47,-175.588
35163,-0.0756729,0.0208886,1.0053,-0.0100918,-0.0129542,-0.119695,1.19035,4.30384,0.0653241,0.16836,1.20949,4.24696,1.2062,4.2453,669,1997,1.20656,4.24519,0,-176.472,-175.589
35183,-0.0767249,0.0194198,1.00627,0.00517464,-0.0892901,-0.0586258,1.1056,4.35937,0.0651833,0.166788,1.18617,4.24443,1.19281,4.24417,669,1997,1.19319,4.24407,0,-176.72,-175.837
35203,-0.0736307,0.0193586,1.00226,0.0738773,-0.0587556,-0.0738931,1.10653,4.2009,0.0654242,0.165399,1.18368,4.25134,1.19035,4.24867,669,1997,1.19074,4.24855,0,-176.677,-175.794
35225,-0.0740639,0.0222961,1.00743,0.00517464,0.0175803,-0.134962,1.26785,4.20367,0.0666422,0.165461,1.19874,4.24944,1.19825,4.24909,668,1997,1.19866,4.24896,0,-176.594,-175.707
35245,-0.0764774,0.0223573,1.00499,-0.109328,0.0710154,0.0100764,1.2744,4.3506,0.0663335,0.165889,1.20746,4.24415,1.20284,4.24713,668,1997,1.20327,4.24697,0,-176.568,-175.681
35265,-0.0749922,0.0217453,1.00566,-0.0482597,0.0862825,0.0177101,1.23871,4.26365,0.0659484,0.167049,1.20308,4.2433,1.20037,4.2479,669,1997,1.20078,4.24772,0,-176.671,-175.783
35285,-0.0759204,0.0219289,1.00572,-0.00245857,0.0786488,0.0711452,1.24909,4.31595,0.0656703,0.168531,1.20875,4.25853,1.20347,4.25779,668,1998,1.20389,4.25762,0,-176.549,-175.673
35305,-0.0722692,0.0218065,1.00408,-0.0100918,0.116817,-0.0204579,1.24415,4.11582,0.065102,0.170073,1.21019,4.25479,1.20433,4.25783,668,1997,1.20476,4.25768,0,-176.413,-175.546
35327,-0.0753635,0.021011,1.00305,-0.0253592,0.0481145,-0.0662594,1.20001,4.29588,0.065007,0.171097,1.21595,4.26508,1.20819,4.26487,668,1997,1.20864,4.2647,0,-176.476,-175.602
35347,-0.075054,0.0209498,1.00165,0.0433426,0.0786488,-0.0509923,1.19818,4.28427,0.0650342,0.1727,1.21348,4.26684,1.20741,4.26767,668,1997,1.2079,4.26747,0,-176.582,-175.698
35367,-0.07722,0.0216841,1.0084,-0.0177259,0.0252137,-0.0738931,1.23187,4.37796,0.0650461,0.17412,1.21405,4.27332,1.20828,4.27283,669,1998,1.20874,4.27261,0,-176.476,-175.595
35387,-0.0744352,0.019481,1.00487,-0.0177259,0.109183,-0.0662594,1.11063,4.23561,0.0653633,0.176533,1.21356,4.27719,1.20886,4.2773,669,1997,1.20932,4.27707,0,-176.675,-175.783
35407,-0.075054,0.0221737,1.00299,-0.0482597,0.200786,0.0864123,1.26647,4.27846,0.0647493,0.179556,1.22461,4.26568,1.2154,4.273,668,1997,1.21584,4.27275,0,-176.913,-176.002
35429,-0.0759823,0.0230917,1.00499,0.0662441,0.238954,-0.00519073,1.31625,4.32247,0.0651581,0.181801,1.24309,4.26057,1.22752,4.27118,668,1997,1.22794,4.27091,0,-176.614,-175.71
35449,-0.0740639,0.0200318,1.0053,0.0280762,0.0404809,-0.0509923,1.14154,4.21274,0.0643608,0.182886,1.23801,4.2614,1.2264,4.27209,669,1998,1.22682,4.27181,0,-176.445,-175.548
35469,-0.07295,0.021011,1.00293,0.05861,0.0633817,0.0177101,1.20015,4.1593,0.0651972,0.183894,1.22398,4.24916,1.22021,4.26509,668,1997,1.22061,4.26479,0,-176.48,-175.589
35489,-0.0738163,0.0232141,1.00493,0.0509768,0.0710154,0.116947,1.3233,4.19994,0.0650869,0.185329,1.23049,4.25015,1.22443,4.26523,668,1997,1.22483,4.26494,0,-176.578,-175.678
35509,-0.0728881,0.0206438,1.00359,0.0280762,0.0939159,0.00244284,1.1784,4.15305,0.0655263,0.186719,1.22336,4.23219,1.22152,4.25452,669,2002,1.22189,4.25424,0,-176.614,-175.715
35531,-0.071836,0.0230305,1.0053,0.0509768,0.0404809,-0.127328,1.31236,4.08619,0.0650496,0.187178,1.22154,4.23504,1.22052,4.25435,668,1997,1.22089,4.25407,0,-176.679,-175.779
35551,-0.0743733,0.0227857,1.00682,-0.0177259,0.132084,-0.0280915,1.29646,4.22366,0.0651073,0.188369,1.22058,4.2259,1.22031,4.24781,668,1997,1.22066,4.24754,0,-176.647,-175.749
35571,-0.075054,0.0217453,1.00572,0.0128088,0.10155,-0.142595,1.23863,4.2669,0.0660963,0.188675,1.22751,4.2403,1.22499,4.25417,668,1997,1.22531,4.2539,0,-176.679,-175.771
35591,-0.0748065,0.0231529,1.00773,-0.0635271,0.116817,-0.0128243,1.31615,4.24431,0.065238,0.191774,1.22287,4.2424,1.22227,4.25531,669,1996,1.22258,4.25502,0,-176.61,-175.709
35611,-0.0748684,0.020705,1.00512,0.0357094,-0.0129542,0.0406108,1.1801,4.25904,0.0647766,0.19208,1.22085,4.2328,1.22114,4.24861,668,1996,1.22146,4.2483,0,-176.549,-175.652
35633,-0.0742495,0.0216841,1.00378,0.0280762,-0.379366,-0.0357251,1.23754,4.22949,0.0649717,0.186111,1.22327,4.23412,1.22281,4.24516,668,2001,1.22312,4.24485,0,-176.618,-175.715
35653,-0.0731356,0.0200318,1.00542,-0.0635271,-0.0740228,0.200916,1.1414,4.15962,0.0648767,0.182386,1.21156,4.2327,1.21642,4.24177,669,1997,1.21672,4.24146,0,-176.527,-175.632
35673,-0.0730118,0.020093,1.00268,-0.0177259,-0.0663893,-0.119695,1.14801,4.1639,0.0644154,0.181165,1.20996,4.22436,1.21492,4.23552,668,1996,1.21519,4.2352,0,-176.529,-175.63
35693,-0.0740639,0.0209498,1.00652,-0.00245857,0.0404809,0.0100764,1.19239,4.20759,0.0645189,0.179716,1.20643,4.21178,1.21229,4.22633,669,1999,1.21253,4.22604,0,-176.578,-175.684
35713,-0.0720836,0.0221125,1.00493,0.0433426,-0.0816565,0.0177101,1.26053,4.10179,0.0657216,0.180128,1.21718,4.22084,1.21845,4.23028,668,1996,1.21868,4.22996,0,-176.641,-175.732
35735,-0.0726405,0.0213781,1.00639,-0.0177259,0.0786488,-0.0128243,1.21691,4.12747,0.0657029,0.180068,1.21766,4.21281,1.21863,4.22447,668,2000,1.21883,4.22415,0,-176.632,-175.721
35755,-0.0730118,0.021011,1.00426,-0.0253592,0.10155,0.0177101,1.19855,4.15729,0.0642187,0.186343,1.23017,4.21594,1.22536,4.22725,668,1997,1.22555,4.22692,0,-176.604,-175.7
35775,-0.0754872,0.0218065,1.00499,0.05861,-0.119824,-0.0357251,1.24302,4.29453,0.0638794,0.190572,1.23172,4.23382,1.22689,4.23769,669,2001,1.22705,4.23738,0,-176.541,-175.643
35795,-0.0738782,0.0219289,1.00457,-0.0482597,0.132084,-0.0433587,1.25052,4.20509,0.0644104,0.189596,1.22707,4.23528,1.22523,4.23759,668,1996,1.22538,4.23729,0,-176.545,-175.645
35815,-0.0754253,0.0204602,1.00834,-0.0329933,0.0862825,-0.0357251,1.16243,4.27696,0.0645292,0.191214,1.22614,4.23411,1.22516,4.23716,668,1997,1.22528,4.23685,0,-176.651,-175.741
35837,-0.0730118,0.0215005,1.00311,0.310518,-1.92135,0.0406108,1.22789,4.16202,0.0660983,0.178345,1.21708,4.23957,1.22081,4.23411,668,1996,1.22092,4.23381,0,-176.543,-175.646
35857,-0.0824183,0.0202154,1.01272,-0.170398,0.544298,0.0787787,1.14355,4.65172,0.064614,0.181383,1.21581,4.2172,1.21935,4.22184,669,1996,1.21941,4.22156,0,-176.436,-175.549
35877,-0.0761061,0.0205214,1.007,-0.0864277,0.139718,-0.0357251,1.16745,4.32113,0.0641679,0.178391,1.22118,4.22923,1.22205,4.22691,669,2001,1.2221,4.22666,0,-176.405,-175.514
35897,-0.0740639,0.0222961,1.00652,-0.00245857,0.238954,-0.0662594,1.269,4.20746,0.0648973,0.178224,1.22121,4.2162,1.22217,4.21958,669,1997,1.22219,4.21933,0,-176.651,-175.739
35916,-0.0719598,0.0199094,0.999943,-0.0253592,-0.226695,0.00244284,1.14064,4.11532,0.0647566,0.177492,1.22051,4.22195,1.22182,4.22205,669,1997,1.22183,4.22181,0,-176.785,-175.861
35938,-0.0736926,0.0204602,1.00512,-0.0711613,-0.135092,-0.0357251,1.16615,4.19241,0.0646005,0.178469,1.21451,4.22474,1.21838,4.22368,669,1997,1.21834,4.22344,0,-176.748,-175.838
35958,-0.0730118,0.0202154,1.0056,0.0967779,0.0023129,-0.00519073,1.15165,4.15184,0.0655285,0.179584,1.21899,4.21942,1.22106,4.22093,669,1997,1.22101,4.22071,0,-176.705,-175.794
35978,-0.0730118,0.0225409,1.00323,-0.0482597,0.0786488,0.0787787,1.28712,4.16142,0.0652655,0.179661,1.21257,4.2244,1.2169,4.22343,669,1997,1.21683,4.22321,0,-176.626,-175.716
35998,-0.0749303,0.0218065,1.00499,0.00517464,-0.0282214,-0.0204579,1.24302,4.26297,0.0655522,0.180013,1.22117,4.23178,1.22162,4.22757,669,2001,1.22155,4.22737,0,-176.807,-175.884
36018,-0.0753016,0.0207662,1.00645,0.020442,-0.0282214,-0.0280915,1.18202,4.27791,0.066358,0.178731,1.22035,4.23599,1.22162,4.22974,669,1997,1.22154,4.22955,0,-176.751,-175.837
36040,-0.0744971,0.0216229,1.00481,-0.0177259,-0.0358551,-0.0433587,1.23278,4.23919,0.0663852,0.178166,1.22283,4.2287,1.223,4.22592,669,1997,1.2229,4.22573,0,-176.584,-175.683
36060,-0.0757348,0.0211946,1.00597,0.0280762,0.0633817,-0.0662594,1.20698,4.30447,0.0664734,0.177342,1.22739,4.23508,1.22579,4.22954,669,1997,1.22569,4.22936,0,-176.537,-175.631
36080,-0.0741258,0.0214393,1.0067,-0.0406265,-0.0587556,-0.0891602,1.22003,4.21028,0.0660884,0.176396,1.21774,4.23006,1.22035,4.22689,669,1996,1.22023,4.22672,0,-176.432,-175.539
36100,-0.0738163,0.0236425,1.00779,-0.0329933,-0.0358551,-0.119695,1.34389,4.18803,0.0660239,0.17545,1.22727,4.22747,1.22566,4.22541,669,1997,1.22556,4.22525,0,-176.568,-175.663
36120,-0.0731356,0.0224185,1.00019,-0.0177259,0.00994658,-0.180763,1.28403,4.18109,0.0656236,0.175405,1.22588,4.23711,1.225,4.23122,667,1997,1.22487,4.23106,0,-176.703,-175.785
36142,-0.0748065,0.0216841,1.00542,-0.0253592,-0.0358551,-0.0738931,1.23552,4.25417,0.065605,0.174291,1.22544,4.23659,1.22501,4.23104,668,1997,1.22485,4.23087,0,-176.693,-175.775
36162,-0.0755491,0.0208274,1.00658,0.020442,-0.0969236,-0.0128243,1.18535,4.2914,0.0652962,0.17449,1.216,4.23003,1.21958,4.22795,668,1997,1.21941,4.2278,0,-176.73,-175.812
36182,-0.0738163,0.0234589,1.0067,-0.00245857,-0.0740228,-0.0128243,1.33491,4.19259,0.0649875,0.17362,1.22195,4.22141,1.22242,4.22277,669,1997,1.22224,4.2226,0,-176.71,-175.792
36202,-0.0724549,0.0214393,1.00688,-0.0711613,-0.0282214,-0.0586258,1.21981,4.11497,0.0644651,0.172231,1.21598,4.21173,1.21887,4.21636,668,1997,1.21869,4.21621,0,-176.639,-175.73
36222,-0.0767868,0.0225409,1.00542,-0.0253592,0.0633817,-0.0433587,1.28432,4.36627,0.062767,0.17359,1.23177,4.21246,1.22701,4.21641,669,1997,1.22683,4.21626,0,-176.604,-175.699
36244,-0.0733213,0.0214393,1.00396,-0.0558939,-0.0129542,-0.142595,1.22335,4.17607,0.0621224,0.173392,1.22336,4.23007,1.22274,4.22617,668,1997,1.22255,4.22602,0,-176.403,-175.51
36264,-0.0751778,0.0191138,1.00938,-0.0253592,0.10155,0.0711452,1.08484,4.25874,0.0621496,0.173927,1.20706,4.21044,1.21377,4.21531,668,1997,1.21356,4.21515,0,-176.507,-175.616
36284,-0.0746208,0.019787,1.00335,-0.0406265,-0.0434885,-0.00519073,1.12978,4.25253,0.0619172,0.174431,1.20421,4.22476,1.21114,4.22309,668,1998,1.21091,4.22294,0,-176.783,-175.881
36304,-0.0754872,0.0216841,1.00499,-0.0558939,-0.0816565,-0.0586258,1.23604,4.29455,0.0612726,0.174325,1.20636,4.23076,1.21106,4.22679,669,1997,1.21081,4.22666,0,-176.501,-175.61
36324,-0.0741877,0.0234589,1.00329,-0.0177259,-0.0358551,0.0558779,1.33944,4.22785,0.0602922,0.174493,1.20777,4.23307,1.21066,4.22863,669,1997,1.21038,4.2285,0,-176.403,-175.518
36346,-0.0717123,0.020093,1.00579,-0.0253592,0.0557482,-0.0815266,1.14447,4.07746,0.0602125,0.174371,1.21569,4.21609,1.21503,4.21941,668,1997,1.21477,4.21927,0,-176.811,-175.887
36366,-0.0719598,0.0192362,1.00128,0.0738773,-0.0205877,0.0406108,1.10061,4.10989,0.0604992,0.174998,1.19839,4.21076,1.20525,4.21598,668,1997,1.20501,4.21585,0,-176.675,-175.774
36386,-0.074002,0.0202766,1.00792,0.020442,-0.0358551,0.12458,1.15248,4.19832,0.0597019,0.174846,1.1891,4.21498,1.19865,4.21759,669,1997,1.1984,4.21746,0,-176.539,-175.659
36406,-0.076168,0.0223573,1.00414,-0.0406265,-0.00532055,-0.0662594,1.27548,4.33672,0.0600802,0.175121,1.19596,4.22152,1.20124,4.22082,668,1997,1.201,4.22068,0,-176.543,-175.66
36426,-0.0725168,0.0229693,1.0039,0.112045,0.0404809,-0.0280915,1.3107,4.13052,0.0596952,0.175335,1.20659,4.21385,1.20634,4.21664,668,1996,1.20609,4.2165,0,-176.518,-175.638
36448,-0.0763536,0.0230305,1.00718,0.0128088,0.0939159,-0.0357251,1.30991,4.33411,0.0596613,0.175855,1.21793,4.2228,1.21277,4.22132,669,1997,1.21253,4.22121,0,-176.344,-175.465
36468,-0.0733832,0.0203378,1.00658,-0.0558939,-0.0358551,-0.0815266,1.1575,4.16885,0.0594594,0.175168,1.19337,4.22393,1.19906,4.22195,669,1997,1.19885,4.22187,0,-176.549,-175.667
36488,-0.074002,0.0245604,1.00676,0.0662441,0.0328474,0.00244284,1.39748,4.20273,0.0598072,0.176023,1.20859,4.21118,1.20676,4.2149,669,1997,1.20657,4.21483,0,-176.822,-175.918
36508,-0.0719598,0.0218677,1.00676,0.020442,0.0404809,0.00244284,1.24432,4.0874,0.0604298,0.176467,1.21478,4.23044,1.21079,4.22583,668,1996,1.21061,4.22578,0,-176.669,-175.77
36528,-0.0742495,0.0199706,1.00676,0.0662441,0.0252137,-0.0586258,1.1364,4.21716,0.0608997,0.176605,1.21358,4.20372,1.21075,4.21075,669,2001,1.21055,4.21072,0,-176.537,-175.644
36550,-0.0748684,0.0196646,1.00627,0.020442,0.0175803,0.0253437,1.11953,4.25426,0.0611101,0.176071,1.20547,4.22627,1.20633,4.22265,669,1997,1.20614,4.22263,0,-176.449,-175.571
36570,-0.0712791,0.0206438,1.00499,-0.0177259,-0.0740228,-0.0509923,1.17676,4.05605,0.0604807,0.174987,1.19406,4.1962,1.19908,4.20526,668,1996,1.19891,4.20527,0,-176.545,-175.668
36590,-0.0783339,0.0209498,1.00408,-0.0482597,-0.0129542,-0.0357251,1.19528,4.45996,0.059485,0.175583,1.18447,4.2093,1.19237,4.21118,669,1997,1.19218,4.2112,0,-176.547,-175.678
36610,-0.0759204,0.0248664,1.00451,0.00517464,0.0557482,-0.0509923,1.41806,4.32087,0.0591458,0.176423,1.19857,4.22676,1.19897,4.22114,668,2001,1.19877,4.22119,0,-176.655,-175.772
36630,-0.0732594,0.0219289,1.00542,-0.0253592,0.0023129,-0.0280915,1.24946,4.16647,0.059463,0.176072,1.21595,4.207,1.20898,4.2101,668,1997,1.20881,4.21014,0,-176.722,-175.817
36652,-0.0769106,0.0186855,1.00566,0.00517464,-0.0740228,0.0253437,1.06445,4.37257,0.0593375,0.175233,1.19431,4.22072,1.19708,4.21677,668,1997,1.19692,4.21682,0,-176.606,-175.719
36672,-0.0761061,0.0211946,1.00792,-0.0177259,-0.0740228,-0.0586258,1.20464,4.31717,0.0587845,0.174547,1.20107,4.22654,1.20004,4.22019,668,1997,1.19989,4.22022,0,-176.596,-175.71
36692,-0.0728881,0.0224797,1.00481,0.00517464,0.0175803,-0.0738931,1.28161,4.14788,0.0587048,0.174349,1.20882,4.23175,1.20421,4.22386,669,1997,1.20407,4.2239,0,-176.647,-175.757
36712,-0.0748065,0.020705,1.00518,0.0280762,0.0481145,-0.157863,1.18003,4.25528,0.0591136,0.174578,1.22242,4.23386,1.21276,4.22606,669,1997,1.21263,4.22612,0,-176.524,-175.634
36732,-0.0749303,0.0213781,1.00621,0.0357094,-0.0663893,-0.150229,1.21713,4.25787,0.0596751,0.174182,1.21871,4.23843,1.21188,4.22953,668,1997,1.21177,4.22961,0,-176.413,-175.53
36754,-0.073445,0.0226633,1.00536,-0.00245857,-0.0740228,0.0635116,1.29137,4.17718,0.0594733,0.174243,1.22595,4.22901,1.21687,4.22523,668,2001,1.21675,4.2253,0,-176.514,-175.612
36774,-0.0730737,0.0205826,1.00499,0.0509768,-0.0740228,-0.134962,1.17327,4.15782,0.0603249,0.173648,1.23145,4.23247,1.22174,4.22751,668,1997,1.2216,4.22757,0,-176.509,-175.605
36794,-0.0707221,0.0219901,1.00439,0.0357094,-0.0282214,-0.0128243,1.25424,4.02678,0.060352,0.173313,1.23908,4.21276,1.22747,4.2166,669,1997,1.22735,4.21663,0,-176.398,-175.502
36814,-0.0743114,0.0186855,1.00481,0.0357094,-0.00532055,-0.0509923,1.06535,4.22891,0.0611578,0.174764,1.21955,4.21233,1.21831,4.21632,669,2001,1.21817,4.21635,0,-176.432,-175.544
36834,-0.0759823,0.020399,1.00311,0.0509768,0.0862825,-0.0967938,1.16499,4.33081,0.0620094,0.17426,1.21154,4.21984,1.21424,4.21988,669,1997,1.21407,4.21993,0,-176.455,-175.579
36855,-0.075054,0.0229693,1.0056,-0.0329933,0.0328474,-0.0280915,1.30848,4.2673,0.0617465,0.175772,1.20948,4.22071,1.21262,4.221,669,1997,1.21247,4.22107,0,-176.612,-175.717
36875,-0.0731975,0.023826,1.00767,0.0509768,0.0557482,-0.0509923,1.35449,4.15352,0.0616057,0.175559,1.2416,4.21696,1.23089,4.21884,669,1997,1.23075,4.21891,0,-176.705,-175.777
36895,-0.0751159,0.0239484,1.00432,-0.101695,0.0252137,-0.0433587,1.36598,4.27612,0.0614955,0.175086,1.27868,4.20699,1.25406,4.21243,669,1998,1.25395,4.2125,0,-176.671,-175.724
36915,-0.0761061,0.0187466,1.00548,0.0662441,-0.0511222,-0.0357251,1.06813,4.32778,0.0615837,0.175117,1.26282,4.22252,1.24886,4.22056,669,1998,1.24873,4.22062,0,-176.572,-175.638
36935,-0.0709078,0.0186243,1.00585,-0.00245857,-0.0892901,-0.119695,1.06077,4.03174,0.0613208,0.174507,1.20884,4.21464,1.21961,4.21623,669,1998,1.21948,4.21628,0,-176.614,-175.709
36957,-0.0746208,0.0215005,1.00804,0.020442,-0.0205877,-0.00519073,1.22188,4.23269,0.0612259,0.174064,1.20095,4.20378,1.21387,4.20918,669,1997,1.21373,4.20926,0,-176.547,-175.655
36977,-0.0754253,0.0237648,1.00664,0.0357094,0.0175803,-0.00519073,1.3524,4.28386,0.0615736,0.175179,1.21392,4.21361,1.22016,4.21438,669,1997,1.22001,4.21445,0,-176.478,-175.58
36997,-0.0747446,0.0234589,1.00913,0.020442,-0.0587556,-0.0662594,1.33169,4.23492,0.0618603,0.175424,1.22159,4.21594,1.22416,4.2156,669,1997,1.22402,4.21568,0,-176.271,-175.391
37017,-0.073445,0.020093,1.00718,0.0280762,-0.0282214,-0.0280915,1.14288,4.16986,0.0629409,0.174127,1.22419,4.21313,1.22625,4.21336,669,1998,1.22613,4.21344,0,-176.266,-175.388
37037,-0.0731356,0.0222961,1.00816,0.00517464,-0.0282214,-0.0586258,1.26693,4.14817,0.0629223,0.173837,1.21608,4.19659,1.22138,4.2034,669,1998,1.22125,4.20347,0,-176.541,-175.638
37059,-0.0746827,0.020705,1.00603,0.00517464,-0.0205877,-0.157863,1.17903,4.24468,0.063667,0.173807,1.21778,4.18694,1.22231,4.19653,669,1997,1.22216,4.1966,0,-176.574,-175.663
37079,-0.075054,0.0202766,1.00858,0.0738773,-0.0740228,0.0100764,1.15172,4.25498,0.0638774,0.173212,1.21497,4.19522,1.22049,4.19955,668,1997,1.22033,4.19965,0,-176.673,-175.761
37099,-0.0744352,0.0227857,1.00475,-0.109328,0.0023129,-0.0433587,1.29913,4.23583,0.0637977,0.17393,1.21493,4.20627,1.21981,4.20532,668,1997,1.21965,4.20544,0,-176.734,-175.817
37119,-0.0715885,0.020093,1.00439,-0.109328,0.139718,0.0100764,1.14606,4.0761,0.0624203,0.174068,1.21641,4.20037,1.21967,4.20202,669,1997,1.21951,4.20214,0,-176.673,-175.757
37139,-0.0735688,0.0235201,1.00572,-0.0482597,0.0252137,-0.0662594,1.33969,4.1826,0.0628138,0.175641,1.21707,4.19294,1.21988,4.1978,669,1998,1.21971,4.19794,0,-176.612,-175.708
37161,-0.0726405,0.0216841,1.00512,0.0128088,0.0252137,-0.127328,1.23589,4.13267,0.0627952,0.175825,1.21735,4.19276,1.21978,4.19677,669,1997,1.21959,4.19693,0,-176.543,-175.641
37181,-0.075611,0.0216229,1.00725,-0.00245857,0.0328474,0.0177101,1.2298,4.29199,0.0634025,0.177718,1.23586,4.20388,1.23069,4.20285,669,1997,1.23049,4.20303,0,-176.57,-175.652
37201,-0.071836,0.018869,1.00621,0.0433426,0.10155,-0.112061,1.07432,4.08285,0.0627274,0.178269,1.2245,4.20454,1.22489,4.20321,668,1997,1.22468,4.20338,0,-176.543,-175.636
37221,-0.0757967,0.0193586,1.00682,0.173114,0.0175803,0.0100764,1.10152,4.3045,0.0640217,0.178849,1.20271,4.19213,1.21294,4.19587,668,1997,1.21272,4.19607,0,-176.75,-175.837
37241,-0.0759204,0.0215617,1.0053,0.00517464,-0.0587556,0.0406108,1.2287,4.31781,0.0639878,0.179934,1.18779,4.20949,1.20284,4.20536,669,1998,1.20263,4.20558,0,-176.82,-175.912
37263,-0.0730737,0.0229693,1.00603,-0.0406265,-0.00532055,-0.0280915,1.30793,4.15335,0.0640302,0.17972,1.19783,4.21351,1.20668,4.20782,668,2000,1.20648,4.20805,0,-176.584,-175.691
37283,-0.0731356,0.0205826,1.00609,-0.0558939,-0.00532055,0.0329772,1.17199,4.15682,0.0643933,0.180469,1.20202,4.2018,1.2081,4.20171,668,1997,1.2079,4.20195,0,-176.582,-175.688
37303,-0.0738163,0.0204602,1.00572,0.05861,0.00994658,-0.00519073,1.16545,4.1969,0.0654281,0.179279,1.18796,4.20167,1.19951,4.20074,666,1997,1.19931,4.20099,0,-176.545,-175.66
37323,-0.0740639,0.0213169,1.00499,0.0967779,0.0023129,-0.112061,1.21512,4.2139,0.0670278,0.177997,1.19101,4.20591,1.20024,4.2024,668,1997,1.20004,4.20268,0,-176.428,-175.551
37343,-0.0705983,0.0212557,1.00402,0.0128088,0.0023129,0.0253437,1.21281,4.02127,0.0677725,0.177356,1.20019,4.20551,1.20447,4.20225,668,1997,1.20425,4.2025,0,-176.533,-175.646
37365,-0.073445,0.0226633,1.00676,-0.0406265,-0.0511222,-0.0128243,1.28958,4.17139,0.0677538,0.177707,1.21235,4.19267,1.2107,4.19489,668,1998,1.21048,4.19514,0,-176.742,-175.831
37385,-0.0759204,0.0202154,1.00445,-0.0711613,0.116817,-0.0509923,1.15297,4.32157,0.068239,0.178563,1.20839,4.2066,1.20875,4.2024,668,2001,1.20855,4.20263,0,-176.641,-175.738
37405,-0.0741258,0.0196034,1.0081,-0.0100918,-0.0282214,-0.0280915,1.11403,4.20462,0.0681898,0.179311,1.18942,4.19913,1.19741,4.19853,669,1996,1.1972,4.19875,0,-176.488,-175.616
37425,-0.0767249,0.0213781,1.00402,-0.00245857,0.0404809,-0.0967938,1.21979,4.36893,0.0681407,0.179144,1.19422,4.20687,1.1987,4.20247,668,1994,1.19847,4.20273,0,-176.43,-175.563
37445,-0.0746827,0.0219901,1.00542,0.0509768,-0.0205877,0.0329772,1.25295,4.24712,0.0681068,0.179297,1.20635,4.21599,1.20471,4.20798,668,1997,1.20452,4.20824,0,-176.455,-175.576
37467,-0.0754253,0.0194198,1.00463,-0.0100918,0.00994658,-0.142595,1.10741,4.29279,0.0683477,0.179679,1.21465,4.21525,1.20963,4.20824,667,1997,1.20944,4.2085,0,-176.553,-175.664
37487,-0.0753016,0.0202154,1.00439,-0.0329933,0.0481145,0.0329772,1.15304,4.28674,0.0689397,0.179924,1.19793,4.21046,1.20048,4.20606,668,2001,1.20031,4.20636,0,-176.497,-175.614
37507,-0.0731356,0.0214393,1.00505,0.05861,0.0633817,-0.0280915,1.22202,4.16101,0.0694707,0.180718,1.19591,4.21574,1.19879,4.2099,668,1999,1.19865,4.21017,0,-176.564,-175.681
37527,-0.0743114,0.0221737,1.00737,-0.0329933,0.0252137,-0.0128243,1.26096,4.21793,0.0699711,0.181299,1.21676,4.22404,1.21021,4.21538,668,1996,1.21008,4.21566,0,-176.514,-175.631
37547,-0.0738163,0.0240708,1.00183,-0.0558939,0.0175803,-0.104427,1.37637,4.21281,0.0708991,0.180933,1.22946,4.22625,1.21829,4.21742,668,1996,1.21818,4.2177,0,-176.476,-175.586
37569,-0.0742495,0.0205826,1.00743,0.0433426,0.109183,-0.0204579,1.17044,4.21432,0.0710331,0.182643,1.23476,4.23495,1.22271,4.22417,668,1997,1.2226,4.22445,0,-176.703,-175.779
37589,-0.0731975,0.0204602,1.00499,0.05861,0.0557482,-0.0128243,1.1663,4.16485,0.0716557,0.183437,1.22547,4.22017,1.21888,4.21717,668,1997,1.21877,4.21747,0,-176.697,-175.777
37609,-0.0749922,0.0213781,1.0039,0.0815105,-0.0358551,0.0177101,1.21994,4.27115,0.0716065,0.183377,1.21958,4.21909,1.21605,4.21658,668,1997,1.21596,4.21689,0,-176.659,-175.746
37629,-0.074559,0.0202766,1.00481,-0.00245857,-0.00532055,0.0406108,1.15604,4.24282,0.0717711,0.18379,1.22984,4.23138,1.22244,4.22401,668,2001,1.22237,4.22431,0,-176.59,-175.68
37649,-0.0740639,0.0219901,1.00645,0.0357094,0.0252137,0.0253437,1.25166,4.20775,0.0727906,0.1835,1.23916,4.21475,1.22901,4.21508,668,1996,1.22893,4.21537,0,-176.447,-175.547
37671,-0.0766012,0.0199094,1.00548,0.05861,0.0862825,-0.00519073,1.13436,4.35573,0.07352,0.184081,1.22982,4.22976,1.22526,4.22386,669,2001,1.22518,4.22414,0,-176.628,-175.72
37691,-0.0736926,0.0208274,1.00445,0.00517464,0.00994658,-0.0433587,1.18787,4.19517,0.0746465,0.184707,1.22288,4.22973,1.22229,4.2248,667,1997,1.2222,4.22508,0,-176.683,-175.772
37711,-0.0765393,0.0218065,1.00451,-0.0253592,0.132084,-0.0433587,1.24362,4.35626,0.0748873,0.185837,1.22942,4.22972,1.22615,4.22567,668,2001,1.22605,4.22591,0,-176.722,-175.811
37731,-0.0741877,0.0207662,1.00518,-0.0177259,0.0557482,-0.150229,1.18352,4.2202,0.0742427,0.186189,1.23082,4.25418,1.22723,4.2407,669,1996,1.22714,4.24093,0,-176.714,-175.799
37751,-0.0699795,0.020093,1.00426,0.0662441,0.0939159,-0.0128243,1.1462,3.98527,0.0746058,0.186403,1.2294,4.22068,1.22712,4.22334,669,1997,1.22703,4.22356,0,-176.643,-175.729
37773,-0.074002,0.0213781,1.00627,-0.0558939,-0.0587556,0.0100764,1.21706,4.20506,0.075091,0.188098,1.22345,4.2326,1.22414,4.23079,669,1997,1.22404,4.23097,0,-176.541,-175.64
37792,-0.0727643,0.0225409,1.00219,0.020442,-0.0129542,0.0635116,1.28845,4.15162,0.074309,0.188404,1.23426,4.22365,1.23003,4.22599,669,1997,1.22992,4.22619,0,-176.736,-175.811
37812,-0.074559,0.0205214,1.00293,0.0128088,0.0481145,0.0482444,1.1722,4.25075,0.0747942,0.189656,1.23923,4.22147,1.23392,4.22493,669,1995,1.23379,4.2251,0,-176.74,-175.808
37832,-0.0757967,0.0196646,1.00585,-0.0558939,0.0023129,-0.104427,1.12001,4.30862,0.0740122,0.190237,1.21543,4.21676,1.22062,4.22197,669,1998,1.22049,4.22212,0,-176.641,-175.734
37852,-0.0718979,0.0210722,1.00487,0.0357094,-0.0358551,0.0406108,1.20132,4.0916,0.0733981,0.190222,1.20092,4.19969,1.21123,4.21161,669,1998,1.21109,4.21178,0,-176.491,-175.604
37874,-0.0761061,0.0219289,1.0053,-0.0329933,0.0328474,-0.0586258,1.24961,4.32829,0.0726466,0.190131,1.20262,4.19817,1.21046,4.20885,669,1997,1.21034,4.20901,0,-176.217,-175.342
37894,-0.0752397,0.0190526,1.00749,-0.0406265,0.0710154,0.0787787,1.08339,4.27018,0.0732692,0.190345,1.20101,4.21771,1.20883,4.21888,669,2001,1.20872,4.21902,0,-176.287,-175.407
37914,-0.0722073,0.0208274,1.00615,0.0280762,0.0328474,-0.00519073,1.18586,4.10397,0.0734185,0.189124,1.18931,4.20917,1.20083,4.21327,669,1997,1.20073,4.21341,0,-176.523,-175.634
37934,-0.0735069,0.0206438,1.0011,-0.0177259,0.0404809,0.0329772,1.18133,4.19859,0.0724381,0.1894,1.1975,4.20547,1.20341,4.2106,669,1997,1.2033,4.21073,0,-176.58,-175.693
37954,-0.0757348,0.0199094,1.00585,0.0280762,-0.0282214,0.00244284,1.13395,4.3051,0.072221,0.189492,1.20471,4.21456,1.20664,4.21488,669,1997,1.20654,4.21501,0,-176.499,-175.618
37976,-0.0727643,0.0203378,1.00353,-0.0635271,-0.0511222,-0.0891602,1.16101,4.1463,0.0733015,0.188271,1.20048,4.21608,1.20417,4.21509,669,1997,1.20404,4.21523,0,-176.44,-175.557
37996,-0.0754253,0.0201542,1.00548,-0.0711613,0.0862825,-0.104427,1.1483,4.2891,0.073405,0.189309,1.19145,4.21417,1.19828,4.21406,669,1997,1.19817,4.2142,0,-176.554,-175.67
38016,-0.0772819,0.0211334,1.00426,0.0738773,-0.0129542,-0.0433587,1.20553,4.39948,0.0732948,0.189798,1.18641,4.24062,1.19401,4.22924,669,1997,1.1939,4.22937,0,-176.574,-175.703
38036,-0.0733213,0.0207662,1.00536,0.0891447,-0.0892901,-0.0509923,1.1833,4.17033,0.0737953,0.189692,1.19303,4.24147,1.19669,4.2313,668,1998,1.19661,4.23142,0,-176.518,-175.651
38056,-0.0753635,0.0219901,1.00579,-0.0177259,0.00994658,0.0177101,1.25249,4.28414,0.0737614,0.189021,1.19149,4.23232,1.19479,4.22674,666,1997,1.19471,4.22687,0,-176.474,-175.609
38078,-0.0754253,0.0238872,1.00505,-0.0558939,0.0481145,-0.0738931,1.3615,4.29057,0.072674,0.189922,1.21723,4.24026,1.20831,4.23236,668,1997,1.20823,4.2325,0,-176.447,-175.569
38098,-0.073445,0.0199706,1.00195,0.0357094,0.0252137,-0.0509923,1.14185,4.19157,0.0737393,0.189327,1.22962,4.22615,1.21696,4.22499,668,1997,1.21686,4.22515,0,-176.505,-175.61
38118,-0.0733832,0.0221125,1.00554,-0.0100918,0.0557482,0.0406108,1.25977,4.17297,0.0729879,0.191007,1.22076,4.21451,1.21268,4.21908,668,1997,1.21261,4.21921,0,-176.837,-175.924
38138,-0.0738782,0.0228469,1.00694,-0.0482597,0.0404809,0.0253437,1.29978,4.19514,0.0715647,0.191526,1.23275,4.21659,1.21971,4.2198,668,1995,1.21969,4.21993,0,-176.811,-175.898
38158,-0.0719598,0.0216229,1.00432,-0.0482597,0.0252137,-0.0204579,1.23338,4.09729,0.0707979,0.192076,1.24548,4.20951,1.22828,4.21556,668,1997,1.22827,4.21569,0,-176.636,-175.724
38180,-0.0738782,0.0199706,1.0039,-0.00245857,-0.0129542,-0.0738931,1.13964,4.20806,0.0702449,0.191497,1.22834,4.20817,1.2203,4.2136,668,1998,1.22031,4.21376,0,-176.57,-175.666
38200,-0.0730737,0.0222349,1.00627,-0.00245857,-0.0205877,-0.0815266,1.26582,4.15242,0.0713866,0.191558,1.22025,4.20716,1.21698,4.21233,669,1998,1.21696,4.21248,0,-176.434,-175.539
38220,-0.077777,0.0234589,1.0053,-0.109328,0.00994658,0.0864123,1.33677,4.42279,0.0707267,0.19162,1.22991,4.21782,1.22254,4.21735,667,1997,1.22253,4.2175,0,-176.535,-175.629
38240,-0.0741877,0.020399,1.00597,0.020442,0.0175803,-0.0509923,1.16168,4.21692,0.0700821,0.191361,1.23072,4.23358,1.22377,4.22655,668,1998,1.22374,4.22671,0,-176.505,-175.605
38260,-0.0759823,0.0193586,1.00621,-0.0406265,0.0175803,0.0253437,1.10218,4.3176,0.0703688,0.192002,1.21527,4.23538,1.21595,4.22868,668,1997,1.21592,4.22882,0,-176.409,-175.521
38282,-0.0714028,0.0197258,1.0053,0.0280762,-0.0205877,-0.0891602,1.1241,4.06192,0.0711288,0.191652,1.2086,4.22139,1.21228,4.22149,669,2000,1.21225,4.22163,0,-176.663,-175.754
38302,-0.0772819,0.0184407,1.00743,-0.0406265,-0.0129542,-0.0433587,1.04866,4.38595,0.071217,0.191683,1.19685,4.23647,1.20515,4.22984,668,1997,1.20516,4.22997,0,-176.626,-175.726
38322,-0.0715266,0.0255396,1.00189,-0.0253592,0.10155,0.0329772,1.46023,4.08219,0.0713053,0.190828,1.21881,4.22342,1.21639,4.22298,669,1998,1.21639,4.22311,0,-176.582,-175.675
38342,-0.0730737,0.0241932,1.0014,-0.0864277,0.0786488,-0.0128243,1.38396,4.17234,0.0718821,0.191622,1.25039,4.189,1.23507,4.20327,669,1994,1.23506,4.20341,0,-176.359,-175.45
38362,-0.0761061,0.0209498,1.00341,0.0815105,-0.0205877,-0.0280915,1.19608,4.33648,0.0719856,0.192569,1.248,4.22584,1.23591,4.22298,668,2001,1.23589,4.22312,0,-176.246,-175.354
38384,-0.0692369,0.018869,1.00366,0.0967779,-0.00532055,-0.0357251,1.07705,3.94559,0.0732188,0.192127,1.22411,4.19011,1.2243,4.20255,668,2001,1.22428,4.2027,0,-176.522,-175.626
38404,-0.07295,0.0207662,1.00725,-0.0787945,0.0557482,0.0329772,1.18109,4.14155,0.0733071,0.193227,1.21434,4.1657,1.21871,4.18686,669,2001,1.21871,4.187,0,-176.48,-175.587
38424,-0.0762298,0.0238872,1.00566,0.0738773,-0.0129542,0.0482444,1.36067,4.33354,0.0733342,0.194159,1.23226,4.19496,1.22856,4.20087,668,1997,1.22856,4.20103,0,-176.503,-175.594
38444,-0.0741258,0.0235201,1.00432,0.0357094,-0.0511222,-0.0204579,1.34155,4.22,0.0734072,0.19419,1.24673,4.21781,1.23768,4.213,668,1996,1.2377,4.21315,0,-176.657,-175.72
38464,-0.0743114,0.0204602,1.00505,-0.0177259,0.00994658,-0.0891602,1.16622,4.22775,0.0728695,0.194572,1.24474,4.20328,1.23792,4.20489,666,2001,1.23791,4.20503,0,-176.62,-175.685
38486,-0.0746208,0.0186855,1.00585,-0.00245857,0.00994658,-0.0128243,1.06425,4.24211,0.0731562,0.194328,1.20855,4.2103,1.21819,4.2083,667,1997,1.21818,4.20845,0,-176.443,-175.547
38506,-0.0753016,0.0231529,1.00329,0.0128088,-0.0358551,-0.0128243,1.32198,4.29113,0.0729085,0.194405,1.20908,4.22241,1.21723,4.215,668,1994,1.21723,4.21515,0,-176.549,-175.647
38526,-0.0770344,0.0227245,1.00524,-0.0940619,0.12445,0.0100764,1.29501,4.38107,0.0722334,0.194802,1.23395,4.24019,1.2306,4.226,668,1997,1.23061,4.22614,0,-176.669,-175.747
38546,-0.0717741,0.0216229,1.00469,-0.0558939,-0.0434885,-0.0204579,1.23293,4.08527,0.0717262,0.195245,1.24438,4.24142,1.23706,4.22877,668,2001,1.23706,4.22891,0,-176.707,-175.778
38566,-0.073445,0.020093,1.00426,0.0280762,-0.0969236,-0.0280915,1.1462,4.18194,0.0712495,0.194681,1.23229,4.23632,1.23122,4.22712,669,1997,1.2312,4.22727,0,-176.647,-175.729
38588,-0.0741258,0.0202154,1.00487,0.00517464,0.0252137,-0.0357251,1.15248,4.21801,0.0718874,0.193933,1.23805,4.22797,1.23542,4.22291,668,1996,1.23538,4.22305,0,-176.783,-175.856
38608,-0.0698557,0.0237036,1.00451,0.0128088,-0.0587556,-0.0509923,1.35177,3.97697,0.0727695,0.19314,1.25683,4.19784,1.24736,4.20588,668,1997,1.24732,4.20601,0,-176.787,-175.845
38628,-0.0769106,0.0227245,1.00536,-0.0406265,0.0633817,-0.0662594,1.29486,4.37353,0.0720639,0.194453,1.26419,4.1983,1.25308,4.20494,669,2001,1.25302,4.20507,0,-176.52,-175.586
38648,-0.0764155,0.0195422,1.00122,-0.0635271,-0.0282214,0.0329772,1.11818,4.36366,0.0715109,0.195171,1.24682,4.21982,1.24488,4.21649,669,1996,1.24479,4.21663,0,-176.647,-175.714
38668,-0.0725786,0.0191138,1.00597,0.0128088,0.109183,0.0635116,1.08851,4.12589,0.0712785,0.195263,1.21564,4.20704,1.22743,4.20952,668,1997,1.22737,4.20965,0,-176.708,-175.783
38690,-0.0754253,0.0192974,1.00536,0.0967779,-0.0434885,-0.0280915,1.09963,4.28969,0.0714736,0.195798,1.18658,4.20726,1.20957,4.2091,669,1998,1.20948,4.20922,0,-176.604,-175.703
38710,-0.0752397,0.0228469,1.00323,-0.0558939,0.12445,0.0558779,1.30459,4.2879,0.0720657,0.195295,1.19972,4.22087,1.21459,4.2164,669,1997,1.2145,4.21654,0,-176.58,-175.681
38729,-0.0738782,0.0205214,1.0014,0.0357094,-0.0663893,-0.0204579,1.17398,4.21845,0.0722608,0.195982,1.21392,4.23227,1.22143,4.22374,669,1997,1.22133,4.22386,0,-176.774,-175.857
38749,-0.0727024,0.0175227,1.00554,-0.0482597,0.0786488,-0.00519073,0.998343,4.13476,0.072578,0.195158,1.18268,4.20896,1.20271,4.21087,669,1997,1.2026,4.21099,0,-176.622,-175.726
38769,-0.074002,0.0203378,1.00652,0.0128088,0.132084,-0.0662594,1.15757,4.20413,0.0720861,0.19664,1.17359,4.203,1.19449,4.20759,669,1997,1.19439,4.20774,0,-176.483,-175.599
38791,-0.0754872,0.023826,1.00451,-0.00245857,-0.0434885,-0.00519073,1.35875,4.29641,0.0713804,0.196029,1.2002,4.22196,1.20651,4.21751,669,1997,1.20642,4.21767,0,-176.419,-175.534
38811,-0.0751778,0.0215617,1.00493,0.0128088,-0.0129542,-0.112061,1.22914,4.27728,0.0712702,0.196503,1.21301,4.2209,1.21308,4.21738,669,1997,1.21301,4.21755,0,-176.334,-175.456
38831,-0.0719598,0.0216229,1.00512,0.00517464,0.0175803,-0.0586258,1.23241,4.09408,0.0719996,0.196702,1.20782,4.21306,1.21031,4.21327,669,1997,1.21023,4.21343,0,-176.539,-175.653
38851,-0.0725168,0.0230305,1.007,0.00517464,0.0328474,0.0482444,1.31014,4.11783,0.0725764,0.197939,1.21527,4.19838,1.21433,4.20496,669,1997,1.21428,4.20514,0,-176.598,-175.699
38871,-0.0724549,0.0214393,1.00615,-0.00245857,-0.0205877,0.0787787,1.22069,4.11794,0.0733822,0.197329,1.22276,4.18691,1.21908,4.19679,669,1997,1.21904,4.19699,0,-176.671,-175.761
38893,-0.0770962,0.0216841,1.00585,0.0662441,0.109183,-0.0509923,1.235,4.38203,0.0743712,0.19823,1.24302,4.19841,1.23167,4.20171,669,1997,1.23163,4.20189,0,-176.8,-175.868
38913,-0.0760442,0.0229693,1.00445,0.0357094,0.00994658,-0.0586258,1.30999,4.32834,0.0756197,0.198276,1.24364,4.23113,1.23389,4.22001,667,1998,1.23385,4.22017,0,-176.63,-175.706
38933,-0.0714028,0.020399,1.00658,-0.0940619,-0.0205877,0.0635116,1.16098,4.05673,0.0759522,0.198109,1.23687,4.21745,1.2316,4.21347,669,1997,1.23156,4.21364,0,-176.705,-175.776
38953,-0.0726405,0.0219901,1.0056,0.0662441,-0.00532055,-0.0433587,1.25272,4.13065,0.0759031,0.198766,1.22592,4.20528,1.22577,4.2069,668,1997,1.22572,4.2071,0,-176.876,-175.946
38973,-0.0753635,0.0212557,1.00353,-0.0100918,0.0633817,-0.0509923,1.21339,4.29378,0.0761134,0.198721,1.22439,4.21743,1.22503,4.21325,669,1997,1.22497,4.21346,0,-176.809,-175.887
38995,-0.0736926,0.0216229,1.00384,-0.0329933,-0.0282214,-0.0586258,1.23398,4.19763,0.0760948,0.198309,1.23487,4.20169,1.23099,4.20414,669,1998,1.2309,4.20435,0,-176.649,-175.73
39015,-0.0741877,0.020705,1.00359,0.020442,0.0175803,-0.0433587,1.18189,4.22683,0.0759693,0.198798,1.22757,4.20421,1.22732,4.20507,669,1997,1.22722,4.20529,0,-176.47,-175.563
39035,-0.0727643,0.0229081,1.00481,-0.0558939,0.0404809,-0.188397,1.30602,4.14082,0.0764544,0.198646,1.23838,4.19976,1.23387,4.20197,668,1997,1.23378,4.20219,0,-176.533,-175.614
39055,-0.07722,0.0189914,1.00432,-0.109328,0.00994658,-0.165496,1.08331,4.3959,0.075306,0.198035,1.235,4.21719,1.23245,4.21089,667,1998,1.23235,4.21111,0,-176.61,-175.685
39075,-0.0742495,0.0186855,1.00445,-0.139863,0.0786488,-0.0815266,1.06574,4.22693,0.0741882,0.197532,1.20856,4.22406,1.21714,4.21529,668,1997,1.21703,4.21551,0,-176.509,-175.607
39097,-0.0744971,0.0227245,1.00633,0.0128088,0.0786488,0.0406108,1.2936,4.23271,0.0740474,0.198922,1.21065,4.21389,1.21709,4.21086,668,1997,1.21698,4.21108,0,-176.549,-175.648
39117,-0.075611,0.0231529,1.00585,-0.0329933,0.0481145,-0.0204579,1.31862,4.29779,0.0739677,0.198953,1.2245,4.23757,1.22433,4.22462,668,1997,1.22418,4.22485,0,-176.576,-175.668
39137,-0.0754872,0.0217453,1.00548,0.00517464,-0.104557,-0.0815266,1.23893,4.29247,0.07372,0.199182,1.23464,4.24292,1.2302,4.22944,668,1997,1.23008,4.22968,0,-176.547,-175.643
39157,-0.0738163,0.020705,1.00299,-0.0711613,0.0633817,0.0406108,1.18261,4.20829,0.0727853,0.198938,1.22536,4.23955,1.22512,4.22912,668,1997,1.22498,4.22937,0,-176.696,-175.79
39177,-0.0728881,0.019175,1.00445,0.0357094,-0.0358551,0.0329772,1.09365,4.14966,0.0729041,0.19874,1.21183,4.22009,1.21756,4.21898,668,1997,1.21742,4.21922,0,-176.789,-175.876
39199,-0.0733832,0.021011,1.00548,0.0128088,0.0786488,-0.142595,1.1971,4.17332,0.0733435,0.199642,1.2044,4.20996,1.21249,4.21338,669,1997,1.21235,4.21359,0,-176.854,-175.942
39219,-0.0743733,0.0227245,1.00548,0.0738773,-0.0205877,-0.0357251,1.2947,4.22927,0.0739966,0.200192,1.21901,4.20269,1.22001,4.20876,669,1997,1.21987,4.20901,0,-176.751,-175.844
39239,-0.0748684,0.0233977,1.00572,0.0662441,0.0939159,-0.112061,1.33272,4.25623,0.0738558,0.200223,1.23568,4.20413,1.2294,4.20859,668,1997,1.22926,4.20884,0,-176.708,-175.794
39259,-0.07295,0.020705,1.00359,-0.0406265,-0.0434885,-0.0738931,1.18189,4.15656,0.0747227,0.200788,1.23221,4.20179,1.22876,4.20679,668,1997,1.22862,4.20703,0,-176.813,-175.885
39279,-0.0722692,0.0186855,1.00554,-0.0177259,-0.0358551,0.00244284,1.06457,4.11013,0.0752995,0.200346,1.21496,4.19747,1.21965,4.20325,668,1997,1.21949,4.20349,0,-176.748,-175.833
39301,-0.0728262,0.0226633,1.00773,-0.0329933,0.116817,-0.0738931,1.28833,4.13239,0.0754946,0.201155,1.21998,4.1742,1.22182,4.18898,668,1997,1.22164,4.18923,0,-176.641,-175.736
39321,-0.0766012,0.0229081,1.00469,0.0662441,0.0328474,-0.0738931,1.30618,4.35887,0.0759645,0.201385,1.23379,4.20076,1.22986,4.20201,668,1997,1.2297,4.20226,0,-176.266,-175.383
39341,-0.0741877,0.0218677,1.00086,0.05861,-0.00532055,-0.119695,1.25166,4.23824,0.0764344,0.201401,1.23429,4.21588,1.23102,4.21045,668,1997,1.23088,4.2107,0,-176.313,-175.427
39361,-0.0733213,0.0211334,1.00792,-0.0482597,-0.0129542,-0.0509923,1.20117,4.15977,0.0762478,0.200653,1.22816,4.20612,1.22782,4.20491,668,1997,1.22768,4.20515,0,-176.657,-175.748
39381,-0.0742495,0.0205826,1.00554,-0.0558939,0.0023129,0.00244284,1.17263,4.22219,0.0760613,0.201081,1.22828,4.21986,1.22807,4.21289,668,1996,1.22792,4.21314,0,-176.588,-175.687
39403,-0.0766012,0.0225409,1.00901,0.0891447,0.00994658,-0.0433587,1.27975,4.34032,0.0766991,0.200364,1.23711,4.22565,1.23353,4.21645,666,1996,1.23337,4.21672,0,-176.614,-175.707
39423,-0.0763536,0.0208274,1.00457,-0.0100918,0.0252137,0.0482444,1.18772,4.34556,0.077108,0.201616,1.25335,4.23426,1.24374,4.22281,669,1997,1.24358,4.22308,0,-176.533,-175.612
39443,-0.0727024,0.0180735,1.00798,0.0662441,0.0023129,0.0635116,1.02723,4.12478,0.0776237,0.201907,1.2101,4.2306,1.22054,4.22226,669,1997,1.22038,4.22253,0,-176.604,-175.694
39463,-0.0723311,0.0235813,1.00804,0.0738773,-0.0129542,-0.00519073,1.34009,4.10307,0.0790402,0.201846,1.2038,4.21403,1.21571,4.2136,669,1994,1.21556,4.21387,0,-176.677,-175.775
39483,-0.0755491,0.0225409,1.00439,0.020442,-0.0129542,0.0100764,1.28564,4.30057,0.0796933,0.201618,1.22962,4.21157,1.22931,4.21166,669,1997,1.22915,4.2119,0,-176.474,-175.576
39505,-0.0736307,0.0215617,1.00633,0.0433426,0.0404809,-0.127328,1.22743,4.18377,0.0793846,0.202137,1.24905,4.21107,1.24077,4.21144,668,1997,1.24061,4.21167,0,-176.71,-175.776
39525,-0.0716504,0.0178287,1.00603,0.0891447,-0.0434885,-0.0891602,1.01528,4.07315,0.0798087,0.201542,1.21301,4.1949,1.22141,4.20176,669,1997,1.22124,4.20198,0,-176.88,-175.946
39545,-0.0740639,0.0228469,1.00931,-0.0558939,0.0252137,-0.00519073,1.29673,4.19579,0.080416,0.201146,1.2021,4.18246,1.21397,4.19305,669,1996,1.21382,4.19326,0,-176.679,-175.763
39565,-0.0754253,0.0256008,1.00615,0.0128088,-0.0129542,0.0635116,1.45754,4.28574,0.0796187,0.201955,1.22142,4.19108,1.22312,4.19651,669,1996,1.223,4.19672,0,-176.606,-175.688
39585,-0.0741258,0.0231529,1.00621,0.020442,-0.112191,-0.0662594,1.31814,4.21215,0.0803482,0.201406,1.25764,4.19762,1.24426,4.19901,669,1997,1.24412,4.19924,0,-176.71,-175.773
39607,-0.074559,0.0180735,1.00524,0.00517464,-0.0969236,-0.0204579,1.03003,4.24121,0.0804669,0.201819,1.24567,4.21042,1.23948,4.20599,668,1996,1.23933,4.20623,0,-176.777,-175.845
39627,-0.0735688,0.018869,1.00664,-0.0100918,0.00994658,0.0100764,1.07386,4.17923,0.0805857,0.201041,1.21199,4.20532,1.22062,4.20271,667,1999,1.22047,4.20295,0,-176.647,-175.739
39647,-0.0736307,0.021011,1.00512,0.0357094,0.0404809,0.0177101,1.19754,4.18886,0.0805213,0.20072,1.19046,4.18727,1.20678,4.19184,669,1994,1.20664,4.19209,0,-176.541,-175.647
39666,-0.075611,0.0217453,1.00633,0.0967779,-0.0129542,0.0482444,1.23788,4.29586,0.080869,0.2004,1.20866,4.18601,1.21516,4.1898,669,1997,1.21502,4.19005,0,-176.578,-175.678
39686,-0.0759204,0.0224797,1.01035,0.00517464,-0.0816565,-0.0433587,1.27459,4.29623,0.0811557,0.200401,1.23616,4.21092,1.23033,4.20322,669,1997,1.23019,4.20349,0,-176.582,-175.674
39708,-0.071341,0.020399,1.00645,0.0433426,-0.0969236,0.00244284,1.16112,4.05371,0.0818394,0.198859,1.21546,4.19835,1.21916,4.19582,669,1996,1.21902,4.19611,0,-176.584,-175.686
39728,-0.0740639,0.0211946,1.00408,-0.0177259,0.0404809,-0.0662594,1.20924,4.21772,0.0829658,0.198005,1.19517,4.18241,1.20714,4.18578,669,1995,1.207,4.18607,0,-176.787,-175.889
39748,-0.0747446,0.0232141,1.00706,0.0280762,-0.0740228,0.0482444,1.32051,4.24361,0.0832983,0.199013,1.20418,4.1872,1.21044,4.18797,669,1997,1.2103,4.18826,0,-176.815,-175.908
39768,-0.0744352,0.0216229,1.00761,0.020442,-0.0587556,-0.0280915,1.22936,4.22396,0.0840583,0.19883,1.21939,4.20802,1.21851,4.19931,669,1997,1.21838,4.1996,0,-176.811,-175.887
39788,-0.0715266,0.0207662,1.00585,-0.0635271,0.0252137,-0.150229,1.18273,4.06664,0.0840397,0.197838,1.21626,4.19273,1.21656,4.19069,669,1997,1.21645,4.19097,0,-176.775,-175.853
39810,-0.0742495,0.0204602,1.00913,-0.0482597,0.0557482,0.0253437,1.16151,4.20724,0.083105,0.197869,1.19515,4.18439,1.20347,4.18546,669,1997,1.20337,4.18576,0,-176.681,-175.783
39830,-0.0754253,0.0219289,1.00134,0.0662441,-0.00532055,0.0253437,1.25455,4.3066,0.0830711,0.197808,1.19894,4.19918,1.20405,4.19322,669,1998,1.20396,4.1935,0,-176.547,-175.658
39850,-0.0731975,0.0232141,1.00652,-0.0482597,-0.0434885,-0.0662594,1.32122,4.15833,0.0823502,0.198068,1.21321,4.2011,1.21073,4.19481,669,1997,1.21068,4.1951,0,-176.714,-175.806
39870,-0.0749303,0.0197258,1.00645,0.020442,-0.00532055,-0.0357251,1.12281,4.25699,0.0826216,0.198099,1.2201,4.2011,1.21489,4.19502,669,1997,1.21487,4.19531,0,-176.777,-175.862
39890,-0.0751778,0.0219289,1.00755,0.112045,0.0328474,-0.0662594,1.24682,4.26618,0.0839159,0.198085,1.21232,4.19873,1.21108,4.19398,669,1997,1.21107,4.19426,0,-176.574,-175.681
39912,-0.0741258,0.0204602,1.00451,0.00517464,-0.0663893,-0.0433587,1.16686,4.21951,0.0842027,0.197062,1.20758,4.20946,1.20831,4.2,668,1997,1.20831,4.20027,0,-176.681,-175.789
39932,-0.0751778,0.0205826,1.00792,0.05861,0.0633817,-0.0509923,1.16987,4.26476,0.0837413,0.197979,1.19526,4.20763,1.20037,4.20019,669,1998,1.20036,4.20045,0,-176.647,-175.764
39952,-0.0754872,0.0234589,1.00779,0.0509768,-0.0358551,-0.0433587,1.33346,4.2825,0.0842112,0.198605,1.20844,4.20582,1.2069,4.19995,668,1997,1.20688,4.20022,0,-176.643,-175.75
39972,-0.0724549,0.0205826,1.00718,0.0509768,-0.0358551,-0.0662594,1.17072,4.1138,0.0846048,0.198193,1.21975,4.20053,1.21356,4.19738,668,2000,1.21354,4.19764,0,-176.643,-175.74
39992,-0.074559,0.0211334,1.00493,0.0433426,0.00994658,-0.0433587,1.20473,4.24223,0.0854869,0.19856,1.21582,4.20669,1.21189,4.20116,667,1998,1.21189,4.20143,0,-176.395,-175.516
40014,-0.0743733,0.0219901,1.00073,-0.0482597,0.0481145,0.0253437,1.25881,4.24931,0.0854988,0.198622,1.22145,4.21392,1.21519,4.20593,668,1997,1.21518,4.20621,0,-176.507,-175.624
40034,-0.0740639,0.0238872,1.00718,0.00517464,-0.0587556,0.0253437,1.35862,4.20453,0.0865794,0.19908,1.236,4.21022,1.22435,4.20471,669,1997,1.22439,4.20499,0,-176.789,-175.869
40054,-0.0749922,0.0243768,1.00493,0.0662441,0.0023129,-0.0509923,1.38956,4.26648,0.0880569,0.199035,1.26256,4.21311,1.24149,4.20687,668,1997,1.24152,4.20716,0,-176.88,-175.933
40074,-0.0756729,0.0213169,1.00694,0.0509768,0.0404809,-0.0357251,1.21277,4.29681,0.0888932,0.198928,1.26173,4.2268,1.24405,4.21533,668,1997,1.24409,4.21562,0,-176.952,-176.005
40094,-0.075611,0.018869,1.00512,-0.0329933,-0.00532055,0.0100764,1.07549,4.30128,0.0889967,0.199204,1.23832,4.22283,1.23293,4.21458,669,1997,1.23297,4.21486,0,-176.707,-175.778
40116,-0.0736307,0.0232141,1.00432,-0.0635271,0.0557482,-0.0586258,1.3241,4.19194,0.0892987,0.199693,1.23962,4.19929,1.23427,4.20198,668,1997,1.23432,4.20226,0,-176.535,-175.613
40136,-0.0724549,0.0216229,1.00676,-0.0864277,0.0328474,-0.112061,1.2304,4.11545,0.0890205,0.199021,1.24394,4.20192,1.23737,4.20294,668,1997,1.23741,4.20322,0,-176.647,-175.726
40156,-0.0733213,0.0217453,1.00457,0.0128088,0.0481145,0.0100764,1.24006,4.17352,0.0892614,0.199419,1.24165,4.19875,1.23689,4.20099,668,1997,1.23694,4.20126,0,-176.511,-175.593
40176,-0.0740639,0.0220513,1.00518,-0.0406265,0.00994658,-0.127328,1.25674,4.21307,0.0889985,0.199389,1.24414,4.20337,1.23879,4.20319,667,1997,1.23882,4.20344,0,-176.576,-175.653
40196,-0.071341,0.0229693,1.00305,0.0433426,0.0710154,0.00244284,1.31182,4.06721,0.0892089,0.199084,1.24451,4.18872,1.23968,4.19472,668,1997,1.2397,4.19494,0,-176.753,-175.821
40218,-0.0737545,0.0195422,1.00597,-0.0177259,0.00994658,-0.0509923,1.1129,4.19246,0.0888544,0.200321,1.22759,4.17799,1.2306,4.18787,667,1997,1.23062,4.18809,0,-176.624,-175.707
40238,-0.0757348,0.0215617,1.007,0.0662441,0.0481145,-0.00519073,1.22662,4.30003,0.0896754,0.200611,1.22463,4.18967,1.22883,4.19309,668,1997,1.22887,4.19331,0,-176.488,-175.587
40258,-0.0769106,0.0218677,1.007,0.0280762,-0.0434885,-0.0662594,1.24402,4.36651,0.0892904,0.200734,1.22455,4.22301,1.22807,4.21165,668,2001,1.22809,4.21185,0,-176.326,-175.441
40278,-0.0728262,0.0210722,1.00542,0.0280762,-0.0511222,-0.0815266,1.20066,4.142,0.089287,0.200047,1.22129,4.21198,1.2258,4.20636,668,1997,1.22581,4.20657,0,-176.34,-175.45
40298,-0.0735688,0.0198482,1.00299,0.05861,0.00994658,-0.104427,1.13368,4.1943,0.090444,0.200643,1.22038,4.19942,1.22529,4.19985,666,1997,1.22531,4.20004,0,-176.734,-175.814
40320,-0.0762298,0.0213169,1.00542,0.0738773,-0.0587556,-0.0967938,1.2146,4.33484,0.0910665,0.199911,1.21538,4.2191,1.22196,4.21064,668,1997,1.222,4.21083,0,-176.809,-175.888
40340,-0.0712791,0.0204602,1.00505,0.00517464,-0.0282214,-0.0738931,1.16622,4.05582,0.0912464,0.199621,1.21747,4.20749,1.2223,4.20507,669,1996,1.22234,4.20527,0,-176.649,-175.74
40360,-0.0733213,0.0217453,1.00652,-0.0787945,-0.127458,-0.0891602,1.23766,4.16548,0.0910751,0.198935,1.2175,4.19679,1.22144,4.1987,668,2001,1.22147,4.19892,0,-176.683,-175.772
40380,-0.0740639,0.0216841,1.00639,-0.0100918,-0.0358551,-0.0204579,1.23432,4.20803,0.0899725,0.198416,1.22501,4.19158,1.22468,4.19513,668,1997,1.22472,4.19532,0,-176.779,-175.856
40400,-0.0763536,0.0229693,1.00299,-0.0482597,-0.0129542,0.0100764,1.3119,4.35218,0.0900301,0.19892,1.22631,4.20243,1.22532,4.20093,669,1997,1.22538,4.20115,0,-176.744,-175.823
40422,-0.0731356,0.0216841,1.00712,0.0128088,-0.104557,-0.0967938,1.23343,4.15247,0.0897672,0.197516,1.22491,4.20637,1.22421,4.2028,668,1997,1.22429,4.20303,0,-176.612,-175.703
40442,-0.071836,0.0227245,1.00116,0.0280762,0.00994658,-0.0433587,1.30028,4.10304,0.0893211,0.198998,1.22181,4.19987,1.22195,4.2001,666,1997,1.22203,4.20032,0,-176.736,-175.814
40462,-0.073445,0.0221125,1.00627,0.0662441,-0.0358551,-0.0204579,1.25885,4.17346,0.0895773,0.199166,1.22069,4.19256,1.2213,4.1958,668,2001,1.22139,4.19604,0,-176.775,-175.854
40482,-0.0757967,0.0216229,1.00238,0.0738773,0.10155,-0.0738931,1.23577,4.3233,0.0905663,0.199823,1.23184,4.2144,1.2279,4.20814,668,1996,1.22799,4.20838,0,-176.574,-175.668
40502,-0.0754253,0.0215005,1.00402,-0.0482597,0.00994658,-0.0586258,1.22677,4.2952,0.0905324,0.200343,1.22464,4.21857,1.22414,4.21144,666,2001,1.22421,4.21165,0,-176.639,-175.729
40524,-0.0705983,0.020705,1.00359,0.0128088,0.116817,-0.0128243,1.18189,4.02302,0.0910939,0.201045,1.22971,4.20566,1.22723,4.20528,668,1997,1.2273,4.20547,0,-176.612,-175.697
40544,-0.072393,0.0206438,1.00512,0.0128088,0.0786488,0.0482444,1.17662,4.11872,0.0910752,0.202741,1.22569,4.1951,1.22514,4.19993,668,1997,1.22525,4.20012,0,-176.634,-175.715
40564,-0.0733832,0.0231529,1.007,0.0509768,-0.0511222,-0.0509923,1.31711,4.16684,0.09011,0.203092,1.22784,4.19903,1.22573,4.20173,669,1998,1.22583,4.20194,0,-176.777,-175.851
40584,-0.0730118,0.023826,1.00597,0.0738773,0.0557482,-0.0967938,1.35678,4.15001,0.0913128,0.202925,1.24339,4.19837,1.23537,4.20082,669,1997,1.2355,4.20101,0,-176.816,-175.88
40603,-0.0743733,0.0207662,1.00165,-0.0711613,0.00994658,-0.0357251,1.18769,4.24557,0.0905766,0.203688,1.25024,4.21151,1.24006,4.20818,667,1997,1.24018,4.20837,0,-176.744,-175.807
40625,-0.074002,0.0206438,1.00706,0.0128088,-0.0205877,-0.0815266,1.17434,4.20183,0.0897793,0.203613,1.22833,4.2067,1.22835,4.20561,669,1997,1.22845,4.20579,0,-176.48,-175.579
40645,-0.0731356,0.0223573,1.00408,0.00517464,-0.0816565,0.0253437,1.27556,4.16494,0.0901729,0.203582,1.23035,4.20834,1.22949,4.20657,669,1997,1.22961,4.20676,0,-176.326,-175.436
40665,-0.0738782,0.023826,1.00554,-0.0253592,0.0328474,0.0558779,1.35735,4.20086,0.0903069,0.202926,1.23471,4.21021,1.23208,4.20746,669,1998,1.23221,4.20767,0,-176.424,-175.518
40685,-0.074559,0.0219289,1.00104,-0.0177259,0.0862825,0.0635116,1.25493,4.2586,0.090212,0.203385,1.23024,4.20945,1.22985,4.20749,669,1997,1.22997,4.20767,0,-176.637,-175.709
40705,-0.0738163,0.0211334,1.00524,-0.0482597,0.0328474,-0.0586258,1.20437,4.19887,0.0894758,0.203446,1.22677,4.20487,1.22766,4.2051,669,1997,1.22777,4.20527,0,-176.835,-175.894
40727,-0.0741877,0.0225409,1.00822,-0.0329933,-0.0205877,-0.0815266,1.28076,4.20735,0.0886632,0.204867,1.22427,4.2039,1.22555,4.20491,669,2000,1.22565,4.20507,0,-176.85,-175.917
40747,-0.0744971,0.0211946,1.00591,-0.0787945,0.00994658,0.0253437,1.20705,4.23463,0.087927,0.20531,1.22271,4.2098,1.22411,4.20824,667,1997,1.22421,4.2084,0,-176.783,-175.866
40767,-0.0722692,0.0228469,1.00524,0.0280762,0.0481145,-0.0967938,1.30199,4.11101,0.0868244,0.204944,1.24349,4.21287,1.2355,4.21029,669,1997,1.23561,4.21045,0,-176.474,-175.566
40787,-0.0725168,0.0222349,1.00426,0.112045,-0.0969236,-0.112061,1.26835,4.12909,0.087676,0.203754,1.23653,4.19967,1.2329,4.2024,669,1997,1.233,4.20256,0,-176.401,-175.496
40807,-0.0751159,0.0231529,1.00785,-0.124596,0.0252137,0.00244284,1.31599,4.26128,0.0868329,0.204441,1.24542,4.20187,1.23813,4.20338,669,1997,1.2382,4.20354,0,-176.612,-175.692
40829,-0.0744971,0.0228469,1.00457,0.05861,0.0252137,-0.0662594,1.30285,4.2401,0.0871655,0.203785,1.25231,4.21407,1.24325,4.2099,669,1999,1.24335,4.21005,0,-176.718,-175.783
40849,-0.0727024,0.0226021,1.00694,0.0662441,-0.0740228,0.0177101,1.28586,4.12862,0.087956,0.203343,1.2525,4.18929,1.24514,4.19586,668,1997,1.24525,4.19601,0,-176.687,-175.75
40869,-0.0781483,0.0208886,1.00299,0.020442,0.0252137,-0.0357251,1.19309,4.45427,0.0886854,0.204152,1.2519,4.2073,1.24627,4.20525,669,1997,1.24637,4.20537,0,-176.69,-175.756
40889,-0.0751778,0.0206438,1.00645,0.00517464,-0.0205877,-0.0433587,1.17505,4.27092,0.0887737,0.20313,1.26018,4.22679,1.25228,4.21648,669,1997,1.25237,4.21661,0,-176.453,-175.533
40909,-0.0724549,0.0216841,1.00828,0.05861,-0.0129542,-0.0204579,1.23202,4.10925,0.0883581,0.202703,1.26296,4.21843,1.25511,4.21284,669,1997,1.25519,4.21297,0,-176.509,-175.585
40931,-0.0742495,0.0201542,1.00165,0.0662441,0.00994658,0.0100764,1.1527,4.23858,0.0882173,0.202077,1.25595,4.20935,1.2525,4.20791,666,1997,1.25258,4.20804,0,-176.746,-175.808
40951,-0.0725786,0.0216841,1.00761,0.020442,0.109183,-0.0204579,1.23283,4.11897,0.0883055,0.202704,1.25438,4.20479,1.25241,4.20577,668,1997,1.25246,4.20587,0,-176.476,-175.554
40971,-0.0746827,0.0219289,1.00554,-0.0406265,-0.0282214,-0.0128243,1.24931,4.24662,0.0878441,0.20246,1.24497,4.2247,1.24746,4.21709,669,1998,1.24748,4.21718,0,-176.409,-175.498
40991,-0.075611,0.0230917,1.00445,0.104412,-0.0282214,0.101679,1.31697,4.30376,0.0876728,0.202155,1.24213,4.22427,1.2458,4.2178,668,2000,1.24582,4.21787,0,-176.447,-175.536
41011,-0.075054,0.0204602,1.00432,-0.0329933,0.0557482,0.0329772,1.16707,4.27293,0.088158,0.202049,1.24349,4.23114,1.24689,4.22262,669,1997,1.24687,4.2227,0,-176.514,-175.595
41033,-0.0741258,0.0221737,1.00554,0.0891447,0.109183,-0.0280915,1.26325,4.21504,0.0895134,0.203133,1.22901,4.23572,1.239,4.22695,668,1997,1.23898,4.22702,0,-176.455,-175.548
41053,-0.0760442,0.0214393,1.00737,0.0509768,0.0710154,0.0864123,1.21922,4.31598,0.090365,0.203561,1.22682,4.23944,1.23718,4.23062,668,1997,1.23713,4.23066,0,-176.586,-175.674
41073,-0.0741877,0.0243156,1.00372,0.00517464,0.0710154,-0.0357251,1.38775,4.22598,0.090209,0.204447,1.24091,4.24938,1.24416,4.23826,668,1994,1.2441,4.23827,0,-176.689,-175.765
41093,-0.0741258,0.0215005,1.00244,0.00517464,-0.0434885,-0.0357251,1.22871,4.2281,0.0903277,0.204035,1.24384,4.23912,1.24594,4.23401,669,1997,1.24587,4.23403,0,-176.499,-175.577
41113,-0.0737545,0.0213781,1.00481,0.00517464,0.0175803,0.0864123,1.21883,4.19711,0.0898053,0.204799,1.25042,4.23582,1.24962,4.23359,668,1997,1.24954,4.23359,0,-176.576,-175.646
41135,-0.0732594,0.020399,1.00609,-0.0482597,-0.0358551,0.0177101,1.16154,4.16384,0.0891912,0.204815,1.25034,4.23559,1.24977,4.23436,669,1998,1.24965,4.23434,0,-176.464,-175.542
41155,-0.0736926,0.0192362,1.00798,0.0509768,-0.104557,0.00244284,1.0933,4.18067,0.0894016,0.203533,1.23429,4.22129,1.24097,4.22618,668,1997,1.24083,4.22616,0,-176.527,-175.607
41175,-0.071341,0.0229693,1.00609,0.0662441,0.00994658,-0.0204579,1.30785,4.05495,0.0900089,0.204007,1.23363,4.2107,1.23995,4.22021,666,1996,1.23983,4.22019,0,-176.649,-175.729
41195,-0.0725786,0.0232753,1.00323,0.0357094,0.0557482,-0.0280915,1.32904,4.13675,0.0910132,0.204984,1.24586,4.20797,1.24696,4.21818,668,1997,1.24682,4.21812,0,-176.651,-175.722
41215,-0.0730118,0.0191138,1.00737,-0.0711613,0.00994658,0.0482444,1.087,4.14468,0.091651,0.205595,1.24459,4.20864,1.24695,4.21787,666,1997,1.24679,4.2178,0,-176.645,-175.707
41237,-0.0719598,0.0186243,1.00779,-0.00245857,0.0328474,-0.0204579,1.05872,4.08348,0.092182,0.206756,1.22264,4.18367,1.23446,4.20294,669,1997,1.2343,4.20289,0,-176.744,-175.813
41257,-0.0757967,0.0211946,1.00572,0.020442,0.0328474,-0.0509923,1.20727,4.30901,0.0918886,0.207382,1.21641,4.18678,1.22912,4.2024,669,1997,1.22897,4.20233,0,-176.846,-175.919
41277,-0.0712172,0.0234589,1.00426,-0.0177259,-0.00532055,-0.00519073,1.33814,4.05523,0.0910455,0.207215,1.22135,4.19821,1.22995,4.20711,668,1997,1.22979,4.20704,0,-176.878,-175.946
41297,-0.0732594,0.0219289,1.00153,0.0433426,0.109183,-0.0509923,1.25432,4.18261,0.0912864,0.208238,1.22966,4.18574,1.23394,4.19911,668,1997,1.23379,4.19903,0,-176.572,-175.656
41317,-0.074559,0.0224185,1.0067,0.00517464,0.0862825,0.0253437,1.27573,4.23471,0.0918632,0.208147,1.23773,4.19308,1.23843,4.20144,668,1997,1.23827,4.20133,0,-176.413,-175.507
41339,-0.0736926,0.0199094,1.00548,0.0128088,0.0328474,-0.157863,1.13436,4.19094,0.0920125,0.208193,1.2395,4.1882,1.23957,4.1973,669,1997,1.2394,4.19724,0,-176.497,-175.584
41359,-0.0759204,0.0222349,1.00524,-0.124596,-0.0663893,0.0406108,1.26712,4.318,0.0913374,0.207965,1.23374,4.19728,1.23567,4.201,669,1997,1.2355,4.20094,0,-176.606,-175.689
41379,-0.0706602,0.0226633,1.00299,-0.0558939,-0.0358551,-0.0509923,1.29442,4.0288,0.0924638,0.207828,1.25266,4.18823,1.2468,4.19525,668,1997,1.24662,4.19519,0,-176.586,-175.658
41399,-0.0727024,0.0221125,1.00481,-0.0482597,0.0481145,-0.0815266,1.26068,4.13738,0.0916207,0.208042,1.26196,4.18522,1.25276,4.19229,668,1997,1.25258,4.19226,0,-176.572,-175.636
41419,-0.0736926,0.0177675,1.00895,0.0738773,0.0481145,-0.0891602,1.00887,4.17676,0.0912051,0.208104,1.23763,4.18509,1.23993,4.19085,668,1997,1.23976,4.19081,0,-176.77,-175.83
41441,-0.0718979,0.0211334,1.00579,-0.0406265,0.0481145,-0.0509923,1.20371,4.0879,0.0906521,0.208455,1.22106,4.18494,1.22976,4.18985,668,1997,1.22958,4.18981,0,-176.708,-175.788
41461,-0.0761061,0.0239484,1.00652,0.0357094,0.0175803,-0.0662594,1.363,4.32288,0.0900686,0.209097,1.23446,4.20531,1.23609,4.20072,669,1996,1.23591,4.20067,0,-176.614,-175.701
41481,-0.0756729,0.0208274,1.00524,0.0433426,-0.104557,0.0253437,1.18693,4.30411,0.0895156,0.209494,1.24946,4.22793,1.24458,4.21415,668,1996,1.24439,4.2141,0,-176.622,-175.699
41501,-0.0760442,0.0192362,1.00353,-0.0253592,0.0481145,0.0253437,1.09814,4.3326,0.0898786,0.209434,1.23873,4.22737,1.2394,4.21509,669,1997,1.2392,4.21504,0,-176.511,-175.594
41521,-0.072393,0.0200318,1.00481,-0.0635271,0.0023129,-0.0357251,1.14209,4.12002,0.0897226,0.209663,1.22053,4.23048,1.22885,4.21848,669,1997,1.22863,4.21844,0,-176.525,-175.612
41542,-0.0757967,0.0209498,1.00566,0.0128088,-0.0434885,-0.112061,1.1934,4.30929,0.0900246,0.209725,1.21573,4.22538,1.22513,4.21676,669,2001,1.2249,4.21673,0,-176.602,-175.69
41562,-0.0754872,0.0217453,1.00353,0.0128088,0.0633817,-0.112061,1.24133,4.30076,0.0896701,0.209695,1.21519,4.2428,1.22335,4.22782,669,1997,1.22315,4.22779,0,-176.781,-175.866
41582,-0.0741877,0.0230917,1.00664,-0.0406265,0.00994658,-0.0815266,1.3141,4.21389,0.0890255,0.209542,1.22271,4.24958,1.22616,4.23377,667,1997,1.22596,4.23374,0,-176.945,-176.013
41602,-0.0737545,0.020399,1.00128,0.0509768,0.0786488,0.0787787,1.16712,4.21193,0.0893732,0.209955,1.21783,4.24117,1.22303,4.23131,669,2001,1.22284,4.23127,0,-176.872,-175.943
41622,-0.074559,0.0199706,1.00451,0.020442,-0.0892901,-0.0586258,1.13895,4.24413,0.0895989,0.209971,1.20702,4.23355,1.21612,4.2282,669,1997,1.21595,4.22817,0,-176.738,-175.827
41644,-0.0742495,0.0235813,1.00737,0.0433426,-0.0129542,-0.0433587,1.34098,4.2143,0.0899161,0.210048,1.19567,4.24208,1.20798,4.23402,669,1997,1.20781,4.234,0,-176.566,-175.673
41664,-0.0738782,0.0233365,1.00207,0.0280762,0.10155,0.00244284,1.33407,4.21539,0.0899433,0.211437,1.21238,4.23322,1.21582,4.23064,669,1997,1.21566,4.23059,0,-176.6,-175.692
41684,-0.0753635,0.0210722,1.00566,0.0509768,0.0557482,0.0558779,1.20037,4.28474,0.0897567,0.212613,1.23006,4.22948,1.22542,4.22947,669,2001,1.22524,4.22941,0,-176.653,-175.742
41704,-0.0741877,0.0186855,1.00694,-0.00245857,-0.0740228,-0.119695,1.0631,4.213,0.0900892,0.213194,1.21533,4.22589,1.21741,4.22795,669,1999,1.21725,4.22788,0,-176.486,-175.602
41724,-0.0720217,0.0222349,1.00213,0.0433426,0.0557482,0.0177101,1.27105,4.10968,0.0906965,0.213225,1.21814,4.21285,1.21858,4.22031,669,1997,1.21844,4.22025,0,-176.436,-175.541
41746,-0.0730118,0.0228469,1.00366,0.0128088,0.0175803,-0.0509923,1.30404,4.15963,0.0904031,0.213439,1.24096,4.20708,1.23136,4.21631,669,1997,1.23123,4.21623,0,-176.641,-175.723
41766,-0.0753016,0.0193586,1.00828,0.0433426,0.0939159,-0.0586258,1.09992,4.27032,0.0898348,0.214493,1.23546,4.21429,1.22922,4.21994,669,1997,1.2291,4.21984,0,-176.677,-175.765
41786,-0.0735069,0.0197258,1.00664,-0.0100918,0.00994658,0.0864123,1.12261,4.17566,0.0903505,0.214585,1.21848,4.21012,1.22018,4.21683,667,1997,1.22008,4.21673,0,-176.675,-175.771
41806,-0.0735688,0.020399,1.0039,0.020442,0.0786488,-0.00519073,1.16408,4.19046,0.0907136,0.215395,1.20636,4.20895,1.21274,4.21568,669,1997,1.21264,4.21557,0,-176.643,-175.744
41826,-0.0748684,0.0222349,1.00378,0.020442,0.00994658,-0.0357251,1.26897,4.26456,0.0907865,0.215578,1.20768,4.21515,1.21219,4.21829,667,1997,1.21212,4.2182,0,-176.705,-175.798
41848,-0.0736926,0.0240708,1.00463,0.0280762,-0.0282214,-0.0204579,1.37254,4.19411,0.0914091,0.216159,1.21993,4.20574,1.21848,4.21266,669,1998,1.21842,4.21255,0,-176.697,-175.774
41868,-0.0715885,0.0199706,1.00475,0.00517464,-0.0129542,-0.0204579,1.13867,4.07464,0.0915126,0.217121,1.20319,4.19278,1.20871,4.20465,668,1998,1.20867,4.20456,0,-176.675,-175.773
41888,-0.0760442,0.021011,1.00487,0.0738773,-0.0129542,0.00244284,1.19783,4.32669,0.0923489,0.217488,1.20881,4.19539,1.21109,4.20431,669,1998,1.21104,4.20422,0,-176.612,-175.719
41908,-0.0726405,0.0209498,1.00286,0.0662441,0.0786488,-0.0815266,1.19673,4.14197,0.0926967,0.218664,1.21249,4.20526,1.21269,4.2092,668,1997,1.21267,4.20911,0,-176.742,-175.834
41928,-0.0737545,0.0235201,1.00846,0.05861,0.0633817,-0.0280915,1.33605,4.18178,0.0931361,0.218924,1.24209,4.1849,1.22949,4.19668,669,1998,1.2295,4.1966,0,-176.91,-175.969
41950,-0.0727024,0.0189302,1.00499,0.0433426,0.00994658,-0.0662594,1.07911,4.1369,0.0935449,0.220161,1.22697,4.19897,1.22239,4.20373,666,1998,1.22241,4.20367,0,-176.772,-175.848
41970,-0.072393,0.0188078,1.00877,0.0509768,0.0939159,-0.0662594,1.06812,4.10402,0.0935568,0.219979,1.19012,4.17183,1.2012,4.18686,669,1998,1.20123,4.18683,0,-176.545,-175.658
41990,-0.0759204,0.021011,1.00207,0.020442,0.0252137,-0.0738931,1.20117,4.3317,0.0940878,0.221399,1.16829,4.17673,1.18671,4.18765,668,1998,1.18676,4.18762,0,-176.683,-175.799
42010,-0.0755491,0.024744,1.00664,-0.0100918,0.0023129,-0.104427,1.4081,4.29077,0.0937791,0.221201,1.19923,4.20233,1.20141,4.20048,668,1997,1.20146,4.20045,0,-176.748,-175.843
42030,-0.0728881,0.0219901,1.00359,-0.0940619,0.0557482,0.0558779,1.25523,4.15294,0.0932872,0.22198,1.21499,4.21755,1.20959,4.20951,668,1997,1.20967,4.20948,0,-176.582,-175.688
42052,-0.0726405,0.0230305,1.00408,-0.0558939,0.0404809,-0.0509923,1.31395,4.13679,0.0927342,0.22166,1.22112,4.20447,1.21294,4.20238,669,1997,1.21302,4.20236,0,-176.701,-175.792
42072,-0.0741258,0.0177063,1.00676,-0.0329933,0.0175803,-0.0586258,1.00758,4.21033,0.0926697,0.221294,1.1954,4.20222,1.19862,4.20053,669,1997,1.19873,4.20049,0,-176.725,-175.82
42092,-0.0715885,0.0201542,1.00293,-0.0406265,-0.0892901,-0.0204579,1.15123,4.08201,0.09259,0.219813,1.17992,4.19605,1.1883,4.1962,668,1997,1.1884,4.19618,0,-176.576,-175.697
42112,-0.0748065,0.0258456,1.00785,0.0280762,0.0328474,-0.104427,1.46898,4.24352,0.093121,0.220302,1.21296,4.19469,1.20555,4.195,669,1997,1.20566,4.19501,0,-176.71,-175.805
42132,-0.0748065,0.0240096,1.00256,0.0280762,-0.0740228,0.00244284,1.37188,4.26603,0.0933314,0.219433,1.24768,4.22462,1.2262,4.21141,669,1997,1.22631,4.21142,0,-176.73,-175.805
42154,-0.0733213,0.0186855,1.00858,-0.0558939,-0.0129542,0.0787787,1.06136,4.15722,0.0938013,0.219433,1.24188,4.21894,1.22567,4.20944,669,1997,1.22579,4.20946,0,-176.645,-175.736
42174,-0.0722692,0.0191138,1.00499,0.020442,-0.0892901,-0.0891602,1.08957,4.11232,0.0951262,0.218777,1.21691,4.20147,1.21345,4.19985,668,1997,1.2136,4.19989,0,-176.643,-175.745
42194,-0.0723311,0.0236425,1.00627,-0.0329933,0.0557482,-0.0433587,1.34592,4.11023,0.0952755,0.219617,1.22515,4.1886,1.21809,4.19254,668,1997,1.21824,4.19259,0,-176.472,-175.575
42214,-0.0746827,0.0227245,1.00207,0.0815105,0.0481145,-0.0128243,1.2991,4.26118,0.0954248,0.220702,1.24569,4.20693,1.23066,4.20245,668,1994,1.23081,4.2025,0,-176.244,-175.354
42234,-0.075054,0.0219289,1.01041,-0.109328,0.0175803,0.0253437,1.24329,4.24718,0.0938336,0.221008,1.25175,4.20162,1.23531,4.19947,668,1996,1.23546,4.19956,0,-176.386,-175.487
42256,-0.0712172,0.0179511,1.00554,-0.0558939,0.0557482,0.00244284,1.02274,4.05055,0.092899,0.221206,1.19788,4.19694,1.20573,4.19686,668,1997,1.20588,4.19696,0,-176.392,-175.517
42276,-0.0732594,0.0229081,1.00572,-0.0482597,0.0175803,-0.0433587,1.30484,4.16513,0.0925445,0.220978,1.18321,4.19368,1.19547,4.19425,669,2001,1.1956,4.19437,0,-176.184,-175.325
42296,-0.0787052,0.0255396,1.00694,0.05861,0.0023129,0.0558779,1.45291,4.46787,0.0919456,0.222062,1.224,4.22784,1.21682,4.21367,669,1997,1.21697,4.2138,0,-176.395,-175.51
42316,-0.0753016,0.0213169,1.00493,0.0815105,0.0404809,0.0253437,1.21519,4.28431,0.092156,0.221406,1.23861,4.25135,1.22642,4.22863,668,1997,1.2266,4.22877,0,-176.598,-175.701
42336,-0.0736926,0.0161764,1.00262,0.119678,-0.0358551,-0.0204579,0.924334,4.20313,0.0927939,0.220353,1.19883,4.23377,1.20522,4.22072,668,1997,1.20538,4.22085,0,-176.486,-175.605
42358,-0.0736926,0.0192974,1.00347,0.0357094,-0.0205877,0.00244284,1.1017,4.19935,0.0933096,0.220766,1.17989,4.22364,1.19313,4.2164,669,1997,1.19332,4.21653,0,-176.499,-175.622
42378,-0.0762298,0.0249888,1.00548,0.0815105,0.0175803,0.0177101,1.42365,4.33421,0.0946192,0.22095,1.20155,4.22971,1.20383,4.22062,668,1997,1.20403,4.22077,0,-176.455,-175.574
42398,-0.0731975,0.0249888,1.00615,-0.0406265,0.00994658,0.0100764,1.42271,4.15966,0.095425,0.220339,1.25455,4.22505,1.23419,4.21875,667,1997,1.23439,4.21892,0,-176.311,-175.419
42418,-0.0746208,0.0166659,1.00372,0.0128088,0.0328474,-0.0433587,0.951265,4.25122,0.0945056,0.221012,1.25214,4.22612,1.23527,4.22023,668,1997,1.23547,4.2204,0,-176.38,-175.483
42438,-0.0698557,0.0175839,1.00219,-0.0177259,-0.0358551,-0.0662594,1.00517,3.98661,0.0950671,0.219623,1.19651,4.20233,1.20504,4.20682,669,1997,1.20523,4.20698,0,-176.671,-175.777
42460,-0.0746208,0.0226633,1.00286,0.0738773,0.0710154,-0.0662594,1.29458,4.25432,0.0943614,0.220661,1.18384,4.21266,1.19568,4.21237,669,1998,1.19587,4.21252,0,-176.679,-175.793
42479,-0.07295,0.0236425,1.00566,-0.0406265,-0.0663893,-0.0662594,1.34674,4.14778,0.0949229,0.219807,1.22136,4.21322,1.21561,4.21228,669,1997,1.2158,4.21241,0,-176.61,-175.704
42499,-0.0768487,0.0225409,1.00524,-0.0406265,0.0328474,0.0100764,1.28455,4.37057,0.0947822,0.219655,1.25191,4.21975,1.23387,4.21579,669,1997,1.23407,4.21592,0,-176.614,-175.69
42519,-0.0744352,0.0181959,1.00579,-0.0406265,0.0404809,-0.0967938,1.03644,4.23188,0.0947177,0.22022,1.22108,4.22258,1.21832,4.21819,669,1997,1.2185,4.21833,0,-176.578,-175.679
42539,-0.0731356,0.0202766,1.00311,-0.0329933,0.0252137,-0.0967938,1.15801,4.16915,0.0944395,0.220892,1.18931,4.22626,1.19976,4.22122,669,1998,1.19995,4.22135,0,-176.472,-175.599
42561,-0.074002,0.0232753,1.00639,-0.00245857,0.0633817,-0.112061,1.32487,4.20438,0.0941766,0.220908,1.19252,4.21867,1.19948,4.21755,669,1997,1.19966,4.21769,0,-176.574,-175.689
42581,-0.0751778,0.0248664,1.00378,-0.0482597,-0.00532055,0.0787787,1.41909,4.28186,0.0943412,0.22126,1.23479,4.22011,1.22276,4.21869,668,1997,1.22295,4.21884,0,-176.641,-175.733
42601,-0.0741258,0.0218065,1.00457,-0.0406265,-0.0816565,-0.0891602,1.24354,4.21914,0.0944141,0.220558,1.24391,4.22886,1.22951,4.22374,669,1997,1.2297,4.2239,0,-176.507,-175.605
42621,-0.0714028,0.0195422,1.00621,0.0738773,-0.0434885,0.0406108,1.11263,4.05826,0.095052,0.220115,1.22591,4.22438,1.22106,4.22187,669,1997,1.22123,4.222,0,-176.443,-175.551
42641,-0.074002,0.0199094,1.00639,0.020442,-0.0434885,-0.00519073,1.13333,4.20468,0.0965448,0.219215,1.2059,4.22347,1.21045,4.22138,669,1997,1.21064,4.22152,0,-176.616,-175.721
42663,-0.0741258,0.0273755,1.0056,-0.0329933,-0.0434885,0.0558779,1.55938,4.21425,0.0965872,0.219674,1.23615,4.22317,1.22693,4.22169,669,1998,1.22711,4.22181,0,-176.757,-175.837
42683,-0.0746827,0.0235201,1.00451,-0.0253592,0.0175803,0.00244284,1.34131,4.25082,0.0962327,0.220056,1.26209,4.23309,1.24312,4.22785,669,1995,1.2433,4.22796,0,-176.622,-175.699
42703,-0.0715885,0.0208274,1.00274,0.0433426,-0.104557,-0.0128243,1.18989,4.08269,0.0960919,0.218774,1.25296,4.23262,1.24037,4.22798,669,1998,1.24054,4.22807,0,-176.614,-175.691
42723,-0.0746827,0.021011,1.00865,-0.0558939,-0.0587556,-0.0815266,1.19335,4.23369,0.0951878,0.218835,1.23536,4.22126,1.23149,4.22195,668,1997,1.23164,4.22199,0,-176.434,-175.526
42743,-0.0736926,0.0231529,1.00414,-0.124596,-0.0434885,-0.0280915,1.32086,4.19622,0.0938104,0.218072,1.24102,4.22208,1.23474,4.2221,668,1997,1.23488,4.22211,0,-176.405,-175.499
42765,-0.0757967,0.0202766,1.00384,0.0128088,-0.0511222,-0.0891602,1.15716,4.31715,0.0928604,0.218348,1.24546,4.22401,1.23796,4.22341,668,1997,1.23811,4.22343,0,-176.555,-175.643
42785,-0.0731975,0.0176451,1.00627,0.0280762,0.0252137,0.0635116,1.00459,4.1598,0.0928876,0.218547,1.2164,4.22041,1.22241,4.22183,669,1997,1.22255,4.22184,0,-176.561,-175.662
42805,-0.0752397,0.021011,1.0056,-0.0635271,-0.0129542,-0.0509923,1.19696,4.278,0.0916628,0.2187,1.20409,4.22705,1.21401,4.22571,669,1997,1.21415,4.2257,0,-176.514,-175.623
42825,-0.0735069,0.0218677,1.00627,-0.0558939,0.0328474,0.00244284,1.24492,4.17698,0.0924076,0.219082,1.20931,4.22433,1.21619,4.22481,668,1997,1.21633,4.22479,0,-176.566,-175.67
42845,-0.0736307,0.0205214,1.00512,0.0128088,-0.104557,0.0406108,1.16964,4.1889,0.091824,0.219021,1.21839,4.22947,1.22052,4.22782,668,1997,1.22064,4.2278,0,-176.545,-175.647
42867,-0.0749922,0.0235813,1.00518,-0.00245857,0.0328474,-0.0433587,1.3439,4.26553,0.0918359,0.220106,1.22623,4.24118,1.2246,4.2355,669,1994,1.22471,4.23548,0,-176.622,-175.715
42887,-0.076168,0.0205826,1.00798,-0.0100918,-0.0358551,-0.0509923,1.1698,4.32046,0.0921226,0.220518,1.22031,4.23258,1.22168,4.23161,669,1997,1.22178,4.23158,0,-176.789,-175.873
42907,-0.0739401,0.0215005,1.00256,-0.0635271,0.0252137,-0.0509923,1.22856,4.21704,0.0919513,0.219832,1.21444,4.23801,1.21803,4.23499,668,1997,1.21814,4.23496,0,-176.883,-175.964
42927,-0.0730118,0.0232141,1.0067,0.0509768,0.0862825,-0.0815266,1.32098,4.14708,0.0915968,0.220886,1.23822,4.23563,1.23107,4.23483,668,1997,1.23116,4.2348,0,-176.777,-175.85
42947,-0.0740639,0.0219901,1.00505,-0.0329933,0.0633817,-0.218931,1.2534,4.21358,0.0916392,0.221329,1.24179,4.23484,1.23426,4.23491,668,1997,1.23433,4.23487,0,-176.616,-175.703
42969,-0.0738782,0.0189914,1.00627,0.0433426,0.0328474,-0.0128243,1.08122,4.19825,0.0917427,0.22249,1.21804,4.22621,1.22173,4.23086,668,1997,1.2218,4.23081,0,-176.553,-175.655
42989,-0.0747446,0.0215005,1.00445,0.0128088,0.0862825,0.0329772,1.22625,4.25478,0.0923195,0.222215,1.20724,4.22925,1.215,4.23223,668,1997,1.21506,4.23216,0,-176.478,-175.589
43009,-0.0728262,0.0237036,1.00475,-0.0406265,-0.0205877,-0.127328,1.35145,4.1445,0.0923466,0.222949,1.23748,4.21954,1.23159,4.22695,669,1997,1.23165,4.22685,0,-176.447,-175.549
43029,-0.0765393,0.0225409,1.0053,0.0738773,0.0328474,0.0558779,1.28448,4.35278,0.0926028,0.222461,1.23863,4.22646,1.23321,4.22982,668,1996,1.23325,4.22971,0,-176.565,-175.662
43049,-0.0727024,0.0200318,1.00706,0.0509768,0.0175803,-0.0128243,1.13954,4.12835,0.09263,0.221377,1.21219,4.2171,1.21871,4.22401,668,1997,1.21873,4.22391,0,-176.659,-175.758
43071,-0.0711553,0.0211334,1.00408,-0.0177259,-0.0282214,-0.0357251,1.20575,4.05266,0.092764,0.222019,1.20494,4.20167,1.21376,4.21479,668,1997,1.21377,4.21468,0,-176.818,-175.906
43091,-0.0743733,0.0233977,1.00615,0.0967779,-0.0358551,0.116947,1.33215,4.2264,0.0937225,0.222355,1.22743,4.19055,1.22586,4.20676,668,1997,1.22586,4.20665,0,-176.891,-175.962
43111,-0.0728262,0.0235201,1.00579,0.112045,0.0023129,-0.0509923,1.3396,4.14028,0.0953527,0.222218,1.24107,4.20126,1.23472,4.21099,668,1997,1.23471,4.21091,0,-176.651,-175.732
43131,-0.0748065,0.0194198,1.00536,0.0891447,0.0252137,0.0787787,1.1066,4.25462,0.0963875,0.222844,1.22468,4.20783,1.22671,4.21366,669,2001,1.22668,4.21358,0,-176.572,-175.663
43151,-0.074002,0.0221125,1.00408,-0.0100918,0.0633817,-0.157863,1.2616,4.21413,0.0980483,0.22283,1.21543,4.20381,1.22162,4.21045,669,1996,1.22159,4.21035,0,-176.531,-175.624
43173,-0.075611,0.0237036,1.00524,0.0433426,0.0023129,-0.0815266,1.35079,4.30033,0.0984876,0.224219,1.23626,4.21963,1.23286,4.21912,668,1997,1.23282,4.21901,0,-176.643,-175.727
43193,-0.0735069,0.0219289,1.0025,-0.0711613,0.10155,-0.104427,1.2531,4.19263,0.0987438,0.224892,1.25806,4.21752,1.24623,4.21816,668,2001,1.24614,4.21808,0,-176.75,-175.814
43213,-0.0714028,0.0224185,1.00627,0.0433426,0.0252137,-0.0128243,1.27627,4.05778,0.0981297,0.225472,1.24286,4.21102,1.23863,4.21455,668,2000,1.23855,4.21447,0,-176.826,-175.89
43233,-0.0728262,0.0226021,1.00597,0.0738773,0.0404809,-0.0204579,1.28711,4.13961,0.0984775,0.226984,1.25412,4.18987,1.24591,4.202,668,1997,1.24582,4.20191,0,-176.959,-176.003
43253,-0.0764155,0.0213781,1.00621,0.0128088,0.0633817,0.0940459,1.21713,4.34195,0.0976039,0.228007,1.25265,4.20189,1.24599,4.20737,669,1997,1.24592,4.20726,0,-176.775,-175.83
43275,-0.0722073,0.020093,1.00402,-0.0558939,-0.0663893,-0.00519073,1.14648,4.11271,0.0973257,0.227016,1.2355,4.21104,1.23709,4.21169,668,1996,1.23701,4.21157,0,-176.34,-175.438
43295,-0.0762917,0.0220513,1.00597,-0.0406265,0.0557482,-0.0815266,1.25575,4.33592,0.0965285,0.227703,1.24378,4.20543,1.24153,4.20808,668,1996,1.24145,4.20795,0,-176.373,-175.471
43315,-0.0736926,0.0198482,1.00718,-0.0711613,-0.00532055,-0.0815266,1.12896,4.18389,0.0956854,0.227902,1.24042,4.21414,1.24009,4.2127,669,1997,1.24001,4.2126,0,-176.365,-175.463
43335,-0.0739401,0.0199094,1.00694,0.0509768,-0.0129542,0.0635116,1.13271,4.1989,0.0959416,0.22636,1.23071,4.20438,1.23489,4.20628,668,1996,1.23478,4.20617,0,-176.464,-175.552
43355,-0.0733213,0.0215005,1.00865,-0.0329933,0.0404809,-0.0509923,1.22115,4.15674,0.0954038,0.226956,1.23037,4.19295,1.23403,4.19938,669,1997,1.23393,4.19926,0,-176.503,-175.594
43377,-0.0759823,0.0221737,1.00353,-0.00245857,0.0404809,-0.119695,1.26578,4.32882,0.0951562,0.227338,1.24993,4.21011,1.24515,4.2082,669,1997,1.24504,4.20809,0,-176.511,-175.593
43397,-0.074002,0.0182571,1.00828,0.0815105,0.0481145,-0.0280915,1.03735,4.19697,0.0958246,0.227675,1.23723,4.21078,1.23922,4.20881,669,1997,1.23911,4.20871,0,-176.708,-175.779
43416,-0.0731356,0.0198482,1.00664,0.00517464,0.00994658,0.0100764,1.12957,4.15463,0.0966151,0.228805,1.20483,4.19878,1.22063,4.2022,667,1997,1.22052,4.2021,0,-176.816,-175.897
43436,-0.0748065,0.0226021,1.00469,-0.0406265,0.0404809,-0.0280915,1.28874,4.25716,0.096459,0.229141,1.20828,4.21471,1.22051,4.21065,669,1994,1.2204,4.21057,0,-176.689,-175.777
43456,-0.0738782,0.0233977,1.00311,-0.00245857,-0.0816565,0.0635116,1.33619,4.21105,0.0968984,0.228882,1.21226,4.22502,1.22124,4.21667,669,1997,1.22111,4.21661,0,-176.639,-175.726
43478,-0.072393,0.0224185,1.00457,0.020442,0.0175803,-0.0891602,1.27843,4.1208,0.096895,0.229524,1.22287,4.21309,1.22623,4.2107,669,1997,1.2261,4.21065,0,-176.705,-175.782
43498,-0.0757967,0.0229693,1.00676,-0.00245857,-0.0282214,-0.00519073,1.30698,4.30443,0.0968764,0.229082,1.21944,4.2181,1.22397,4.2132,669,1993,1.22381,4.21318,0,-176.639,-175.724
43518,-0.0752397,0.0237648,1.0011,-0.0100918,-0.0205877,0.0177101,1.35987,4.2969,0.0972394,0.228746,1.22763,4.22603,1.22835,4.21784,669,1997,1.22821,4.21783,0,-176.878,-175.937
43538,-0.0728262,0.0196646,1.00694,0.0357094,0.0939159,-0.0204579,1.11879,4.13588,0.0971903,0.229403,1.2331,4.22449,1.23168,4.21805,669,1997,1.23154,4.21807,0,-176.911,-175.965
43558,-0.0733832,0.0233365,1.00652,0.0662441,0.0328474,0.0177101,1.32819,4.16883,0.0966067,0.230656,1.23377,4.22278,1.23191,4.21801,669,1997,1.23176,4.21803,0,-176.643,-175.722
43580,-0.074559,0.0226021,1.00293,0.0280762,0.0252137,-0.0509923,1.29101,4.25056,0.0972446,0.23032,1.24385,4.21918,1.23836,4.216,669,1997,1.2382,4.21603,0,-176.612,-175.695
43600,-0.0751778,0.0221125,1.00822,-0.0711613,0.10155,-0.0662594,1.25642,4.26334,0.0973481,0.231252,1.24309,4.20981,1.23874,4.21114,669,1997,1.23859,4.21118,0,-176.637,-175.715
43620,-0.0732594,0.0221125,1.00597,0.0357094,0.0481145,0.0406108,1.25923,4.1642,0.0978638,0.231497,1.25321,4.22075,1.24551,4.21743,669,1997,1.24532,4.21747,0,-176.578,-175.648
43640,-0.0722692,0.0218677,1.00445,0.0128088,0.0023129,-0.0586258,1.24718,4.11433,0.0973261,0.232245,1.24279,4.20811,1.24023,4.21072,669,1997,1.24006,4.21079,0,-176.58,-175.659
43660,-0.0731975,0.0200318,1.00493,0.00517464,-0.0358551,0.0177101,1.14195,4.16514,0.0974601,0.232154,1.22956,4.20262,1.23306,4.20688,668,1999,1.23288,4.20696,0,-176.576,-175.665
43682,-0.0718979,0.0211946,1.00633,0.0433426,-0.119824,-0.0128243,1.20654,4.08568,0.0972583,0.232643,1.22163,4.20487,1.22802,4.20757,669,1997,1.22783,4.20766,0,-176.509,-175.605
43702,-0.0719598,0.0214393,1.00493,-0.0177259,0.0175803,-0.00519073,1.22217,4.09483,0.0980335,0.232857,1.22233,4.20658,1.22797,4.20795,669,1998,1.22776,4.20806,0,-176.614,-175.703
43722,-0.0727024,0.0221125,1.00396,0.0509768,0.0328474,-0.0815266,1.26175,4.14088,0.0985034,0.234507,1.23141,4.18239,1.23275,4.19397,669,1997,1.23252,4.19412,0,-176.622,-175.709
43742,-0.0772819,0.0208886,1.00457,-0.0100918,-0.0358551,0.0253437,1.19121,4.39818,0.0988054,0.234782,1.23765,4.20637,1.23649,4.2058,669,2000,1.23626,4.20597,0,-176.813,-175.876
43762,-0.073445,0.0221125,1.0081,0.00517464,0.00994658,-0.0433587,1.25658,4.16593,0.099031,0.233469,1.23301,4.21821,1.23407,4.21202,667,1998,1.23385,4.21221,0,-176.94,-175.999
43784,-0.074002,0.0202766,1.00725,-0.0177259,-0.0282214,-0.150229,1.15325,4.2011,0.098646,0.232554,1.22711,4.1969,1.23045,4.19951,669,1997,1.23023,4.19971,0,-176.968,-176.027
43804,-0.0753635,0.0230305,1.00688,0.020442,0.0939159,0.0482444,1.3103,4.2794,0.099009,0.232753,1.22643,4.214,1.22962,4.20879,668,1997,1.22939,4.20902,0,-176.802,-175.872
43824,-0.072393,0.0213169,1.00311,0.020442,-0.0205877,-0.0280915,1.2174,4.12688,0.0994026,0.232219,1.23029,4.21796,1.23181,4.21143,668,1997,1.23159,4.21168,0,-176.738,-175.808
43844,-0.0733832,0.0213781,1.00493,-0.0635271,-0.0511222,0.0100764,1.21868,4.17555,0.0994298,0.231578,1.2442,4.21141,1.2397,4.20784,668,1997,1.23949,4.20809,0,-176.606,-175.679
43864,-0.0741877,0.0185019,1.00706,-0.00245857,-0.0969236,-0.0967938,1.05253,4.21251,0.0988004,0.231411,1.22313,4.19989,1.22797,4.20112,668,1997,1.22774,4.20139,0,-176.474,-175.571
43886,-0.0743114,0.0190526,1.00627,0.0662441,-0.0511222,-0.0662594,1.0847,4.22277,0.0982627,0.230449,1.18287,4.18368,1.20362,4.19063,669,1997,1.2034,4.19091,0,-176.632,-175.732
43906,-0.0757967,0.0203378,1.00706,0.00517464,0.0557482,-0.0509923,1.15694,4.30338,0.0992822,0.230633,1.18232,4.19378,1.20079,4.19515,668,1997,1.20056,4.19544,0,-176.775,-175.869
43926,-0.0721455,0.0208274,1.00469,0.0280762,0.0023129,-0.112061,1.18758,4.1064,0.0988514,0.230984,1.18744,4.19455,1.20076,4.19518,669,1995,1.20054,4.19546,0,-176.687,-175.793
43946,-0.0736926,0.0191138,1.00432,-0.0406265,0.0862825,-0.0128243,1.09029,4.19581,0.0994587,0.231748,1.18632,4.19295,1.19847,4.19397,669,1997,1.19824,4.19425,0,-176.447,-175.577
43966,-0.0746827,0.0199706,1.00743,0.0662441,0.0633817,0.0329772,1.13565,4.23887,0.10115,0.232619,1.17149,4.1928,1.18857,4.19348,669,1997,1.18835,4.19379,0,-176.499,-175.631
43988,-0.0756729,0.0241932,1.00262,-0.00245857,0.116817,0.147481,1.38228,4.31497,0.101589,0.23349,1.19166,4.20966,1.19743,4.20285,668,1997,1.19721,4.20316,0,-176.464,-175.587
44008,-0.0720217,0.0237036,1.00451,-0.0329933,-0.0205877,-0.0204579,1.35177,4.09987,0.102334,0.234101,1.21362,4.21239,1.20911,4.20532,668,1999,1.2089,4.20561,0,-176.447,-175.565
44028,-0.0730118,0.0208274,1.00487,-0.00245857,-0.0205877,-0.0509923,1.18736,4.1548,0.102193,0.234025,1.21931,4.19841,1.21264,4.19759,668,1996,1.21245,4.19787,0,-176.561,-175.669
44048,-0.0731356,0.0175839,1.00749,-0.0253592,-0.0205877,-0.0204579,0.999892,4.1513,0.101472,0.234514,1.18527,4.19614,1.19303,4.19612,669,1997,1.19286,4.19642,0,-176.789,-175.897
44068,-0.0736307,0.0206438,1.00986,-0.0940619,-0.0434885,-0.0509923,1.17109,4.16928,0.101438,0.234698,1.16525,4.19112,1.17955,4.19289,669,1996,1.17938,4.19322,0,-176.88,-175.989
44090,-0.0748065,0.0242544,1.00457,0.0128088,0.0786488,-0.0357251,1.38309,4.25751,0.100885,0.236454,1.17908,4.20341,1.18459,4.1997,668,1997,1.18445,4.20004,0,-176.71,-175.828
44110,-0.076168,0.0233365,1.00682,-0.00245857,-0.00532055,0.0558779,1.32779,4.32514,0.100714,0.237905,1.20905,4.21634,1.20048,4.20761,668,1997,1.20035,4.20794,0,-176.52,-175.642
44130,-0.0739401,0.0229693,1.00432,0.0509768,0.0023129,-0.0509923,1.31015,4.20952,0.100741,0.236668,1.22891,4.21644,1.21241,4.20775,668,1997,1.21232,4.20811,0,-176.689,-175.786
44150,-0.0714028,0.0190526,1.00627,-0.0635271,0.0328474,-0.0433587,1.0847,4.05805,0.0997761,0.23731,1.2157,4.20241,1.20606,4.20069,668,1998,1.20599,4.20105,0,-176.915,-175.999
44170,-0.0727643,0.0199094,1.00512,-0.0253592,0.0939159,0.0558779,1.13477,4.13983,0.0995743,0.238135,1.19569,4.18893,1.19491,4.19295,668,1996,1.19487,4.19333,0,-176.751,-175.856
44192,-0.0731975,0.0230305,1.00615,-0.0100918,0.00994658,-0.0509923,1.31125,4.15986,0.0985785,0.237708,1.2066,4.19061,1.20022,4.19279,667,1997,1.20018,4.19317,0,-176.584,-175.699
44212,-0.0730118,0.0229693,1.00907,-0.101695,0.0252137,0.00244284,1.30399,4.13738,0.0984988,0.236899,1.22624,4.1862,1.21184,4.18912,669,1997,1.21179,4.18951,0,-176.574,-175.68
44232,-0.0751778,0.019175,1.00615,-0.0100918,0.00994658,-0.0433587,1.0918,4.27233,0.0978695,0.236808,1.21516,4.18631,1.20659,4.18813,667,1997,1.20658,4.18852,0,-176.643,-175.747
44252,-0.0737545,0.020705,1.00469,0.0815105,0.0557482,-0.0967938,1.1806,4.19767,0.0984005,0.238351,1.20906,4.20658,1.20381,4.19986,668,1996,1.20381,4.20025,0,-176.413,-175.542
44272,-0.0723311,0.0216841,1.00694,-0.0329933,0.0023129,-0.165496,1.23365,4.10769,0.0980307,0.238946,1.21022,4.20021,1.20451,4.19687,668,1996,1.2045,4.19727,0,-176.451,-175.578
44294,-0.0752397,0.0198482,1.00548,-0.0406265,0.0404809,-0.0738931,1.13087,4.27861,0.0975845,0.239069,1.20458,4.1911,1.20134,4.19121,668,2001,1.20133,4.1916,0,-176.659,-175.772
44314,-0.0743114,0.0215005,1.00743,0.00517464,0.0481145,-0.0357251,1.22262,4.21774,0.0978865,0.239802,1.21334,4.20588,1.20638,4.19944,669,1998,1.20639,4.19984,0,-176.626,-175.739
44334,-0.0736307,0.0203378,1.00633,0.0280762,-0.0663893,-0.0891602,1.15778,4.18387,0.098448,0.240352,1.2108,4.20374,1.20558,4.19872,669,1997,1.2056,4.19913,0,-176.722,-175.825
44353,-0.0725786,0.0206438,1.00347,0.05861,0.0404809,0.0482444,1.17854,4.13598,0.0982767,0.239956,1.19879,4.18905,1.19877,4.18997,669,1997,1.19881,4.19037,0,-176.653,-175.769
44373,-0.0735688,0.0216229,1.00402,-0.0329933,-0.0816565,-0.0586258,1.23375,4.18985,0.0981207,0.239086,1.19901,4.17121,1.19843,4.17838,669,1997,1.1985,4.17879,0,-176.612,-175.727
44395,-0.0726405,0.0227857,1.00499,-0.0635271,-0.0511222,0.0100764,1.29881,4.13307,0.0977509,0.238858,1.20534,4.17181,1.2016,4.17687,669,1997,1.20167,4.17729,0,-176.61,-175.718
44415,-0.0741877,0.0215617,1.00579,-0.0253592,-0.0129542,-0.0204579,1.2281,4.21758,0.0971674,0.237591,1.20794,4.17017,1.20304,4.17383,669,1997,1.20312,4.17425,0,-176.58,-175.696
44435,-0.0747446,0.0226633,1.00384,0.0738773,0.0328474,0.0177101,1.29333,4.25724,0.097622,0.237316,1.22205,4.18453,1.21167,4.18075,669,1997,1.21175,4.18118,0,-176.649,-175.752
44455,-0.0718979,0.0214393,1.00347,-0.0482597,0.00994658,-0.0433587,1.22395,4.09726,0.0974812,0.2375,1.22624,4.19029,1.21513,4.18401,667,1998,1.21522,4.18444,0,-176.655,-175.754
44475,-0.0743733,0.0213781,1.00244,-0.0100918,0.0252137,-0.0357251,1.22171,4.24218,0.097997,0.23689,1.22551,4.18867,1.21598,4.18284,669,1993,1.21609,4.18327,0,-176.775,-175.863
44497,-0.0731356,0.0224797,1.00153,0.0433426,-0.0282214,-0.0204579,1.28581,4.17552,0.0977798,0.23686,1.22863,4.19417,1.21874,4.1861,669,1997,1.21885,4.18653,0,-176.779,-175.859
44517,-0.0757348,0.0216229,1.00031,0.0128088,-0.0511222,-0.0357251,1.23833,4.32868,0.0978528,0.237135,1.23193,4.20334,1.22192,4.19176,669,1998,1.22205,4.19219,0,-176.555,-175.655
44537,-0.0722692,0.0219289,1.00451,-0.0100918,-0.0511222,-0.0738931,1.2506,4.11407,0.0970861,0.237227,1.2468,4.20561,1.23142,4.19411,669,1997,1.23153,4.19456,0,-176.551,-175.644
44557,-0.0746827,0.021011,1.00305,0.0662441,0.0404809,-0.0815266,1.20001,4.25722,0.0968384,0.237792,1.23426,4.19787,1.22607,4.19073,669,1997,1.2262,4.1912,0,-176.58,-175.673
44577,-0.0747446,0.0206438,1.00536,-0.0482597,0.0786488,0.0177101,1.17633,4.25101,0.0970641,0.23848,1.23019,4.19787,1.22484,4.19138,669,1997,1.22496,4.19186,0,-176.509,-175.607
44599,-0.0730737,0.0227245,1.00268,0.0433426,0.00994658,0.0100764,1.29831,4.16718,0.0962668,0.238648,1.23073,4.19425,1.22562,4.18975,666,1997,1.22575,4.19024,0,-176.723,-175.798
44619,-0.0743733,0.0208886,1.00992,-0.0864277,-0.00532055,-0.0204579,1.1849,4.21091,0.0953779,0.238847,1.23173,4.19727,1.22681,4.19168,668,1997,1.22694,4.19216,0,-176.794,-175.863
44639,-0.07295,0.020399,1.00499,0.020442,0.0252137,0.0253437,1.16281,4.15082,0.0949623,0.238802,1.22209,4.19367,1.2218,4.18995,669,1997,1.22191,4.19044,0,-176.852,-175.923
44659,-0.0728881,0.0208274,1.00627,0.05861,-0.0358551,0.00244284,1.18571,4.14203,0.0952796,0.238482,1.20595,4.17738,1.21287,4.1804,669,1997,1.213,4.18089,0,-176.785,-175.869
44679,-0.074002,0.0215617,1.00676,0.0433426,0.0710154,0.0482444,1.22692,4.20302,0.0956884,0.23836,1.20855,4.18007,1.21372,4.18081,668,1997,1.21381,4.18128,0,-176.714,-175.802
44701,-0.0744971,0.0208886,1.00749,-0.0940619,-0.0129542,-0.0433587,1.18776,4.22804,0.0958835,0.238681,1.20554,4.1904,1.21143,4.18625,668,1997,1.21152,4.18674,0,-176.736,-175.817
44721,-0.0738782,0.0197258,1.00633,-0.00245857,0.10155,0.0787787,1.12295,4.19794,0.0948878,0.239414,1.1882,4.19531,1.20027,4.18945,668,1997,1.20035,4.18995,0,-176.703,-175.797
44741,-0.0735688,0.0216229,1.00451,-0.0406265,-0.0740228,-0.00519073,1.23315,4.18782,0.0947928,0.240438,1.1943,4.18663,1.20212,4.18515,668,1997,1.20219,4.18566,0,-176.598,-175.702
44761,-0.0743114,0.0205826,1.00658,0.0357094,0.0328474,0.0864123,1.17143,4.22137,0.0955376,0.239583,1.21274,4.18454,1.21216,4.18314,668,1997,1.21224,4.18367,0,-176.455,-175.557
44781,-0.077777,0.0211334,1.00493,0.020442,0.0328474,0.0864123,1.20473,4.42462,0.0966792,0.239736,1.21731,4.21669,1.21531,4.20146,668,1997,1.21538,4.202,0,-176.409,-175.517
44803,-0.0763536,0.0221125,1.0056,0.0967779,0.0175803,0.0329772,1.25969,4.34099,0.0971186,0.239767,1.23414,4.22496,1.22549,4.20775,668,1997,1.22557,4.20829,0,-176.503,-175.599
44823,-0.075611,0.0222961,1.00463,-0.0406265,0.0252137,-0.0662594,1.27138,4.30306,0.0978328,0.240195,1.23113,4.23906,1.22497,4.21807,669,1998,1.22503,4.2186,0,-176.669,-175.755
44843,-0.0749303,0.0197258,1.00822,-0.0558939,0.0023129,-0.0280915,1.12085,4.24956,0.0982569,0.240272,1.22139,4.23528,1.22042,4.21853,668,1998,1.22046,4.21905,0,-176.687,-175.782
44863,-0.0736926,0.0212557,1.00341,0.0128088,0.0862825,0.0482444,1.21354,4.19944,0.0972306,0.241005,1.21283,4.2271,1.2151,4.21618,668,1997,1.21511,4.21669,0,-176.482,-175.599
44883,-0.0731356,0.0195422,1.00493,0.0509768,0.0175803,-0.0433587,1.11405,4.16167,0.0968608,0.241784,1.21496,4.23237,1.21592,4.22096,669,2001,1.21595,4.22145,0,-176.34,-175.46
44905,-0.0733832,0.0236425,1.00396,0.020442,0.0252137,0.0177101,1.34902,4.17937,0.0982315,0.242884,1.22504,4.23741,1.22219,4.22593,669,1997,1.22219,4.22639,0,-176.493,-175.59
44925,-0.0747446,0.0189302,1.00286,0.0433426,-0.0129542,-0.112061,1.0814,4.26168,0.0988693,0.242304,1.22427,4.24052,1.22261,4.22909,668,1997,1.22261,4.22954,0,-176.594,-175.687
44945,-0.074559,0.0210722,1.00542,-0.0482597,0.00994658,0.0177101,1.20066,4.24019,0.099324,0.242045,1.20372,4.24008,1.21103,4.23043,666,1997,1.21102,4.23086,0,-176.556,-175.661
44965,-0.0733213,0.0212557,1.00262,0.0509768,-0.0663893,0.0100764,1.2145,4.18164,0.0997023,0.242107,1.20351,4.24168,1.21007,4.233,668,1994,1.21005,4.23343,0,-176.753,-175.841
44985,-0.0733832,0.0203378,1.00603,-0.00245857,0.0023129,0.0253437,1.15813,4.17111,0.0993783,0.241802,1.20905,4.2363,1.21219,4.23135,669,1997,1.21214,4.23176,0,-176.705,-175.802
45007,-0.0748065,0.0222961,1.00487,-0.0253592,0.0557482,-0.0128243,1.27107,4.25642,0.0990085,0.241726,1.22458,4.22635,1.22057,4.22669,668,1998,1.22048,4.22707,0,-176.576,-175.678
45027,-0.0742495,0.0233977,1.0039,0.0738773,-0.0282214,-0.0357251,1.33514,4.22882,0.0992647,0.241345,1.23028,4.23096,1.22434,4.22962,669,2001,1.22427,4.22999,0,-176.61,-175.702
45047,-0.0709696,0.0227245,1.00226,0.0280762,-0.0663893,0.0787787,1.29886,4.04931,0.0999942,0.239849,1.23425,4.22155,1.22776,4.22447,669,1996,1.2277,4.22483,0,-176.655,-175.745
45067,-0.0741877,0.0213781,1.00512,-0.0711613,0.0786488,-0.0509923,1.21846,4.2204,0.0994412,0.240048,1.23662,4.21129,1.22982,4.21846,668,1997,1.22976,4.21879,0,-176.594,-175.689
45087,-0.0730737,0.0199706,1.00177,0.00517464,-0.0358551,-0.0357251,1.14206,4.17121,0.0998653,0.240079,1.21597,4.21842,1.21908,4.22215,669,2001,1.21902,4.22245,0,-176.516,-175.624
45109,-0.0746827,0.0225409,1.00256,0.05861,0.132084,0.0177101,1.28798,4.25914,0.100396,0.241408,1.22973,4.19918,1.2268,4.21128,669,1997,1.22674,4.21154,0,-176.61,-175.699
45129,-0.0769725,0.0226633,1.00481,-0.0406265,-0.0434885,-0.0662594,1.29207,4.37941,0.10021,0.241103,1.23078,4.23651,1.22775,4.23153,669,1996,1.2277,4.23178,0,-176.653,-175.739
45149,-0.0747446,0.0226021,1.0053,0.0357094,0.0252137,-0.0509923,1.28796,4.25109,0.0999315,0.241287,1.23206,4.22506,1.22892,4.226,668,1997,1.22886,4.22622,0,-176.557,-175.653
45169,-0.075611,0.0216841,1.00505,0.0280762,0.0328474,-0.0662594,1.23597,4.3013,0.100371,0.242157,1.21832,4.22596,1.22172,4.22701,668,1997,1.22167,4.22725,0,-176.58,-175.682
45189,-0.0739401,0.0240708,1.00341,0.020442,0.0252137,-0.0586258,1.3742,4.21323,0.100978,0.242432,1.226,4.21391,1.22589,4.2205,669,2001,1.22583,4.22073,0,-176.71,-175.797
45211,-0.0746208,0.0217453,1.00725,-0.0177259,0.0023129,-0.0738931,1.23676,4.23598,0.100822,0.241471,1.2412,4.20936,1.23493,4.2169,668,1996,1.23487,4.21712,0,-176.677,-175.754
45231,-0.0741258,0.0221125,1.00293,0.0433426,-0.0358551,-0.0128243,1.26305,4.226,0.101216,0.241395,1.24936,4.21157,1.24097,4.21742,669,2001,1.24088,4.21763,0,-176.62,-175.696
45251,-0.0730118,0.021011,1.00165,0.0509768,0.00994658,0.00244284,1.20168,4.1681,0.101289,0.241228,1.24219,4.20167,1.23825,4.21105,667,1997,1.23814,4.21121,0,-176.411,-175.503
45271,-0.0736307,0.0218677,1.0067,0.0662441,-0.0358551,-0.0967938,1.2444,4.18223,0.102491,0.240709,1.23568,4.20981,1.23585,4.21457,669,1997,1.23574,4.21471,0,-176.344,-175.451
45291,-0.0733832,0.0248052,1.00408,0.0280762,0.0023129,-0.0891602,1.41517,4.17875,0.103129,0.240847,1.24996,4.2105,1.2445,4.21462,669,2000,1.24437,4.21472,0,-176.52,-175.598
45312,-0.0743733,0.024744,1.00773,-0.0558939,0.0252137,-0.0357251,1.40657,4.21966,0.102118,0.241214,1.26801,4.21272,1.25546,4.21551,669,1999,1.25532,4.21561,0,-176.675,-175.721
45332,-0.0733213,0.0222961,1.00384,0.05861,0.00994658,-0.0433587,1.27238,4.17649,0.102054,0.241764,1.2762,4.21001,1.2623,4.21401,667,1997,1.26215,4.2141,0,-176.641,-175.687
45352,-0.0748684,0.0223573,1.00676,0.00517464,-0.0129542,-0.112061,1.27217,4.25197,0.102417,0.241551,1.27564,4.21525,1.26442,4.21637,669,1997,1.26425,4.21645,0,-176.584,-175.643
45372,-0.0738163,0.0219289,1.00171,-0.0482597,-0.0587556,-0.0586258,1.25409,4.21353,0.101772,0.240513,1.24762,4.21038,1.24982,4.21309,669,1997,1.24965,4.21315,0,-176.553,-175.629
45392,-0.0719598,0.0233365,1.00512,-0.0253592,0.0328474,-0.0433587,1.33004,4.09392,0.101555,0.24117,1.24471,4.20215,1.24829,4.20855,669,1997,1.24813,4.20858,0,-176.578,-175.65
45414,-0.0756729,0.0235201,1.0042,0.00517464,0.0252137,0.0177101,1.34171,4.30827,0.101598,0.241842,1.24977,4.2089,1.25123,4.2118,669,2000,1.25107,4.21177,0,-176.566,-175.635
45434,-0.0735688,0.0204602,1.00597,-0.0406265,-0.0358551,0.00244284,1.16517,4.18187,0.101686,0.240972,1.24582,4.20965,1.24952,4.21157,669,1999,1.24936,4.21153,0,-176.604,-175.669
45454,-0.0698557,0.0201542,1.00512,0.0280762,0.0023129,-0.0509923,1.14872,3.97488,0.101301,0.23998,1.23689,4.18614,1.24425,4.19747,669,1996,1.24408,4.19742,0,-176.443,-175.524
45474,-0.0743114,0.0226633,1.00499,-0.0635271,-0.0434885,0.0329772,1.29184,4.22781,0.101633,0.240439,1.24702,4.18762,1.24978,4.1968,669,1997,1.24958,4.19675,0,-176.516,-175.592
45494,-0.0731356,0.019481,1.00414,-0.0406265,-0.0892901,-0.112061,1.11144,4.16494,0.101065,0.239615,1.23752,4.20453,1.24432,4.20516,669,1997,1.2441,4.20509,0,-176.818,-175.881
45516,-0.0743114,0.0192974,1.00396,-0.0406265,-0.0129542,0.0558779,1.10116,4.23244,0.100146,0.239799,1.21811,4.20315,1.2324,4.20421,669,2001,1.23218,4.20414,0,-176.852,-175.918
45536,-0.0751159,0.0196646,1.00603,-0.0329933,-0.0663893,0.0177101,1.1198,4.2693,0.0994857,0.240425,1.21016,4.21439,1.22604,4.21078,669,1997,1.2258,4.2107,0,-176.616,-175.707
45556,-0.074559,0.0220513,1.00347,-0.0482597,0.0175803,0.0558779,1.25887,4.2483,0.099635,0.239952,1.21684,4.22164,1.22819,4.21525,668,1997,1.22794,4.21516,0,-176.407,-175.512
45576,-0.075054,0.0213169,1.00426,0.0738773,0.0633817,-0.0204579,1.216,4.27312,0.0990973,0.240792,1.2212,4.21125,1.22916,4.21018,669,1997,1.22892,4.21009,0,-176.464,-175.563
45596,-0.0775913,0.0224797,1.00457,0.0509768,0.0175803,-0.0662594,1.28192,4.41557,0.0995214,0.241541,1.23445,4.22424,1.23618,4.218,668,1997,1.23593,4.21789,0,-176.63,-175.708
45618,-0.0741258,0.0214393,1.00414,-0.0635271,0.0862825,-0.188397,1.22313,4.22096,0.0989531,0.241679,1.24787,4.23526,1.24392,4.22549,668,1997,1.24365,4.22538,0,-176.683,-175.747
45638,-0.0704746,0.0207662,1.00639,-0.0177259,0.0404809,-0.134962,1.18209,4.00485,0.0985528,0.240931,1.23837,4.21383,1.23912,4.21435,669,1997,1.23885,4.21424,0,-176.463,-175.553
45658,-0.070784,0.0204602,1.00542,0.0280762,0.0557482,-0.0280915,1.1658,4.02628,0.0995724,0.241939,1.22827,4.19719,1.234,4.20519,669,1995,1.23374,4.20508,0,-176.522,-175.609
45678,-0.0739401,0.0226633,1.00779,-0.0177259,-0.0282214,-0.00519073,1.28825,4.19512,0.0999202,0.242062,1.22221,4.20099,1.23003,4.20636,669,1997,1.22978,4.20623,0,-176.445,-175.534
45698,-0.0710934,0.0209498,1.0067,0.0738773,-0.0511222,-0.0967938,1.19217,4.03867,0.100008,0.240765,1.22571,4.18782,1.23129,4.19769,669,1997,1.23103,4.19755,0,-176.338,-175.438
45720,-0.0762917,0.024744,1.00463,-0.0558939,0.0710154,-0.0815266,1.41091,4.34141,0.10057,0.241712,1.23068,4.19875,1.2336,4.20271,669,1997,1.23334,4.20257,0,-176.673,-175.748
45740,-0.074559,0.0218677,1.00293,0.0128088,-0.0282214,0.0253437,1.24908,4.25063,0.100139,0.242491,1.23783,4.21876,1.23745,4.21405,668,1997,1.2372,4.21392,0,-176.781,-175.847
45760,-0.0710934,0.0225409,1.00621,-0.0406265,0.0481145,-0.0433587,1.28331,4.04048,0.100395,0.242781,1.24177,4.20843,1.23994,4.20894,668,2000,1.23964,4.2088,0,-176.616,-175.695
45780,-0.0746827,0.0224797,1.00256,0.104412,0.0175803,-0.17313,1.28449,4.25914,0.100361,0.243637,1.244,4.20875,1.24152,4.20918,668,1997,1.24122,4.20904,0,-176.566,-175.64
45800,-0.0733213,0.0231529,1.00493,-0.00245857,0.116817,-0.0280915,1.31982,4.17188,0.100984,0.243881,1.25125,4.20837,1.24644,4.20881,668,1997,1.24616,4.20868,0,-176.529,-175.597
45822,-0.0738782,0.0216229,1.00505,-0.13223,0.0328474,-0.0357251,1.23248,4.20309,0.100355,0.24347,1.24552,4.20757,1.24377,4.2079,669,1997,1.24348,4.20779,0,-176.596,-175.665
45842,-0.0717123,0.019787,1.00487,0.0815105,-0.0205877,-0.0586258,1.12807,4.08118,0.0990688,0.243455,1.23505,4.19366,1.2377,4.19982,668,1999,1.2374,4.19974,0,-176.805,-175.868
45862,-0.0754253,0.0219289,1.00694,0.05861,0.0557482,0.101679,1.24758,4.28275,0.0993249,0.243669,1.2302,4.1996,1.23478,4.20227,668,1997,1.23448,4.20218,0,-176.777,-175.848
45882,-0.0742495,0.0248664,1.00554,0.0357094,-0.0205877,-0.0509923,1.4166,4.22179,0.10036,0.243944,1.25086,4.20228,1.24657,4.20339,668,1997,1.24627,4.20333,0,-176.779,-175.837
45902,-0.0732594,0.0214393,1.0056,0.020442,0.00994658,-0.0586258,1.22135,4.16576,0.10083,0.243884,1.24509,4.2057,1.24436,4.20507,667,1995,1.24405,4.205,0,-176.779,-175.84
45924,-0.0754253,0.021011,1.00293,0.0738773,-0.0129542,0.0558779,1.20015,4.29991,0.101147,0.244159,1.2476,4.20406,1.24617,4.20405,668,1997,1.24586,4.204,0,-176.846,-175.897
45944,-0.0748684,0.0206438,1.00554,-0.00245857,0.0481145,0.0253437,1.17612,4.25725,0.101296,0.244312,1.23647,4.21606,1.24032,4.21086,668,1997,1.23998,4.21082,0,-176.794,-175.856
45964,-0.0753635,0.0218677,1.0067,-0.0100918,0.109183,-0.0280915,1.2444,4.28029,0.101751,0.246144,1.25033,4.22603,1.24833,4.21793,669,1997,1.24798,4.21791,0,-176.657,-175.724
45984,-0.0740639,0.0215005,1.00512,-0.0329933,0.0023129,0.0635116,1.22543,4.21337,0.10074,0.246221,1.25032,4.22908,1.24852,4.22077,669,1996,1.24815,4.22076,0,-176.774,-175.828
46004,-0.0746208,0.0205826,1.00493,0.0357094,0.0252137,0.101679,1.17334,4.24579,0.100538,0.245977,1.24872,4.23328,1.24811,4.22415,668,1997,1.24774,4.22414,0,-176.798,-175.85
46026,-0.0751778,0.0230917,1.00603,-0.0100918,0.0710154,0.0100764,1.3149,4.2725,0.0998629,0.246207,1.2444,4.223,1.24569,4.21947,668,2001,1.24532,4.21947,0,-176.445,-175.527
46046,-0.0741877,0.0217453,1.00475,0.020442,-0.0205877,-0.127328,1.23983,4.22189,0.0992793,0.246726,1.24466,4.23487,1.2458,4.2271,669,1996,1.24543,4.22712,0,-176.259,-175.36
46066,-0.0738782,0.0213169,1.00554,0.00517464,-0.142725,-0.0204579,1.21446,4.20109,0.0985889,0.245918,1.24975,4.23021,1.24867,4.22526,668,1997,1.2483,4.22526,0,-176.468,-175.55
46086,-0.0735069,0.0211334,1.00718,-0.0711613,-0.112191,-0.0128243,1.20204,4.17328,0.0971047,0.24543,1.23569,4.21677,1.24036,4.21806,668,1997,1.24001,4.21806,0,-176.562,-175.639
46106,-0.072393,0.0206438,1.00451,-0.0482597,-0.0282214,0.109313,1.17733,4.12121,0.0972234,0.244453,1.2314,4.20849,1.23762,4.21293,668,1996,1.23724,4.21294,0,-176.447,-175.533
46128,-0.0739401,0.021011,1.00445,-0.0406265,-0.0358551,-0.112061,1.19834,4.20919,0.0977239,0.244133,1.22722,4.20362,1.23478,4.20937,668,1996,1.23439,4.20939,0,-176.351,-175.449
46148,-0.0737545,0.0235813,1.00426,0.119678,-0.0663893,0.0558779,1.34512,4.19918,0.0979342,0.243492,1.23353,4.19349,1.23771,4.2026,668,1997,1.23732,4.20258,0,-176.409,-175.497
46168,-0.0748065,0.0211946,1.00816,-0.0100918,0.0252137,-0.157863,1.20435,4.2427,0.0980225,0.244348,1.24693,4.19814,1.24531,4.20425,669,1996,1.24494,4.20421,0,-176.509,-175.587
46188,-0.0756729,0.0215005,1.0067,-0.0253592,-0.0358551,-0.112061,1.22351,4.29783,0.0982787,0.243646,1.25358,4.20904,1.24975,4.20941,669,1997,1.24935,4.20935,0,-176.707,-175.767
46208,-0.0741258,0.0203378,1.00652,-0.0253592,0.00994658,0.0635116,1.15757,4.21114,0.0984738,0.243692,1.26246,4.20426,1.25592,4.20654,667,1997,1.25551,4.20648,0,-176.811,-175.857
46230,-0.0717123,0.0223573,1.00372,0.020442,0.0557482,0.0253437,1.27603,4.08564,0.0988521,0.244502,1.25884,4.20436,1.25497,4.2069,669,1997,1.25456,4.20685,0,-176.586,-175.654
46249,-0.0739401,0.0213169,1.00043,0.0357094,0.139718,-0.127328,1.22066,4.22599,0.099322,0.245113,1.26481,4.19867,1.25957,4.20323,669,1997,1.25913,4.2032,0,-176.403,-175.478
46269,-0.0742495,0.0200318,1.00749,-0.00245857,-0.00532055,-0.104427,1.13906,4.21411,0.0989369,0.246167,1.24997,4.2049,1.25191,4.20659,669,1997,1.25144,4.20657,0,-176.468,-175.545
46289,-0.0731975,0.0205214,1.00633,-0.0406265,-0.0205877,-0.0586258,1.16823,4.15933,0.0991778,0.246533,1.24233,4.21316,1.24763,4.21129,669,1997,1.24715,4.21128,0,-176.622,-175.693
46309,-0.0721455,0.0220513,1.007,0.0128088,0.0939159,-0.112061,1.25446,4.09691,0.0982584,0.247129,1.23185,4.20152,1.24082,4.20493,669,1997,1.24034,4.20495,0,-176.524,-175.61
46331,-0.0738782,0.0215617,1.00311,0.0357094,0.0252137,0.0406108,1.23138,4.21122,0.0985604,0.24745,1.23194,4.1964,1.24004,4.20139,669,1997,1.23957,4.20141,0,-176.44,-175.53
46351,-0.0740639,0.0229081,1.00366,0.00517464,-0.0358551,-0.0662594,1.30753,4.21935,0.098496,0.248046,1.24281,4.20838,1.24538,4.20766,669,1997,1.2449,4.20767,0,-176.533,-175.604
46371,-0.0742495,0.0225409,1.00512,0.0662441,-0.0434885,-0.104427,1.28471,4.2238,0.0973628,0.247268,1.24573,4.20372,1.24651,4.20448,669,1997,1.24603,4.20449,0,-176.604,-175.678
46391,-0.075054,0.0223573,1.00481,0.0280762,-0.0205877,-0.0128243,1.27463,4.2707,0.0977564,0.247024,1.25079,4.20348,1.24969,4.20383,669,1997,1.24918,4.20383,0,-176.616,-175.695
46411,-0.0732594,0.0215617,1.00694,-0.0482597,-0.00532055,-0.0662594,1.22669,4.16024,0.0978293,0.247681,1.24411,4.20375,1.24633,4.20407,669,1997,1.24581,4.20406,0,-176.622,-175.699
46433,-0.0749922,0.0233977,1.00615,-0.00245857,-0.0282214,-0.0586258,1.33215,4.26144,0.0984061,0.247315,1.23988,4.20582,1.2439,4.20472,669,1997,1.24336,4.20475,0,-176.576,-175.65
46453,-0.0738782,0.0213169,1.007,-0.0558939,0.0252137,-0.119695,1.2127,4.19502,0.0987844,0.248033,1.24021,4.20589,1.24412,4.20497,669,1995,1.24358,4.205,0,-176.472,-175.552
46473,-0.0748065,0.019481,1.00353,0.0815105,-0.112191,-0.0662594,1.11211,4.26232,0.0991933,0.247377,1.23725,4.21074,1.24247,4.20733,668,1997,1.24195,4.20737,0,-176.543,-175.618
46493,-0.0733832,0.0203378,1.00524,-0.0177259,-0.0358551,-0.0357251,1.15904,4.17438,0.0992815,0.246721,1.23832,4.21395,1.24264,4.20915,669,1997,1.24212,4.20921,0,-176.478,-175.555
46513,-0.0731356,0.0216841,1.00542,-0.0558939,0.0404809,-0.0662594,1.23552,4.15948,0.0988201,0.247103,1.24183,4.21012,1.24398,4.20746,668,1997,1.24348,4.20753,0,-176.461,-175.552
46535,-0.0742495,0.0222961,1.00585,0.00517464,-0.0587556,-0.180763,1.26984,4.22077,0.0993053,0.247501,1.25279,4.21165,1.2504,4.20855,669,1997,1.24988,4.20863,0,-176.553,-175.633
46555,-0.0743733,0.0218065,1.00554,-0.0635271,-0.0205877,-0.00519073,1.24234,4.2291,0.0993478,0.248066,1.25089,4.20745,1.2497,4.20651,668,1997,1.24918,4.20661,0,-176.44,-175.522
46575,-0.0741877,0.0211334,1.0056,-0.0482597,0.0481145,-0.0738931,1.20393,4.21839,0.0991765,0.248937,1.24828,4.20772,1.24852,4.20701,668,1997,1.24802,4.20711,0,-176.522,-175.601
46595,-0.07295,0.0205214,1.00542,0.020442,0.0786488,0.0253437,1.16929,4.14906,0.0992494,0.250006,1.23417,4.212,1.24066,4.20996,669,1997,1.24018,4.21006,0,-176.559,-175.643
46615,-0.0749922,0.0214393,1.00579,-0.0864277,-0.00532055,-0.0204579,1.22113,4.26316,0.0989254,0.250022,1.23922,4.20918,1.24282,4.20827,668,2001,1.24232,4.2084,0,-176.547,-175.625
46637,-0.0728881,0.0213781,1.0056,-0.0787945,-0.0358551,-0.0738931,1.21787,4.14473,0.0986625,0.249778,1.23743,4.1998,1.24138,4.20272,668,1995,1.24088,4.20286,0,-176.714,-175.784
46657,-0.0741258,0.0211946,1.00165,-0.00245857,0.0710154,0.0711452,1.21218,4.23145,0.0979569,0.249916,1.23597,4.19645,1.23991,4.2002,669,1997,1.23941,4.20032,0,-176.707,-175.773
46677,-0.0743733,0.0214393,1.00396,-0.0100918,-0.0205877,-0.127328,1.22335,4.23577,0.0980909,0.249672,1.23058,4.19158,1.23643,4.1965,668,1997,1.23595,4.19665,0,-176.645,-175.72
46697,-0.0736307,0.0208274,1.00426,0.020442,0.0862825,-0.0586258,1.18808,4.19241,0.09766,0.249596,1.2304,4.19979,1.23546,4.20034,668,1997,1.23494,4.20048,0,-176.818,-175.882
46717,-0.0730118,0.0219901,1.00451,0.020442,-0.0358551,-0.0967938,1.25409,4.1562,0.0979467,0.250421,1.23761,4.20479,1.2392,4.20324,668,1997,1.2387,4.20338,0,-176.708,-175.772
46739,-0.073445,0.0245604,1.00518,-0.0329933,-0.0816565,0.0635116,1.39968,4.17775,0.0973174,0.251032,1.24929,4.20628,1.24554,4.2043,668,1997,1.24502,4.20445,0,-176.57,-175.637
46759,-0.0728881,0.0224797,1.00798,-0.0177259,-0.00532055,0.0100764,1.27759,4.13491,0.0965965,0.251948,1.2543,4.20954,1.24887,4.20664,669,1997,1.24832,4.20679,0,-176.683,-175.748
46779,-0.0738163,0.0224797,1.00311,0.00517464,0.0252137,0.00244284,1.28379,4.20762,0.096303,0.252651,1.25398,4.20144,1.24933,4.20227,669,1998,1.24878,4.20243,0,-176.685,-175.752
46799,-0.0739401,0.0243156,1.00554,0.0738773,0.0404809,-0.0128243,1.38523,4.20431,0.0964371,0.252911,1.27052,4.20681,1.25976,4.20514,669,1997,1.25924,4.20532,0,-176.681,-175.735
46819,-0.0753016,0.0217453,1.00463,-0.0558939,-0.0587556,-0.0967938,1.23998,4.28557,0.0950138,0.252301,1.2683,4.21143,1.25972,4.20744,669,1996,1.25921,4.20764,0,-176.785,-175.838
46841,-0.0728262,0.0197258,1.0028,0.00517464,0.0404809,0.0329772,1.1269,4.15288,0.094354,0.252225,1.25813,4.20252,1.25521,4.20271,668,1997,1.25471,4.20294,0,-176.785,-175.838
46861,-0.0743733,0.0205214,1.00299,-0.0482597,0.0175803,-0.00519073,1.17212,4.23994,0.0937094,0.252943,1.24721,4.20365,1.24919,4.20327,669,1997,1.24869,4.2035,0,-176.75,-175.804
46881,-0.074002,0.0222349,1.00353,0.0128088,0.0404809,-0.0433587,1.26927,4.21641,0.0936144,0.253203,1.25395,4.20774,1.25302,4.20561,668,1997,1.2525,4.20584,0,-176.718,-175.774
46901,-0.0739401,0.0213169,1.00493,0.0357094,0.0557482,-0.0357251,1.21519,4.20713,0.094298,0.254456,1.26225,4.20248,1.25875,4.20319,668,1997,1.25824,4.20344,0,-176.659,-175.717
46921,-0.0726405,0.0227857,1.00792,-0.0329933,-0.00532055,0.0100764,1.29505,4.12114,0.0937145,0.254639,1.2608,4.1948,1.25848,4.19853,669,1997,1.25794,4.19875,0,-176.712,-175.762
46943,-0.0754872,0.0219901,1.00116,-0.0177259,0.0175803,0.0177101,1.25828,4.31089,0.0940165,0.254945,1.25274,4.20764,1.25466,4.20511,669,1997,1.25414,4.20534,0,-176.75,-175.8
46963,-0.0744352,0.0227857,1.00773,0.0509768,-0.0358551,0.0177101,1.29529,4.22335,0.0932956,0.255633,1.26058,4.21037,1.25908,4.20705,668,1997,1.25858,4.2073,0,-176.848,-175.885
46983,-0.0758585,0.0222349,1.00475,-0.109328,0.0175803,-0.0815266,1.26774,4.31658,0.0928647,0.25577,1.25659,4.22013,1.25723,4.21284,668,1997,1.25671,4.21311,0,-176.899,-175.932
47003,-0.0740639,0.0222961,1.00603,-0.0100918,0.0481145,-0.0280915,1.26961,4.20949,0.0915331,0.256504,1.25676,4.21906,1.25719,4.21322,668,2001,1.25667,4.21349,0,-176.643,-175.699
47023,-0.0744971,0.0200318,1.00493,-0.101695,0.0710154,0.0253437,1.14195,4.23882,0.0909954,0.257115,1.24856,4.21442,1.25261,4.21122,668,1997,1.2521,4.2115,0,-176.472,-175.545
47045,-0.0749303,0.0238872,1.00402,-0.0329933,-0.0205877,-0.104427,1.3629,4.26688,0.0902134,0.257589,1.26339,4.20993,1.26072,4.20886,669,1997,1.26019,4.20916,0,-176.363,-175.433
47065,-0.0733832,0.0240708,1.00743,0.00517464,-0.0129542,-0.112061,1.36873,4.165,0.0898894,0.257757,1.26819,4.21731,1.26415,4.2133,668,1996,1.26364,4.21361,0,-176.478,-175.538
47085,-0.0742495,0.0222349,1.00481,-0.0253592,-0.0434885,-0.0357251,1.26766,4.2251,0.0893669,0.256368,1.26542,4.22059,1.26343,4.21496,669,1997,1.26289,4.21526,0,-176.72,-175.77
47105,-0.0753635,0.0216841,1.00585,-0.101695,-0.0663893,0.0864123,1.235,4.28391,0.0882796,0.256521,1.25555,4.23766,1.2581,4.22559,668,2001,1.25756,4.22588,0,-176.655,-175.718
47125,-0.0720217,0.0215005,1.00694,-0.0177259,-0.0358551,-0.112061,1.22321,4.0902,0.0873754,0.256339,1.24518,4.23421,1.25189,4.22516,669,1996,1.25137,4.22545,0,-176.61,-175.68
47147,-0.0753635,0.0208886,1.00432,0.0662441,-0.0969236,-0.104427,1.1915,4.29045,0.0870973,0.256446,1.23089,4.23993,1.24303,4.22952,669,1997,1.2425,4.22979,0,-176.608,-175.679
47167,-0.0751159,0.0201542,1.00536,-0.0253592,-0.0205877,-0.0357251,1.14844,4.27209,0.0876588,0.256675,1.2269,4.24184,1.2399,4.23196,669,1997,1.23936,4.23223,0,-176.649,-175.715
47186,-0.0764155,0.0210722,1.00566,0.00517464,0.00994658,-0.0357251,1.20037,4.34433,0.0877012,0.256661,1.22622,4.23584,1.23826,4.22974,667,2001,1.23773,4.23002,0,-176.746,-175.809
47206,-0.0743733,0.0237648,1.00706,0.020442,-0.0205877,-0.0280915,1.35182,4.22255,0.087133,0.257363,1.24572,4.22815,1.24806,4.22637,669,1997,1.24754,4.22664,0,-176.574,-175.643
47226,-0.0742495,0.0224797,1.00779,0.0357094,0.0557482,-0.0815266,1.27782,4.21263,0.0876334,0.257852,1.2572,4.2246,1.255,4.22496,669,1998,1.25447,4.22525,0,-176.472,-175.542
47248,-0.0756729,0.0228469,1.00585,-0.0558939,0.10155,-0.104427,1.3012,4.30133,0.0870957,0.258891,1.25448,4.23511,1.25376,4.23156,669,1997,1.25324,4.23183,0,-176.58,-175.651
47268,-0.0727643,0.0227245,1.00426,-0.0482597,-0.0129542,-0.119695,1.29627,4.14309,0.0852603,0.259059,1.25157,4.23343,1.25165,4.2314,669,1997,1.25112,4.23166,0,-176.624,-175.691
47288,-0.0728881,0.0230305,1.00901,0.0357094,-0.0434885,0.0406108,1.30754,4.13064,0.0848294,0.257884,1.24967,4.22401,1.25068,4.22595,669,1998,1.25017,4.22621,0,-176.675,-175.734
47308,-0.0744352,0.0210722,1.00536,0.0433426,0.0633817,0.00244284,1.20073,4.23344,0.0859558,0.258663,1.23857,4.22438,1.24498,4.22632,669,2001,1.24446,4.22658,0,-176.576,-175.654
47328,-0.0742495,0.0205826,1.00499,0.0280762,-0.0434885,0.0558779,1.17327,4.22448,0.0863647,0.259549,1.23083,4.22722,1.2401,4.22824,669,1997,1.23959,4.22846,0,-176.582,-175.667
47350,-0.0732594,0.0224797,1.00372,-0.0253592,-0.0282214,0.00244284,1.28301,4.17347,0.0873231,0.259672,1.23764,4.22386,1.24352,4.22639,669,1997,1.24301,4.22658,0,-176.405,-175.497
47370,-0.0736307,0.019787,1.00201,0.020442,-0.0205877,-0.0280915,1.13129,4.20189,0.0876098,0.259779,1.231,4.20408,1.23941,4.2146,669,1998,1.23891,4.21479,0,-176.449,-175.55
47390,-0.0736307,0.0209498,1.00426,-0.0406265,0.0328474,-0.0433587,1.19506,4.1924,0.0877897,0.259459,1.2219,4.19078,1.23327,4.20538,669,1997,1.23276,4.20558,0,-176.82,-175.895
47410,-0.0733832,0.0222961,1.00469,0.00517464,-0.0511222,-0.0586258,1.2713,4.17648,0.0879237,0.25923,1.22654,4.18572,1.23458,4.20035,669,1997,1.23409,4.20053,0,-176.878,-175.937
47430,-0.074002,0.0205214,1.00311,-0.0558939,0.00994658,0.0253437,1.17198,4.21834,0.0877218,0.259002,1.22719,4.18558,1.23381,4.19823,666,2001,1.23332,4.19838,0,-176.539,-175.626
47452,-0.0717741,0.0205826,1.00293,-0.0329933,0.0710154,-0.0815266,1.17569,4.09252,0.0873521,0.259033,1.22033,4.18397,1.2288,4.19577,668,1997,1.22831,4.19591,0,-176.612,-175.702
47472,-0.0748684,0.0210722,1.007,0.0509768,0.0328474,-0.0357251,1.19878,4.25106,0.0874403,0.258682,1.22061,4.19144,1.22786,4.1981,668,1997,1.22739,4.19826,0,-176.645,-175.73
47492,-0.074002,0.0233365,1.00712,0.0433426,-0.0816565,-0.0586258,1.32739,4.20133,0.0878186,0.258133,1.22701,4.19417,1.23063,4.19832,668,1997,1.23016,4.19848,0,-176.59,-175.669
47512,-0.0736926,0.0233365,1.00512,0.0509768,0.0786488,-0.0662594,1.33004,4.19215,0.088716,0.257614,1.24141,4.19343,1.23887,4.1968,669,1997,1.23843,4.19695,0,-176.568,-175.645
47532,-0.0739401,0.0216841,1.00372,-0.0177259,-0.0816565,-0.0280915,1.23762,4.21218,0.0893691,0.258042,1.2454,4.19252,1.24177,4.19568,668,1998,1.24134,4.19582,0,-176.647,-175.72
47554,-0.074002,0.0216841,1.00542,0.0433426,0.0404809,0.0253437,1.23552,4.20858,0.0901444,0.259478,1.2293,4.19415,1.2331,4.19627,668,1998,1.23268,4.19643,0,-176.807,-175.867
47574,-0.0767249,0.0217453,1.00542,-0.0100918,0.0175803,-0.0128243,1.23901,4.36284,0.0902937,0.259188,1.23047,4.20836,1.2334,4.20353,669,1997,1.23297,4.20367,0,-176.608,-175.681
47594,-0.074559,0.0223573,1.00658,0.157846,-0.0511222,-0.0433587,1.2724,4.23523,0.0907636,0.259174,1.23711,4.21546,1.23688,4.20793,668,1997,1.23649,4.20807,0,-176.44,-175.526
47614,-0.071836,0.0221737,1.00274,0.020442,-0.0129542,-0.00519073,1.26678,4.09665,0.0916152,0.259006,1.2374,4.20997,1.23726,4.20546,669,1997,1.23689,4.20561,0,-176.677,-175.755
47634,-0.0753635,0.0197258,1.00366,-0.0711613,0.0786488,0.0406108,1.12594,4.2934,0.0917187,0.259587,1.23292,4.22142,1.23463,4.2124,668,1997,1.23426,4.21254,0,-176.751,-175.834
47656,-0.0736307,0.0206438,1.00615,-0.0329933,0.0023129,-0.00519073,1.17541,4.1846,0.0913031,0.259496,1.2338,4.219,1.23459,4.21199,668,1997,1.23422,4.21213,0,-176.602,-175.685
47676,-0.0721455,0.0209498,1.00676,-0.0482597,0.0023129,-0.0204579,1.1921,4.09799,0.091605,0.259801,1.22721,4.21279,1.23074,4.20922,668,1997,1.23037,4.20939,0,-176.554,-175.643
47696,-0.0727643,0.0224797,1.00852,-0.0635271,-0.0205877,-0.00519073,1.27689,4.12568,0.0907772,0.259787,1.22949,4.19809,1.23088,4.20077,668,1997,1.23056,4.20093,0,-176.592,-175.678
47716,-0.0730737,0.0242544,1.00293,-0.0864277,0.0633817,-0.0280915,1.38535,4.16603,0.0895983,0.260001,1.23848,4.20269,1.23502,4.20298,669,1997,1.23472,4.20314,0,-176.596,-175.675
47736,-0.0731356,0.0212557,1.00244,-0.0253592,-0.0358551,-0.119695,1.21472,4.17184,0.0891827,0.259757,1.23459,4.19902,1.23304,4.20044,668,1996,1.23274,4.2006,0,-176.537,-175.619
47758,-0.0712172,0.0225409,1.00359,-0.0329933,0.0252137,-0.0280915,1.28666,4.05801,0.0887976,0.259574,1.23739,4.1959,1.23444,4.19818,669,1996,1.23417,4.19835,0,-176.476,-175.56
47778,-0.0733832,0.0232141,1.00743,-0.0100918,-0.0740228,-0.0586258,1.32003,4.16508,0.0886721,0.259849,1.2517,4.19592,1.24294,4.19765,668,2001,1.24268,4.19782,0,-176.582,-175.648
47798,-0.0746827,0.0216229,1.00305,-0.0482597,-0.0282214,0.00244284,1.23495,4.25716,0.0883939,0.259942,1.24699,4.19173,1.24119,4.19463,668,2000,1.24093,4.19483,0,-176.576,-175.642
47818,-0.0738163,0.0205826,1.0056,-0.0100918,0.0633817,-0.112061,1.17256,4.19739,0.0886043,0.259896,1.22966,4.18826,1.23191,4.19184,669,1996,1.23167,4.19201,0,-176.449,-175.543
47838,-0.0749303,0.0230917,1.00591,0.05861,0.10155,-0.0586258,1.31506,4.25899,0.0891658,0.260462,1.22525,4.20128,1.22907,4.19872,668,1997,1.22886,4.19889,0,-176.492,-175.59
47860,-0.0763536,0.0238872,1.00366,-0.0177259,0.0404809,0.00244284,1.3634,4.3492,0.0893457,0.260325,1.24159,4.20168,1.23791,4.19863,669,1996,1.23771,4.19881,0,-176.559,-175.636
47880,-0.0736926,0.0227245,1.00712,-0.00245857,-0.0587556,0.0177101,1.29259,4.18389,0.089785,0.259898,1.26015,4.21707,1.24938,4.20758,668,2001,1.24917,4.20777,0,-176.561,-175.631
47900,-0.0738163,0.0217453,1.00664,0.020442,0.00994658,-0.127328,1.23751,4.193,0.0899343,0.258631,1.24895,4.2089,1.24442,4.20322,666,1997,1.24423,4.20345,0,-176.426,-175.512
47920,-0.0717123,0.0221125,1.00615,0.0662441,-0.0511222,-0.0433587,1.25901,4.07582,0.0905111,0.258799,1.2476,4.20628,1.24446,4.20222,668,1997,1.2443,4.20247,0,-176.551,-175.624
47940,-0.0741258,0.0226633,1.00396,0.0815105,0.0023129,-0.119695,1.29317,4.22161,0.0905535,0.25709,1.24462,4.19304,1.24301,4.19386,668,1996,1.24285,4.19412,0,-176.507,-175.583
47962,-0.0743733,0.0227245,1.00341,0.0662441,0.00994658,0.0100764,1.29737,4.23795,0.0909471,0.257258,1.25805,4.1995,1.25123,4.1972,666,1997,1.25108,4.19747,0,-176.699,-175.754
47982,-0.0712172,0.0224797,1.00658,-0.00245857,0.0175803,-0.0433587,1.27936,4.04604,0.0907605,0.258083,1.2638,4.19538,1.25554,4.19534,668,1997,1.2554,4.19561,0,-176.904,-175.941
48002,-0.0738782,0.0209498,1.00572,-0.0558939,0.0175803,-0.0967938,1.19333,4.20036,0.0905282,0.258679,1.2563,4.19377,1.25241,4.19414,669,1997,1.25229,4.19442,0,-176.779,-175.828
48022,-0.075611,0.0216841,1.0039,0.0891447,-0.0282214,-0.0128243,1.23739,4.30623,0.0902958,0.258558,1.24263,4.21053,1.24512,4.20335,669,1997,1.245,4.20363,0,-176.679,-175.741
48042,-0.0733213,0.0207662,1.00603,0.00517464,-0.0663893,-0.104427,1.18252,4.16757,0.0915138,0.257398,1.2397,4.22016,1.24385,4.20938,669,1997,1.24371,4.20965,0,-176.578,-175.651
48064,-0.07295,0.0216229,1.00579,-0.0711613,-0.00532055,0.0482444,1.23159,4.14746,0.0907318,0.258467,1.24496,4.2109,1.24628,4.20576,668,2001,1.24613,4.20602,0,-176.608,-175.668
48084,-0.0714647,0.0214393,1.00195,0.00517464,0.0328474,0.0482444,1.2258,4.07881,0.0916597,0.258773,1.24543,4.20561,1.24691,4.20345,669,1997,1.24677,4.2037,0,-176.449,-175.526
48104,-0.0736926,0.0188078,1.00548,0.14258,0.0939159,-0.0280915,1.07161,4.19103,0.0935953,0.258895,1.23711,4.19877,1.243,4.19954,669,1997,1.24287,4.1998,0,-176.651,-175.719
48123,-0.0738163,0.0210722,1.00317,0.0509768,-0.0205877,-0.0357251,1.20336,4.2075,0.0948591,0.259873,1.23333,4.20677,1.24059,4.20433,669,1997,1.24046,4.20458,0,-176.809,-175.862
48143,-0.0748065,0.020705,1.00293,-0.0635271,-0.104557,-0.134962,1.18268,4.26479,0.0942756,0.258789,1.22737,4.2023,1.23597,4.20133,669,1997,1.23584,4.20158,0,-176.58,-175.659
48165,-0.0730118,0.0215617,1.0039,0.0815105,-0.0282214,-0.104427,1.23041,4.15875,0.0945012,0.258637,1.23021,4.19811,1.23656,4.19896,669,1998,1.23642,4.19922,0,-176.382,-175.479
48185,-0.0736307,0.0211334,1.0095,0.0357094,0.0710154,-0.0128243,1.19929,4.17074,0.0945283,0.259416,1.23584,4.19423,1.23894,4.19656,669,1997,1.23882,4.19681,0,-176.407,-175.501
48205,-0.0728262,0.0214393,1.0056,-0.0635271,0.10155,0.0100764,1.22135,4.14122,0.0949525,0.260165,1.23085,4.19124,1.2357,4.19466,669,1997,1.23558,4.19491,0,-176.716,-175.791
48225,-0.0743114,0.020705,1.00493,0.020442,0.0328474,0.00244284,1.18032,4.22824,0.0951476,0.261356,1.22887,4.19279,1.23386,4.19537,669,1997,1.23375,4.19562,0,-176.75,-175.822
48245,-0.0753635,0.0232141,1.00493,0.020442,0.0862825,-0.0204579,1.3233,4.28764,0.0954801,0.263158,1.23879,4.18822,1.23893,4.19283,669,1997,1.23884,4.1931,0,-176.344,-175.441
48267,-0.0746827,0.0233977,1.00597,-0.0100918,-0.00532055,-0.0433587,1.33239,4.24469,0.095782,0.265006,1.25642,4.19584,1.24921,4.1971,669,1997,1.24911,4.19736,0,-176.257,-175.354
48287,-0.0759204,0.0224797,1.00353,0.0128088,0.0404809,0.0787787,1.28324,4.32528,0.0955344,0.265464,1.26332,4.20768,1.25409,4.20363,669,1997,1.254,4.20389,0,-176.478,-175.548
48307,-0.07295,0.0235201,1.00372,-0.0253592,-0.0816565,-0.0891602,1.34236,4.1558,0.0957905,0.264488,1.2643,4.20269,1.25592,4.20062,669,1998,1.2558,4.20089,0,-176.61,-175.67
48327,-0.0717123,0.020705,1.00603,-0.0787945,0.0557482,0.00244284,1.17903,4.07643,0.094749,0.264106,1.25903,4.18244,1.25368,4.18873,669,1997,1.25356,4.189,0,-176.419,-175.503
48347,-0.0726405,0.0224797,1.00554,-0.0940619,-0.0129542,0.0177101,1.28068,4.13085,0.0939212,0.264092,1.25786,4.16727,1.25326,4.17859,668,2001,1.25314,4.17887,0,-176.445,-175.525
48369,-0.0742495,0.0202154,1.00293,-0.0635271,-0.0511222,-0.0891602,1.15472,4.2332,0.0930476,0.264321,1.24504,4.18322,1.24619,4.18599,669,1997,1.24608,4.1863,0,-176.572,-175.648
48389,-0.0757967,0.0210722,1.00165,0.0280762,0.0023129,0.0864123,1.20518,4.32649,0.0928457,0.26423,1.2431,4.19135,1.24492,4.18964,668,2001,1.2448,4.18996,0,-176.514,-175.595
48409,-0.0714028,0.0231529,1.00579,-0.0864277,-0.0205877,-0.0967938,1.3187,4.05967,0.0923538,0.263757,1.25386,4.18268,1.25064,4.18432,668,1997,1.2505,4.18464,0,-176.689,-175.751
48429,-0.0755491,0.0218677,1.00792,0.0128088,0.0023129,0.0253437,1.24289,4.28563,0.0920451,0.263437,1.25864,4.18492,1.25402,4.18462,668,1998,1.25389,4.18495,0,-176.586,-175.654
48449,-0.0746208,0.0214393,1.00591,-0.15513,0.0633817,0.0100764,1.22099,4.24162,0.090912,0.264247,1.25496,4.19763,1.25212,4.19189,668,1997,1.25197,4.19222,0,-176.503,-175.573
48471,-0.0746208,0.0255396,1.00907,0.0128088,0.0557482,0.0406108,1.44985,4.22798,0.0901452,0.26414,1.26353,4.21365,1.25717,4.20152,668,1998,1.25702,4.20188,0,-176.527,-175.586
48491,-0.0728262,0.0216841,1.0053,-0.0329933,0.0557482,-0.104427,1.23567,4.14244,0.0911037,0.264446,1.27612,4.21277,1.26607,4.20251,669,1997,1.26594,4.20288,0,-176.653,-175.7
48511,-0.0706602,0.0222349,1.00238,0.020442,0.0710154,-0.00519073,1.27074,4.03127,0.0911919,0.264248,1.26992,4.19841,1.26406,4.19523,669,1997,1.26392,4.1956,0,-176.692,-175.737
48531,-0.0747446,0.0217453,1.00311,-0.0177259,0.0404809,-0.0357251,1.24186,4.26041,0.0910359,0.265271,1.25086,4.19301,1.25397,4.19233,669,1997,1.25381,4.1927,0,-176.643,-175.698
48551,-0.0730118,0.0229693,1.00329,0.00517464,0.0023129,0.00244284,1.3115,4.16113,0.0906203,0.26602,1.25768,4.19244,1.25781,4.19199,668,2001,1.25765,4.19236,0,-176.779,-175.822
48573,-0.0727643,0.0203378,1.00439,-0.0406265,0.0633817,-0.0433587,1.16002,4.1428,0.0917925,0.266692,1.25681,4.19024,1.25816,4.19065,669,1997,1.25799,4.19101,0,-176.714,-175.762
48593,-0.0719598,0.0220513,1.0053,-0.0100918,0.0404809,0.0177101,1.25659,4.0933,0.0926136,0.266021,1.2461,4.16782,1.25239,4.17681,669,1998,1.2522,4.17717,0,-176.624,-175.684
48613,-0.0742495,0.0209498,1.0067,0.0128088,-0.0129542,0.101679,1.19217,4.21733,0.0923659,0.266571,1.23168,4.16623,1.24331,4.17413,668,1997,1.24314,4.17448,0,-176.492,-175.577
48633,-0.0733832,0.0208886,1.00591,0.0967779,0.0252137,-0.0815266,1.18963,4.17157,0.0923167,0.266984,1.23876,4.16819,1.24636,4.17388,669,1998,1.2462,4.17424,0,-176.355,-175.45
48653,-0.0736926,0.0210722,1.00652,0.119678,0.0328474,-0.00519073,1.19935,4.18656,0.093321,0.266831,1.24847,4.15994,1.25162,4.16767,669,1994,1.25143,4.16802,0,-176.447,-175.524
48675,-0.0746827,0.0232753,1.00505,0.0357094,-0.0358551,-0.0662594,1.32663,4.24854,0.0940047,0.265809,1.26397,4.16226,1.26068,4.16694,669,1996,1.26049,4.16727,0,-176.355,-175.43
48695,-0.0737545,0.0226021,1.0067,0.020442,0.0633817,-0.0433587,1.28617,4.18916,0.0939249,0.266756,1.2643,4.17851,1.26146,4.17561,669,1996,1.26124,4.17592,0,-176.616,-175.665
48715,-0.0731975,0.0215005,1.00712,0.104412,-0.0587556,-0.0815266,1.22299,4.15599,0.0943033,0.266573,1.26147,4.18612,1.26052,4.17963,668,1996,1.26029,4.17997,0,-176.781,-175.822
48735,-0.0739401,0.024132,1.00432,-0.0177259,0.0633817,-0.0280915,1.37644,4.20941,0.0946816,0.266207,1.27058,4.18432,1.26614,4.17846,669,1997,1.26589,4.1788,0,-176.72,-175.762
48755,-0.0720836,0.0209498,1.00712,-0.0482597,-0.0129542,0.162748,1.19167,4.09301,0.0940828,0.265887,1.27716,4.18547,1.27079,4.17926,669,2001,1.27052,4.1796,0,-176.614,-175.661
48777,-0.0731356,0.0213169,1.00475,-0.0329933,0.0252137,0.0482444,1.21541,4.16227,0.0938351,0.265796,1.26123,4.1843,1.26263,4.17859,669,1997,1.26236,4.17896,0,-176.472,-175.534
48797,-0.0749303,0.0235201,1.00414,0.0738773,0.0175803,0.101679,1.3418,4.2664,0.0945646,0.265949,1.26756,4.18726,1.26667,4.18033,668,1998,1.2664,4.1807,0,-176.736,-175.768
48817,-0.0736307,0.0237036,1.00603,-0.00245857,0.0710154,-0.0204579,1.34973,4.18483,0.0937978,0.266942,1.27249,4.18438,1.26967,4.17941,668,1997,1.26942,4.1798,0,-176.742,-175.771
48837,-0.075054,0.0218677,1.00372,-0.00245857,0.0862825,-0.00519073,1.24809,4.27539,0.0937181,0.267599,1.27389,4.19115,1.27135,4.18365,668,1994,1.27108,4.18404,0,-176.566,-175.605
48857,-0.074559,0.0196646,1.00463,0.0433426,-0.0129542,-0.0509923,1.12136,4.24364,0.0935926,0.268409,1.26103,4.20522,1.26478,4.19245,668,1997,1.26451,4.19284,0,-176.671,-175.714
48879,-0.0735069,0.0207662,1.00366,0.00517464,0.0175803,-0.0891602,1.18531,4.18793,0.0936809,0.268455,1.24181,4.18978,1.25357,4.18463,669,1997,1.25327,4.18501,0,-176.816,-175.863
48899,-0.0733832,0.0215617,1.00664,0.0128088,-0.0663893,-0.0280915,1.22706,4.16849,0.0936164,0.26899,1.24247,4.18634,1.25267,4.18307,668,1996,1.25236,4.18346,0,-176.653,-175.713
48919,-0.073445,0.0220513,1.00706,-0.0864277,0.0404809,-0.0128243,1.25439,4.1702,0.0928192,0.269066,1.24195,4.18936,1.25081,4.18488,668,1994,1.2505,4.18527,0,-176.52,-175.589
48939,-0.074002,0.0224797,1.00347,0.020442,-0.0205877,-0.112061,1.28332,4.21664,0.0926326,0.26922,1.23897,4.18443,1.24802,4.18202,668,2001,1.2477,4.18244,0,-176.44,-175.515
48959,-0.0708459,0.0207662,1.00597,0.0357094,-0.00532055,-0.0738931,1.18259,4.02758,0.0933315,0.269434,1.23332,4.17373,1.24403,4.1759,668,1996,1.24372,4.17632,0,-176.639,-175.701
48981,-0.073445,0.0192974,1.00432,-0.0864277,-0.0282214,-0.0280915,1.10076,4.18176,0.0936793,0.26977,1.22223,4.17814,1.23641,4.17769,669,1996,1.23609,4.17812,0,-176.697,-175.755
49001,-0.0751778,0.0215617,1.00524,0.0433426,0.0557482,0.0787787,1.22877,4.27599,0.0936301,0.269587,1.21931,4.1929,1.23273,4.18571,668,1999,1.23244,4.18613,0,-176.693,-175.761
49021,-0.0747446,0.0216841,1.00688,0.0433426,-0.0282214,0.0482444,1.23373,4.24452,0.0942527,0.269847,1.23516,4.203,1.24043,4.19213,669,1997,1.24015,4.19253,0,-176.665,-175.729
49041,-0.0731356,0.0229081,1.00585,0.0738773,0.0710154,-0.0586258,1.30468,4.15761,0.0948295,0.269466,1.24402,4.19345,1.24495,4.18746,669,1997,1.24467,4.18787,0,-176.582,-175.637
49060,-0.0738163,0.020705,1.00414,-0.0940619,0.0710154,-0.0280915,1.18125,4.20347,0.0946276,0.270154,1.24847,4.19311,1.2474,4.18791,669,1997,1.24714,4.18831,0,-176.805,-175.854
49082,-0.0725168,0.0216841,1.00609,0.0509768,-0.0129542,-0.0128243,1.2347,4.12167,0.0942578,0.270169,1.24437,4.18752,1.24487,4.18513,669,1997,1.24461,4.18555,0,-176.759,-175.82
49102,-0.0737545,0.020399,1.0042,-0.0253592,-0.0434885,-0.0967938,1.16372,4.19973,0.0949415,0.269926,1.25068,4.18265,1.2487,4.18212,669,1997,1.24844,4.18256,0,-176.639,-175.694
49122,-0.0764155,0.0213781,1.00499,-0.0558939,0.0557482,-0.119695,1.21861,4.34718,0.0940526,0.270033,1.24388,4.19711,1.24453,4.19,669,1997,1.24428,4.19042,0,-176.626,-175.685
49142,-0.0727024,0.0221737,1.00311,0.0662441,-0.00532055,-0.0128243,1.26632,4.14438,0.0938508,0.270247,1.24036,4.1995,1.24207,4.19212,669,1997,1.24182,4.19255,0,-176.63,-175.696
49162,-0.0739401,0.0218065,1.00359,-0.0635271,-0.00532055,-0.0815266,1.24475,4.21268,0.0933894,0.271301,1.24383,4.20739,1.24347,4.19779,669,1997,1.24323,4.1982,0,-176.616,-175.692
49184,-0.0735069,0.0217453,1.00615,-0.00245857,0.0023129,-0.0204579,1.23811,4.1775,0.0930806,0.271637,1.2446,4.21104,1.24365,4.20113,669,1997,1.24341,4.20154,0,-176.586,-175.666
49204,-0.0727024,0.0235201,1.0039,-0.0329933,-0.0282214,-0.0662594,1.34212,4.141,0.0927719,0.271959,1.25272,4.19933,1.24814,4.19558,669,1997,1.24792,4.19597,0,-176.531,-175.602
49224,-0.0735688,0.0215617,1.00335,-0.0253592,0.00994658,-0.127328,1.23108,4.19264,0.0926159,0.271608,1.25214,4.18901,1.24832,4.18962,667,1997,1.2481,4.19002,0,-176.497,-175.575
49244,-0.0752397,0.0205826,1.00585,-0.101695,0.00994658,0.0253437,1.17228,4.277,0.0923988,0.270906,1.24204,4.18937,1.2429,4.18924,667,1998,1.24269,4.18964,0,-176.407,-175.496
49264,-0.0754253,0.0208274,1.00372,0.0280762,-0.104557,0.0329772,1.18873,4.29656,0.0921817,0.271319,1.23076,4.18668,1.23595,4.18757,669,1997,1.23573,4.18797,0,-176.511,-175.597
49286,-0.0731356,0.0235201,1.00475,0.05861,0.0175803,-0.0891602,1.34098,4.16207,0.092392,0.271518,1.24185,4.19587,1.24159,4.19274,668,1997,1.24138,4.19314,0,-176.683,-175.754
49306,-0.0742495,0.0220513,1.00353,0.0280762,0.0252137,-0.0509923,1.2588,4.23048,0.0928467,0.27103,1.25414,4.20991,1.24901,4.20088,669,1997,1.2488,4.20126,0,-176.689,-175.755
49326,-0.0736926,0.0222349,1.00566,0.0357094,0.10155,0.0329772,1.26659,4.18998,0.0920189,0.271854,1.25317,4.19857,1.2486,4.19588,668,1997,1.24841,4.19626,0,-176.792,-175.852
49346,-0.0738163,0.0235813,1.00347,-0.0482597,0.0939159,0.0253437,1.34618,4.20599,0.0916338,0.273641,1.26947,4.20897,1.25833,4.20285,668,1997,1.25815,4.20321,0,-176.922,-175.96
49366,-0.0754872,0.0212557,1.00645,-0.00245857,-0.0282214,-0.0280915,1.20987,4.28838,0.0912335,0.274054,1.27417,4.22354,1.26269,4.21226,668,1997,1.26253,4.21262,0,-176.516,-175.58
49388,-0.0714647,0.0180123,1.00579,0.00517464,-0.0740228,0.0177101,1.02598,4.06359,0.0902377,0.273963,1.23154,4.22452,1.23938,4.21432,669,1999,1.23923,4.21466,0,-176.43,-175.518
49408,-0.0789528,0.0256008,1.00359,-0.0940619,-0.0282214,-0.165496,1.46125,4.49674,0.0895473,0.273368,1.25699,4.20063,1.25263,4.2008,669,1997,1.25248,4.20115,0,-176.768,-175.82
49428,-0.0710315,0.0216229,1.00457,-0.0329933,-0.0663893,-0.0433587,1.23308,4.04363,0.0885821,0.272452,1.25235,4.23633,1.25019,4.22178,669,1997,1.25004,4.22213,0,-176.705,-175.766
49448,-0.0705983,0.0208274,1.00566,-0.0329933,-0.0205877,-0.0204579,1.18643,4.01476,0.0882734,0.271415,1.24168,4.20414,1.24424,4.20475,669,1998,1.24408,4.20511,0,-176.489,-175.561
49468,-0.0771581,0.020093,1.00232,-0.0864277,0.0557482,-0.0128243,1.14843,4.40106,0.0871555,0.272209,1.22257,4.20476,1.23232,4.20492,668,1997,1.23218,4.20527,0,-176.566,-175.648
49490,-0.0756729,0.019481,1.00585,-0.0329933,-0.00532055,-0.112061,1.10955,4.30163,0.0862361,0.271965,1.21819,4.21918,1.22825,4.21336,668,1998,1.22814,4.21372,0,-176.616,-175.706
49510,-0.0740639,0.0231529,1.00171,-0.0406265,0.0023129,0.0329772,1.32406,4.22749,0.0856984,0.270927,1.2174,4.21894,1.22592,4.21389,668,1997,1.22577,4.21423,0,-176.624,-175.712
49530,-0.0751159,0.0232141,1.00378,0.00517464,0.0786488,-0.0891602,1.32483,4.27851,0.0851607,0.270867,1.22762,4.22963,1.2303,4.22084,668,1997,1.23014,4.22117,0,-176.643,-175.72
49550,-0.0736307,0.0213781,1.00512,-0.00245857,0.0862825,0.0787787,1.21846,4.18883,0.084684,0.271921,1.22974,4.21539,1.23101,4.21455,668,1997,1.23086,4.21488,0,-176.805,-175.87
49570,-0.0740639,0.0211334,1.01005,0.0509768,0.0023129,-0.0128243,1.19863,4.19292,0.0854593,0.272135,1.22617,4.20474,1.22898,4.20881,668,1997,1.22884,4.20911,0,-176.815,-175.88
49592,-0.0736926,0.0259068,1.00128,-0.0177259,-0.00532055,-0.0662594,1.48212,4.20787,0.0867536,0.272273,1.24562,4.20663,1.23982,4.20966,668,1998,1.2397,4.20994,0,-176.775,-175.834
49612,-0.0735688,0.0233365,1.00159,-0.00245857,-0.0892901,0.0406108,1.33472,4.19983,0.0864907,0.272227,1.28233,4.21466,1.26179,4.21423,668,1997,1.26167,4.21448,0,-176.74,-175.781
49632,-0.0751159,0.0190526,1.00311,0.0128088,0.0481145,-0.0509923,1.08812,4.28173,0.0864415,0.272228,1.27155,4.20308,1.25852,4.20763,668,1996,1.2584,4.20788,0,-176.541,-175.599
49652,-0.0731975,0.0211334,1.00706,-0.0635271,-0.00532055,-0.0433587,1.20218,4.15627,0.0858122,0.271801,1.24649,4.19083,1.2454,4.19999,668,1997,1.24529,4.2002,0,-176.346,-175.435
49672,-0.0728262,0.0224185,1.00426,0.0738773,0.0328474,-0.0433587,1.27882,4.14663,0.0863279,0.272015,1.24816,4.18794,1.2466,4.19756,668,2001,1.2465,4.19773,0,-176.155,-175.253
49694,-0.0741877,0.0221125,1.00658,-0.0787945,-0.0129542,0.0253437,1.25847,4.21423,0.086004,0.271329,1.26959,4.19607,1.25927,4.20098,668,2001,1.25919,4.20115,0,-176.455,-175.521
49714,-0.0718979,0.020705,1.00597,-0.0940619,-0.0434885,-0.0433587,1.1791,4.08719,0.0850998,0.271604,1.26504,4.19614,1.25797,4.20083,668,1996,1.25786,4.20097,0,-176.679,-175.727
49734,-0.07295,0.0185019,1.00414,-0.0100918,0.147351,0.0711452,1.05559,4.15448,0.084211,0.273055,1.23325,4.18522,1.24028,4.19451,669,1996,1.24018,4.19464,0,-176.529,-175.6
49754,-0.0743733,0.0205826,1.00658,-0.0177259,0.0710154,-0.150229,1.17143,4.22488,0.0847572,0.273696,1.22583,4.20461,1.23527,4.20479,668,1996,1.23516,4.20493,0,-176.436,-175.531
49774,-0.074002,0.0235201,1.00347,0.020442,-0.0205877,-0.0738931,1.34269,4.21654,0.084876,0.274292,1.23371,4.21566,1.23861,4.21164,669,1997,1.23851,4.21177,0,-176.675,-175.748
49796,-0.0721455,0.0196034,1.00919,0.127313,0.0633817,-0.0433587,1.11282,4.08825,0.0861245,0.275331,1.24178,4.20778,1.24348,4.20817,668,2000,1.24339,4.20828,0,-176.772,-175.828
49816,-0.0753016,0.0227245,1.00323,0.0509768,-0.00532055,-0.00519073,1.2976,4.29143,0.0866097,0.275988,1.24808,4.21344,1.24704,4.21154,668,1997,1.24696,4.21162,0,-176.673,-175.74
49836,-0.0771581,0.0212557,1.0067,0.0815105,-0.0663893,-0.0509923,1.20958,4.38188,0.0877667,0.275561,1.26645,4.22892,1.2586,4.22053,668,2001,1.25853,4.22058,0,-176.61,-175.673
49856,-0.0702889,0.0178287,1.00475,0.0509768,-0.0129542,0.0177101,1.01657,4.00107,0.0894121,0.274951,1.25853,4.21782,1.256,4.21559,669,1996,1.25594,4.2156,0,-176.714,-175.769
49876,-0.0722692,0.0174003,1.00536,0.020442,0.0252137,0.0253437,0.99155,4.11096,0.0901416,0.275027,1.22015,4.17435,1.23455,4.19066,669,1997,1.23448,4.19066,0,-176.718,-175.796
49898,-0.0763536,0.0235201,1.00317,0.00517464,0.0481145,0.0558779,1.3431,4.35134,0.0900313,0.276371,1.21967,4.18925,1.23214,4.19764,668,1996,1.23207,4.19761,0,-176.582,-175.667
49918,-0.0772819,0.0251724,1.00743,-0.101695,0.0252137,-0.0891602,1.43134,4.38532,0.088715,0.276616,1.27964,4.22431,1.26466,4.21697,668,1998,1.26457,4.21694,0,-176.411,-175.48
49938,-0.0709078,0.0190526,1.00299,0.020442,0.0404809,-0.0280915,1.08826,4.04316,0.0885284,0.275349,1.29544,4.22138,1.27634,4.2163,668,2001,1.27626,4.21626,0,-176.526,-175.581
49958,-0.0661426,0.0181959,1.00792,-0.0253592,0.0939159,0.132214,1.03425,3.75394,0.0886777,0.275716,1.24508,4.16504,1.24992,4.18476,669,1997,1.24985,4.18473,0,-176.649,-175.708
49978,-0.0752397,0.0183795,1.00286,0.0128088,0.132084,0.109313,1.04994,4.28985,0.089514,0.278831,1.20673,4.15827,1.22758,4.17896,669,1997,1.22753,4.17894,0,-176.466,-175.554
49999,-0.0783958,0.0264575,1.0056,0.0891447,0.00994658,-0.0967938,1.50711,4.45617,0.0907168,0.280282,1.2263,4.20447,1.23617,4.20339,667,1997,1.2361,4.20334,0,-176.612,-175.686
50019,-0.0749303,0.0273143,1.00639,-0.0482597,0.0710154,0.00244284,1.55467,4.25649,0.0905149,0.280603,1.28108,4.23652,1.26644,4.22237,669,1997,1.26634,4.2223,0,-176.755,-175.797
50039,-0.074559,0.0208886,1.00566,-0.0558939,0.0023129,-0.0280915,1.18992,4.23919,0.0901604,0.280802,1.30124,4.23604,1.28043,4.22409,669,1997,1.28031,4.22404,0,-176.602,-175.637
50059,-0.0715885,0.0165435,1.00341,-0.00245857,0.0633817,0.00244284,0.944566,4.0803,0.0904013,0.280635,1.25009,4.20279,1.25406,4.20645,669,1997,1.25394,4.20641,0,-176.604,-175.662
50079,-0.0753635,0.019175,1.0081,-0.0253592,0.0557482,-0.0280915,1.08969,4.2746,0.0916804,0.281658,1.20803,4.19477,1.22967,4.20157,669,1997,1.22956,4.20154,0,-176.457,-175.56
50101,-0.0758585,0.0292726,1.00712,0.196014,0.0175803,0.0711452,1.66487,4.30568,0.0928526,0.281888,1.24305,4.20832,1.24715,4.20867,669,1997,1.24703,4.20863,0,-176.384,-175.485
50121,-0.0785815,0.024132,1.00372,-0.0406265,-0.0740228,-0.0509923,1.37728,4.4753,0.0942233,0.281491,1.30689,4.265,1.28456,4.24114,669,1997,1.28444,4.24111,0,-176.545,-175.593
50141,-0.0711553,0.0180735,1,-0.00245857,-0.0892901,-0.0433587,1.03542,4.06936,0.0946168,0.280209,1.27972,4.25183,1.27245,4.2366,669,1998,1.27231,4.23657,0,-176.486,-175.547
50161,-0.0726405,0.0195422,1.00335,0.0662441,0.147351,0.0406108,1.11581,4.14009,0.0944302,0.279858,1.22276,4.22766,1.24034,4.22465,669,2001,1.24021,4.22461,0,-176.549,-175.64
50181,-0.0790766,0.0298846,1.00505,-0.0177259,-0.0969236,-0.0128243,1.70315,4.49672,0.0957246,0.279538,1.28793,4.25165,1.276,4.2387,669,1997,1.27587,4.23866,0,-176.612,-175.666
50203,-0.0771581,0.0218065,1.00353,0.0509768,0.0633817,-0.0204579,1.24483,4.39559,0.0960266,0.279081,1.30614,4.2607,1.28894,4.24558,669,1997,1.28881,4.24551,0,-176.705,-175.734
50223,-0.0741258,0.0186855,1.00396,0.0509768,-0.0511222,-0.0662594,1.06625,4.22195,0.0960232,0.279295,1.25969,4.25943,1.26466,4.24747,669,1996,1.26455,4.24737,0,-176.865,-175.901
50243,-0.0741877,0.0232141,1.00451,0.0738773,0.177886,-0.112061,1.32386,4.22277,0.097348,0.279387,1.25008,4.25123,1.25906,4.24471,668,1997,1.25894,4.2446,0,-176.777,-175.824
50263,-0.0733832,0.0230917,1.00572,0.0357094,0.10155,-0.0509923,1.31529,4.17212,0.0968866,0.280578,1.25095,4.23452,1.25844,4.23713,669,1997,1.2583,4.23697,0,-176.528,-175.602
50283,-0.0746827,0.0231529,1.00585,-0.0406265,0.154985,-0.0586258,1.31862,4.24522,0.0964863,0.282502,1.25692,4.22906,1.26093,4.23483,668,2001,1.26077,4.23467,0,-176.463,-175.542
50305,-0.0759204,0.0233365,1.00408,0.00517464,0.0328474,-0.0280915,1.33141,4.32285,0.0961165,0.283358,1.28057,4.24773,1.27413,4.24586,668,1997,1.27397,4.2457,0,-176.614,-175.665
50325,-0.0717741,0.0192974,1.01023,0.05861,-0.0816565,-0.119695,1.09433,4.06315,0.0963727,0.282183,1.27394,4.23964,1.27181,4.24175,669,1997,1.27164,4.2416,0,-176.576,-175.634
50345,-0.0720836,0.0201542,1.00633,-0.00245857,-0.0205877,-0.104427,1.14733,4.09628,0.0962166,0.281542,1.24093,4.22059,1.25298,4.23079,669,1998,1.25281,4.23063,0,-176.419,-175.508
50365,-0.0744971,0.0251112,1.00761,-0.0329933,0.0481145,-0.00519073,1.4276,4.22713,0.0954194,0.282153,1.25516,4.21942,1.25928,4.2295,669,1996,1.25912,4.22935,0,-176.449,-175.525
50385,-0.075054,0.0246216,1.0095,-0.0406265,-0.0816565,0.0711452,1.39717,4.25074,0.0946068,0.282688,1.28751,4.22757,1.27742,4.23363,669,1997,1.27728,4.23344,0,-176.639,-175.68
50407,-0.0722073,0.0194198,1.00311,-0.0329933,-0.0587556,-0.0204579,1.10909,4.11649,0.0942981,0.282597,1.259,4.2227,1.26258,4.23062,668,1998,1.26244,4.23041,0,-176.604,-175.66
50427,-0.0754872,0.0199094,1.00627,-0.0100918,0.0710154,-0.0433587,1.13347,4.28927,0.0939436,0.28278,1.22762,4.21586,1.24396,4.22602,668,1997,1.24383,4.22583,0,-176.344,-175.439
50447,-0.0757348,0.0232141,1.00633,-0.0482597,0.12445,0.139847,1.32146,4.30272,0.0931311,0.284353,1.23553,4.22053,1.24588,4.22833,668,1997,1.24573,4.22815,0,-176.407,-175.494
50467,-0.0753016,0.0243156,1.00378,0.0433426,0.0175803,0.0100764,1.38767,4.28894,0.0938758,0.284766,1.24653,4.22418,1.25111,4.22991,668,1997,1.25096,4.22971,0,-176.468,-175.542
50487,-0.0728262,0.0218065,1.00323,-0.0100918,0.0557482,-0.0509923,1.2452,4.15094,0.0932312,0.28527,1.24744,4.2109,1.25098,4.2221,668,1997,1.25083,4.22187,0,-176.482,-175.562
50509,-0.0736307,0.0211946,1.00664,-0.0100918,0.0862825,-0.0967938,1.20617,4.18254,0.0931362,0.285072,1.22946,4.21329,1.23995,4.22234,668,1997,1.23983,4.2221,0,-176.661,-175.743
50529,-0.0724549,0.0224797,1.00274,-0.0253592,0.0023129,0.0329772,1.28425,4.13179,0.0932397,0.284951,1.23722,4.1946,1.24294,4.21054,668,1997,1.24282,4.2103,0,-176.606,-175.676
50549,-0.0736926,0.0235813,1.00499,0.020442,-0.0816565,-0.104427,1.34415,4.19264,0.0935722,0.284646,1.24496,4.1891,1.24646,4.20507,668,1996,1.24633,4.20485,0,-176.661,-175.718
50569,-0.0753635,0.0224797,1.00372,-0.0940619,0.0328474,0.0253437,1.28301,4.29289,0.0938436,0.285532,1.2434,4.20658,1.24533,4.21336,668,1997,1.24521,4.21312,0,-176.718,-175.78
50589,-0.073445,0.0230305,1.00487,0.0738773,-0.0969236,-0.0662594,1.31292,4.17916,0.0940082,0.285608,1.25145,4.20402,1.24954,4.21103,668,1997,1.24942,4.21082,0,-176.755,-175.816
50611,-0.0728262,0.020705,1.00512,0.00517464,0.0862825,0.0329772,1.1801,4.14328,0.0944017,0.285975,1.24689,4.20632,1.24732,4.21157,669,1997,1.24719,4.21137,0,-176.736,-175.793
50631,-0.0749303,0.023826,1.00706,0.020442,0.0404809,-0.0357251,1.3553,4.25405,0.0941541,0.287121,1.25936,4.2086,1.25427,4.21254,668,1997,1.25418,4.21234,0,-176.746,-175.794
50651,-0.0731975,0.0216841,1.00597,-0.0787945,0.116817,0.12458,1.23485,4.16073,0.0934484,0.287549,1.26197,4.20667,1.25625,4.21087,668,1997,1.25617,4.21068,0,-176.82,-175.862
50671,-0.0736307,0.0219901,1.0053,-0.0558939,-0.0129542,-0.0357251,1.2531,4.18801,0.0931397,0.288771,1.26333,4.21186,1.25767,4.21369,668,1996,1.25759,4.21352,0,-176.612,-175.671
50691,-0.0725786,0.0227245,1.00621,-0.0253592,0.0862825,0.0711452,1.29376,4.12459,0.0925715,0.289321,1.26297,4.21085,1.25787,4.21299,668,1997,1.25779,4.21283,0,-176.415,-175.492
50713,-0.0743733,0.0193586,1.00457,-0.00245857,0.0328474,-0.119695,1.10399,4.23339,0.0916826,0.28955,1.25872,4.21536,1.25591,4.21533,668,1997,1.25583,4.21518,0,-176.384,-175.463
50733,-0.0759204,0.019787,1.00572,0.0128088,0.0557482,-0.104427,1.12711,4.31614,0.0906105,0.290421,1.24107,4.2271,1.24558,4.22217,668,1996,1.2455,4.22204,0,-176.409,-175.493
50753,-0.0723311,0.0221737,1.00633,-0.0635271,0.0481145,-0.0662594,1.26226,4.11012,0.0892025,0.291963,1.22972,4.22874,1.23768,4.22447,668,1998,1.2376,4.22432,0,-176.511,-175.596
50773,-0.0753635,0.0224797,1.00603,-0.0711613,-0.0205877,0.0329772,1.28006,4.28307,0.0886343,0.292391,1.24415,4.24037,1.24472,4.2318,668,1996,1.24463,4.23164,0,-176.716,-175.786
50793,-0.0727024,0.0234589,1.00536,-0.00245857,-0.104557,-0.0586258,1.33669,4.13502,0.0879592,0.291399,1.25685,4.24338,1.25159,4.23424,668,2001,1.25151,4.23409,0,-176.744,-175.807
50815,-0.0736307,0.0208886,1.00487,0.0280762,0.0862825,0.0329772,1.19085,4.18988,0.0880168,0.29201,1.24449,4.22888,1.24516,4.22724,668,1997,1.24507,4.22709,0,-176.641,-175.72
50835,-0.0758585,0.0196646,1.00439,-0.0100918,-0.0969236,0.0482444,1.12164,4.31837,0.0872501,0.292301,1.23059,4.23562,1.23679,4.23124,668,1997,1.23672,4.23108,0,-176.697,-175.768
50855,-0.0760442,0.0230917,1.00585,0.0433426,-0.0129542,0.0177101,1.31513,4.32233,0.0870788,0.291279,1.23571,4.25157,1.23863,4.24064,668,2001,1.23855,4.24049,0,-176.558,-175.631
50875,-0.0709078,0.0200318,1.00645,-0.00245857,0.0175803,0.0558779,1.14023,4.02921,0.0868922,0.29163,1.23617,4.23278,1.23852,4.23155,668,1997,1.23842,4.2314,0,-176.505,-175.583
50895,-0.0741258,0.020399,1.00335,0.0815105,0.0175803,-0.0662594,1.16471,4.22436,0.0867972,0.29131,1.22301,4.22522,1.23044,4.22712,669,1997,1.23034,4.22697,0,-176.748,-175.821
50917,-0.0735688,0.0212557,1.00329,0.0280762,0.0939159,0.0100764,1.21369,4.19291,0.0862901,0.29131,1.22288,4.233,1.22891,4.23155,669,1997,1.22881,4.23142,0,-176.816,-175.894
50936,-0.0735688,0.0230917,1.00615,0.0509768,-0.142725,0.0329772,1.31474,4.18088,0.0865615,0.291006,1.23646,4.22596,1.23576,4.22771,669,1997,1.23566,4.22758,0,-176.679,-175.757
50956,-0.0716504,0.0223573,1.00621,0.00517464,0.00994658,0.0406108,1.27286,4.07205,0.0868024,0.290227,1.24813,4.21387,1.24251,4.2201,667,1996,1.24242,4.21995,0,-176.714,-175.779
50976,-0.0757348,0.0236425,1.0042,-0.0787945,0.0633817,-0.119695,1.34869,4.31177,0.0871655,0.290274,1.25311,4.20986,1.2459,4.21672,669,1997,1.24581,4.21658,0,-176.555,-175.633
50996,-0.0736307,0.0215617,1.0039,0.104412,0.0175803,-0.0662594,1.23041,4.19387,0.0863987,0.291205,1.23696,4.20785,1.23691,4.21508,669,1997,1.23682,4.21496,0,-176.417,-175.51
51018,-0.0748065,0.0223573,1.00432,0.0433426,0.0557482,-0.0128243,1.27525,4.25872,0.0863038,0.291267,1.24079,4.22767,1.23891,4.22552,669,1997,1.23884,4.22542,0,-176.539,-175.616
51038,-0.0757967,0.021011,1.00524,0.0280762,0.109183,-0.0662594,1.19739,4.3111,0.0868653,0.293115,1.23656,4.22636,1.23686,4.22563,669,1998,1.23679,4.2255,0,-176.61,-175.687
51058,-0.0728881,0.0230917,1.007,-0.0253592,-0.00532055,0.0482444,1.31363,4.13884,0.087152,0.293115,1.24586,4.23974,1.24208,4.23365,667,1997,1.24201,4.23351,0,-176.586,-175.661
51078,-0.073445,0.0199094,1.00731,0.020442,0.0481145,-0.119695,1.1323,4.16938,0.087973,0.292459,1.24277,4.21597,1.2412,4.22033,669,1998,1.24114,4.22019,0,-176.38,-175.474
51098,-0.0754253,0.0233977,1.00718,-0.00245857,0.0633817,-0.0128243,1.33078,4.28158,0.0869926,0.293284,1.24031,4.22415,1.23904,4.22466,669,1997,1.23902,4.22453,0,-176.484,-175.58
51120,-0.0720217,0.0223573,1.00755,-0.109328,-0.0511222,-0.00519073,1.27117,4.08766,0.0864854,0.292079,1.2314,4.21446,1.23343,4.21867,669,1997,1.23343,4.21853,0,-176.555,-175.647
51140,-0.0730737,0.0224185,1.00858,-0.0177259,-0.0587556,-0.0280915,1.27334,4.14292,0.086253,0.292125,1.23567,4.20579,1.23535,4.21292,669,1997,1.23538,4.2128,0,-176.449,-175.546
51160,-0.0742495,0.0212557,1.00201,0.0280762,0.0557482,-0.0280915,1.21524,4.23695,0.0861428,0.29156,1.22979,4.21681,1.23176,4.21788,669,1997,1.23179,4.21776,0,-176.655,-175.742
51180,-0.0720836,0.0232753,1.00353,-0.0558939,-0.104557,-0.0891602,1.32864,4.10738,0.086002,0.290217,1.23381,4.21659,1.23341,4.21702,668,1997,1.23345,4.21691,0,-176.586,-175.676
51200,-0.0737545,0.0217453,1.00201,0.0662441,-0.0511222,-0.0204579,1.24322,4.20875,0.0861207,0.290813,1.2388,4.19959,1.23624,4.20714,669,1997,1.23629,4.20703,0,-176.612,-175.693
51222,-0.0728262,0.0221125,1.00445,-0.0253592,0.0175803,-0.0815266,1.26114,4.1459,0.0867586,0.291211,1.2426,4.19777,1.23871,4.2052,669,1995,1.23875,4.20508,0,-176.651,-175.723
51242,-0.0741258,0.0204602,1.00213,-0.0558939,0.0252137,-0.0662594,1.16962,4.22947,0.0866484,0.291898,1.2284,4.20452,1.23083,4.2081,669,1997,1.23086,4.208,0,-176.507,-175.591
51262,-0.0743114,0.0190526,1.00938,0.020442,0.0786488,-0.112061,1.08137,4.20984,0.0863091,0.291883,1.21186,4.20002,1.22068,4.20476,669,1997,1.22072,4.20467,0,-176.535,-175.634
51282,-0.0720836,0.0196646,1.00481,-0.0482597,-0.00532055,0.0558779,1.12116,4.10249,0.0867943,0.291487,1.20722,4.18765,1.21674,4.1966,669,1997,1.2168,4.19653,0,-176.643,-175.746
51302,-0.0741877,0.0229081,1.00213,0.112045,-0.0282214,-0.0662594,1.30951,4.23276,0.0874169,0.29109,1.20395,4.18431,1.21326,4.19275,669,1998,1.21332,4.19269,0,-176.516,-175.627
51324,-0.074002,0.0223573,1.00445,-0.0482597,-0.0434885,0.0100764,1.2751,4.21258,0.0871387,0.290068,1.22026,4.20586,1.22102,4.20346,668,1997,1.22109,4.20342,0,-176.509,-175.613
51344,-0.0735069,0.0203378,1.0039,-0.0482597,0.154985,-0.0204579,1.16059,4.18695,0.0860208,0.290374,1.22758,4.19567,1.22451,4.19762,668,1997,1.22458,4.1976,0,-176.683,-175.771
51364,-0.0712172,0.0224797,0.999822,0.0280762,0.0481145,-0.0280915,1.288,4.07327,0.0852388,0.291916,1.22074,4.18323,1.22001,4.19046,669,1998,1.22009,4.19046,0,-176.665,-175.761
51384,-0.0736307,0.0233365,1.00621,0.0433426,-0.0129542,-0.0509923,1.32859,4.18411,0.085495,0.292176,1.2291,4.18265,1.22454,4.18874,668,1995,1.22463,4.18872,0,-176.588,-175.687
51404,-0.0754872,0.0229693,1.00372,0.0357094,-0.104557,-0.00519073,1.31094,4.29987,0.0856748,0.291932,1.25054,4.2033,1.23734,4.19925,669,1997,1.23744,4.19925,0,-176.637,-175.714
51426,-0.0733213,0.0203378,1.00335,0.0280762,-0.0587556,-0.0586258,1.16122,4.17868,0.0861752,0.291597,1.25101,4.21072,1.23919,4.20349,669,1997,1.23931,4.20348,0,-176.805,-175.861
51446,-0.0736307,0.0227857,1.00329,-0.0100918,0.0328474,-0.0280915,1.30102,4.19629,0.0858207,0.291674,1.24748,4.20105,1.23826,4.19817,669,1997,1.23839,4.19817,0,-176.708,-175.776
51466,-0.0742495,0.0212557,1.00353,-0.0177259,-0.0511222,-0.0662594,1.21339,4.23055,0.0854509,0.2923,1.24292,4.19652,1.23664,4.19547,669,1998,1.23679,4.19547,0,-176.681,-175.756
51486,-0.0739401,0.0222961,1.00493,-0.0100918,0.0633817,-0.142595,1.27099,4.20704,0.0850812,0.293033,1.2341,4.19852,1.23202,4.19645,669,2001,1.23219,4.19647,0,-176.714,-175.791
51506,-0.0736926,0.0225409,1.00475,0.0280762,-0.0511222,-0.0128243,1.28518,4.19375,0.0840243,0.291736,1.23833,4.19759,1.23412,4.19512,669,2001,1.23427,4.19516,0,-176.755,-175.828
51528,-0.075611,0.0200318,1.00311,0.0891447,0.0633817,-0.0128243,1.14403,4.30976,0.0845553,0.292714,1.2325,4.20616,1.23145,4.20022,668,1996,1.23161,4.2003,0,-176.683,-175.753
51548,-0.0748684,0.0222349,1.00384,-0.0635271,0.0557482,0.0635116,1.26889,4.2643,0.0851321,0.292958,1.23273,4.21351,1.23178,4.20475,668,1998,1.23192,4.20482,0,-176.545,-175.625
51568,-0.0762298,0.020399,1.00244,-0.00245857,0.0404809,-0.0128243,1.16577,4.34776,0.0850371,0.29357,1.23388,4.2196,1.23242,4.20909,668,2001,1.23257,4.20916,0,-176.677,-175.75
51588,-0.0738163,0.020705,1.00487,-0.00245857,0.0862825,-0.00519073,1.18039,4.20042,0.0855986,0.294715,1.22552,4.22974,1.2277,4.21669,668,1997,1.22785,4.21678,0,-176.768,-175.834
51608,-0.0742495,0.023826,1.00177,0.0662441,0.00994658,-0.0586258,1.36246,4.23773,0.0866182,0.296487,1.22953,4.22988,1.22981,4.21881,666,2001,1.22996,4.21889,0,-176.58,-175.67
51630,-0.0747446,0.0208886,1.00542,0.0509768,0.139718,0.0558779,1.1902,4.25073,0.0867675,0.297159,1.24016,4.2313,1.23616,4.22094,668,1997,1.2363,4.22105,0,-176.535,-175.625
51650,-0.0762917,0.0229081,1.00737,-0.0177259,0.0252137,-0.0128243,1.30271,4.32984,0.0869168,0.298335,1.23645,4.24962,1.23434,4.23308,668,1997,1.2345,4.23322,0,-176.224,-175.335
51670,-0.0754872,0.0213781,1.00311,0.05861,0.0481145,-0.0815266,1.2209,4.30262,0.0875699,0.298992,1.23229,4.25255,1.23238,4.23693,668,2001,1.23254,4.23707,0,-176.269,-175.38
51690,-0.0743114,0.0192362,1.00755,-0.116962,-0.0282214,-0.0204579,1.09376,4.21742,0.0863757,0.298595,1.22754,4.25684,1.22911,4.24128,669,1996,1.2293,4.24141,0,-176.636,-175.726
51710,-0.0735688,0.0206438,1.0053,0.0128088,0.0557482,-0.0509923,1.1764,4.18463,0.0863876,0.299176,1.22148,4.23687,1.22508,4.232,669,1997,1.22526,4.23214,0,-176.572,-175.672
51732,-0.0725168,0.021011,1.00487,0.0280762,-0.0205877,-0.0815266,1.19783,4.1267,0.0863689,0.299619,1.22006,4.23829,1.22349,4.2338,669,1997,1.22368,4.23393,0,-176.549,-175.65
51752,-0.0742495,0.0210722,1.00414,-0.0100918,0.0786488,-0.0967938,1.20219,4.22801,0.0869915,0.298459,1.22409,4.23451,1.22546,4.23172,668,1996,1.22565,4.23186,0,-176.787,-175.872
51772,-0.0733832,0.0217453,1.00311,0.0509768,-0.0129542,0.0253437,1.24186,4.18309,0.0878126,0.298704,1.22263,4.24452,1.22443,4.23831,668,1997,1.22459,4.23844,0,-176.897,-175.967
51792,-0.0733832,0.020705,1.00463,0.0128088,0.0328474,-0.0967938,1.18067,4.17687,0.0889237,0.299788,1.21467,4.24554,1.21978,4.24047,668,2001,1.21995,4.24058,0,-176.667,-175.76
51812,-0.0746827,0.0229081,1.00761,0.00517464,-0.0511222,0.00244284,1.3024,4.23784,0.0887219,0.299804,1.22149,4.23543,1.22257,4.23537,668,1997,1.22276,4.23547,0,-176.415,-175.529
51834,-0.0749922,0.0199706,1.00737,0.0128088,-0.0434885,0.0253437,1.13571,4.25662,0.0879704,0.299606,1.21288,4.23715,1.21703,4.23637,669,1998,1.21722,4.23647,0,-176.336,-175.454
51854,-0.0754872,0.0202154,1.00475,0.020442,-0.0282214,-0.180763,1.15262,4.29571,0.088822,0.300019,1.20517,4.23902,1.21192,4.23799,669,1997,1.2121,4.23808,0,-176.541,-175.649
51873,-0.0733213,0.0213169,1.00566,-0.0864277,0.0328474,-0.0128243,1.21431,4.16903,0.087582,0.300264,1.20333,4.23742,1.20889,4.23763,669,1997,1.20907,4.23771,0,-176.657,-175.769
51893,-0.0731975,0.0219289,1.00262,-0.00245857,-0.0816565,-0.104427,1.25295,4.17454,0.0876244,0.300539,1.21235,4.23047,1.21302,4.23394,669,1997,1.21322,4.23401,0,-176.553,-175.673
51913,-0.0731975,0.0195422,1.00323,-0.0253592,0.00994658,0.0329772,1.11594,4.17222,0.0884913,0.301181,1.22056,4.21521,1.21772,4.22514,667,1998,1.21791,4.22521,0,-176.582,-175.693
51935,-0.0737545,0.0232141,1.00542,0.0280762,-0.0282214,-0.00519073,1.32266,4.19441,0.0883047,0.301089,1.22456,4.22329,1.21963,4.22873,669,1998,1.21983,4.22879,0,-176.49,-175.601
51955,-0.0731975,0.0219289,1.00627,-0.0329933,-0.0205877,-0.0280915,1.24841,4.15946,0.0880265,0.30138,1.22356,4.22803,1.21915,4.23104,669,1997,1.21936,4.23109,0,-176.553,-175.659
51975,-0.0751159,0.019175,1.00366,-0.00245857,0.0404809,-0.0357251,1.09451,4.27939,0.087214,0.301564,1.20282,4.24403,1.20695,4.24014,669,1998,1.2072,4.24021,0,-176.685,-175.792
51995,-0.0709078,0.0206438,1.00463,0.020442,-0.142725,-0.0815266,1.17719,4.03645,0.0874701,0.300999,1.19265,4.21222,1.1999,4.22223,669,1998,1.20017,4.22229,0,-176.673,-175.778
52015,-0.0757348,0.0226021,1.00366,0.0357094,0.0481145,0.0100764,1.29007,4.31421,0.0874362,0.300893,1.19908,4.20064,1.20195,4.21387,669,1997,1.20224,4.21389,0,-176.641,-175.751
52037,-0.0736307,0.0201542,1.00737,0.020442,-0.0587556,0.0100764,1.14615,4.17961,0.0874939,0.300679,1.19073,4.22849,1.19616,4.22846,669,1998,1.19643,4.22846,0,-176.622,-175.744
52057,-0.0709078,0.0202766,1.00676,-0.0177259,0.0710154,0.00244284,1.15381,4.02797,0.0881012,0.301657,1.18426,4.19175,1.19121,4.20764,669,1997,1.19148,4.20763,0,-176.689,-175.805
52077,-0.0731975,0.0222961,1.00445,-0.0635271,0.0023129,0.0406108,1.27161,4.16695,0.0884032,0.302192,1.17845,4.19553,1.18621,4.20776,669,1997,1.1865,4.20776,0,-176.649,-175.767
52097,-0.0759823,0.0238872,1.00682,0.0128088,-0.0282214,-0.00519073,1.35911,4.31459,0.0880945,0.303032,1.19611,4.20332,1.19436,4.21072,669,1997,1.19466,4.21072,0,-176.712,-175.821
52117,-0.074559,0.0201542,1.007,-0.0406265,0.0175803,-0.112061,1.14657,4.23364,0.0875873,0.303658,1.20859,4.21297,1.2011,4.21559,669,1998,1.20139,4.2156,0,-176.683,-175.792
52139,-0.0725168,0.0219289,1.00658,-0.0253592,0.0786488,-0.0357251,1.24803,4.11967,0.0871717,0.303369,1.2103,4.19259,1.20198,4.20305,669,1998,1.20228,4.20307,0,-176.376,-175.503
52159,-0.0717741,0.0237648,1.00828,0.0509768,0.0252137,-0.0280915,1.35019,4.07059,0.087092,0.30427,1.22028,4.19256,1.20809,4.2018,669,1997,1.20841,4.20182,0,-176.511,-175.624
52179,-0.0717123,0.0227245,1.00366,0.0280762,0.132084,0.0482444,1.29705,4.08586,0.0867528,0.305019,1.22584,4.18106,1.21203,4.1939,669,1997,1.21236,4.19391,0,-176.618,-175.719
52199,-0.0739401,0.0186855,1.00505,0.119678,0.0252137,0.0864123,1.06509,4.20684,0.0874822,0.306454,1.20585,4.18791,1.20197,4.19619,668,1997,1.2023,4.19621,0,-176.655,-175.765
52219,-0.0741877,0.0242544,1.0056,-0.0329933,-0.0129542,-0.00519073,1.38167,4.21809,0.0879979,0.306104,1.22079,4.18811,1.21063,4.19447,668,1997,1.21098,4.19448,0,-176.586,-175.686
52241,-0.0759204,0.0249276,1.00457,-0.0329933,0.0404809,-0.00519073,1.42146,4.3206,0.0875976,0.306974,1.25181,4.20394,1.22914,4.20244,669,1998,1.2295,4.20245,0,-176.419,-175.517
52261,-0.0741258,0.0240708,1.00645,-0.00245857,-0.0740228,0.0787787,1.37005,4.21105,0.0873194,0.307219,1.27921,4.19614,1.24752,4.19754,668,1997,1.24789,4.19755,0,-176.545,-175.616
52281,-0.0732594,0.0139732,1.00652,0.020442,0.0404809,0.0177101,0.795374,4.16254,0.0874535,0.307372,1.2375,4.17413,1.22775,4.18397,666,1996,1.22811,4.18396,0,-176.639,-175.72
52301,-0.072393,0.0174003,1.00195,0.0128088,0.10155,-0.00519073,0.994922,4.13193,0.0879234,0.308075,1.18117,4.16874,1.19621,4.17923,669,1997,1.19657,4.17922,0,-176.685,-175.796
52321,-0.0735688,0.0233977,1.00591,0.0433426,-0.0205877,0.0100764,1.33247,4.18186,0.0885612,0.308701,1.18976,4.16982,1.19889,4.17773,669,1997,1.19927,4.17775,0,-176.649,-175.759
52343,-0.0735688,0.0239484,1.00773,0.0280762,-0.0969236,-0.0357251,1.36136,4.17426,0.0889701,0.30777,1.24444,4.17367,1.22936,4.17766,669,1998,1.22976,4.17768,0,-176.509,-175.599
52363,-0.0736926,0.0206438,1.00402,-0.0329933,0.0252137,-0.0357251,1.1779,4.19695,0.088982,0.307786,1.24374,4.16711,1.23085,4.17237,669,1997,1.23124,4.1724,0,-176.677,-175.753
52383,-0.07295,0.0200318,1.00299,-0.0711613,-0.0282214,0.0253437,1.14417,4.15913,0.0885969,0.308321,1.23838,4.17968,1.22914,4.17831,668,1997,1.22951,4.17835,0,-176.718,-175.799
52403,-0.0731356,0.0224185,1.00366,-0.124596,-0.0663893,-0.0891602,1.27959,4.1667,0.0878912,0.307604,1.22982,4.17945,1.22479,4.17695,668,1998,1.22513,4.177,0,-176.618,-175.71
52423,-0.0726405,0.0217453,1.00572,-0.0940619,0.00994658,-0.112061,1.23863,4.13017,0.0858726,0.306658,1.23177,4.1787,1.22561,4.17545,666,1994,1.22596,4.17553,0,-176.751,-175.826
52445,-0.0743733,0.0213169,1.00286,-0.139863,0.0404809,0.0100764,1.2177,4.24039,0.0844036,0.307177,1.2375,4.17147,1.22921,4.17059,668,1997,1.22955,4.17071,0,-176.716,-175.789
52465,-0.0735069,0.0208886,1.00737,0.05861,0.0481145,-0.104427,1.1879,4.17254,0.0831178,0.307468,1.23797,4.17386,1.23009,4.17109,669,2001,1.23041,4.17121,0,-176.574,-175.656
52485,-0.0754872,0.0195422,1.00633,0.0128088,0.0328474,-0.0128243,1.1125,4.28904,0.0825342,0.308049,1.2113,4.17031,1.21547,4.16823,669,1997,1.21579,4.16835,0,-176.549,-175.651
52505,-0.0725786,0.0220513,1.00609,-0.101695,-0.0511222,-0.0433587,1.2556,4.12515,0.0824545,0.307683,1.21655,4.16811,1.21793,4.16592,668,1997,1.21825,4.16608,0,-176.712,-175.799
52525,-0.0756729,0.0226633,1.00323,0.0128088,0.0023129,0.0787787,1.29411,4.31252,0.0820695,0.307271,1.23017,4.1779,1.2254,4.17028,668,2001,1.2257,4.17043,0,-176.874,-175.935
52547,-0.0723311,0.0227857,1.0067,-0.00245857,0.0175803,0.0635116,1.29662,4.10858,0.0820814,0.306997,1.24297,4.18495,1.23349,4.17433,668,2001,1.23377,4.17448,0,-176.809,-175.873
52567,-0.0723311,0.021011,1.00232,0.0357094,-0.0282214,-0.0204579,1.20088,4.12663,0.0822917,0.307043,1.23644,4.18499,1.2311,4.17457,668,1997,1.23135,4.17471,0,-176.748,-175.823
52587,-0.0732594,0.0237648,1.00451,-0.0100918,0.0328474,0.0406108,1.35526,4.17007,0.0827464,0.308219,1.23461,4.18852,1.231,4.17745,669,1996,1.23121,4.1776,0,-176.592,-175.682
52607,-0.0746208,0.0232141,1.00305,-0.0406265,-0.0358551,0.0177101,1.32579,4.2535,0.0822545,0.308845,1.2428,4.2007,1.23612,4.18514,669,1996,1.2363,4.18531,0,-176.655,-175.733
52627,-0.0742495,0.0235201,1.00871,-0.0406265,0.0481145,-0.0586258,1.33573,4.20873,0.0814725,0.309686,1.24996,4.19991,1.24101,4.18616,669,1997,1.24119,4.18634,0,-176.742,-175.802
52649,-0.0733832,0.0208274,1.00944,0.0357094,0.00994658,-0.0738931,1.182,4.15704,0.081576,0.310388,1.24681,4.20144,1.24094,4.18828,666,1998,1.2411,4.1885,0,-176.712,-175.781
52669,-0.0730737,0.0218677,1.00712,-0.0329933,-0.0434885,-0.0128243,1.24387,4.14895,0.0818932,0.309717,1.24041,4.18066,1.23851,4.17673,669,1996,1.23866,4.17696,0,-176.813,-175.877
52689,-0.07295,0.0215617,1.00475,0.0738773,0.0481145,-0.0128243,1.22937,4.15172,0.0826684,0.309947,1.23632,4.16474,1.23716,4.16727,668,1997,1.23729,4.16752,0,-176.724,-175.798
52709,-0.076168,0.0223573,1.0067,-0.00245857,0.00994658,-0.0433587,1.27225,4.32576,0.0831994,0.310466,1.23828,4.17761,1.2387,4.17365,666,1997,1.23882,4.1739,0,-176.759,-175.827
52729,-0.0727024,0.0211334,1.00414,-0.0635271,0.0175803,-0.0815266,1.20568,4.14022,0.0830739,0.311016,1.24201,4.18424,1.24123,4.1775,668,1996,1.24135,4.17776,0,-176.643,-175.707
52751,-0.0749922,0.0207662,1.00475,0.0280762,-0.0434885,-0.0662594,1.18402,4.2676,0.0834064,0.310666,1.24005,4.18526,1.24079,4.17784,669,1997,1.2409,4.17809,0,-176.612,-175.682
52771,-0.0739401,0.0217453,1.00499,0.0662441,0.00994658,-0.0891602,1.23953,4.20684,0.0832198,0.311155,1.23781,4.19254,1.2397,4.18232,667,1997,1.23977,4.18258,0,-176.675,-175.743
52791,-0.0740639,0.020705,1.00402,-0.0635271,0.0023129,-0.0509923,1.18139,4.21802,0.083018,0.310773,1.24722,4.20155,1.24526,4.18785,669,1998,1.24531,4.18814,0,-176.637,-175.702
52811,-0.0727643,0.0229693,1.00712,-0.0253592,0.0633817,-0.00519073,1.30651,4.13135,0.0819459,0.311156,1.26366,4.19594,1.25501,4.18581,669,1998,1.25503,4.18611,0,-176.6,-175.655
52830,-0.0732594,0.0203378,1.00414,0.020442,0.0252137,0.0787787,1.1603,4.17189,0.0822631,0.311339,1.25561,4.18904,1.25224,4.18238,669,1997,1.25225,4.18267,0,-176.612,-175.669
52852,-0.073445,0.023826,1.00676,-0.0635271,-0.0663893,0.0253437,1.35571,4.17128,0.0828399,0.311752,1.24634,4.17958,1.24784,4.17721,669,1997,1.24782,4.17752,0,-176.541,-175.611
52872,-0.0778389,0.0219289,1.00572,-0.0100918,0.0557482,0.00244284,1.24909,4.42458,0.082745,0.311768,1.24149,4.19044,1.24532,4.18272,669,1997,1.24527,4.18302,0,-176.665,-175.729
52892,-0.0748065,0.0225409,1.00524,0.0280762,-0.0587556,0.0100764,1.28455,4.25485,0.082879,0.311203,1.24423,4.20629,1.24708,4.19208,670,1997,1.247,4.19238,0,-176.744,-175.796
52912,-0.074002,0.0204602,1.00694,0.150213,0.0633817,0.0635116,1.16404,4.20235,0.0835626,0.310852,1.23957,4.20572,1.24501,4.19291,669,1997,1.2449,4.19322,0,-176.872,-175.915
52932,-0.0719598,0.0218677,1.0095,-0.0482597,0.0252137,-0.0433587,1.24095,4.07635,0.0838646,0.311403,1.23156,4.20222,1.24037,4.19239,669,1997,1.24025,4.19271,0,-176.837,-175.892
52954,-0.0741877,0.0227245,1.00207,-0.0329933,-0.0434885,-0.0433587,1.2991,4.23304,0.0843345,0.311021,1.24124,4.20556,1.24546,4.19505,669,1996,1.24531,4.19536,0,-176.744,-175.804
52974,-0.0728881,0.0212557,1.0025,-0.0558939,-0.0129542,-0.0662594,1.21465,4.15752,0.0836899,0.311587,1.2291,4.20631,1.2381,4.19675,669,1997,1.23792,4.19708,0,-176.505,-175.588
52994,-0.0705983,0.0230305,1.00505,0.05861,-0.0282214,0.0177101,1.31268,4.01699,0.0833965,0.31145,1.23864,4.19649,1.24264,4.19202,669,1997,1.24247,4.19236,0,-176.438,-175.518
53014,-0.0753016,0.025662,1.00262,-0.0253592,0.0175803,-0.0662594,1.46616,4.29372,0.0826756,0.314214,1.25045,4.20783,1.24904,4.19973,669,1997,1.24888,4.20008,0,-176.742,-175.791
53034,-0.07295,0.020399,1.00773,-0.0558939,-0.00532055,-0.0509923,1.15965,4.13959,0.0823668,0.312794,1.24662,4.19774,1.24748,4.1941,669,1997,1.24733,4.19445,0,-176.768,-175.813
53056,-0.0746208,0.0216841,1.00463,0.00517464,-0.142725,-0.0280915,1.23649,4.24697,0.0818902,0.313619,1.23067,4.21771,1.23829,4.20599,669,1997,1.23812,4.20634,0,-176.63,-175.697
53076,-0.0743114,0.0216841,1.00439,-0.0482597,-0.0282214,0.0864123,1.23679,4.23045,0.0813677,0.314642,1.2305,4.2188,1.23738,4.20833,668,1997,1.23721,4.20868,0,-176.365,-175.46
53096,-0.0744971,0.0237036,1.00457,-0.0329933,0.116817,-0.0128243,1.35169,4.24002,0.0810437,0.314948,1.23836,4.20611,1.24125,4.20232,668,1997,1.24105,4.20268,0,-176.373,-175.468
53116,-0.0735688,0.0220513,1.00213,0.0128088,-0.00532055,-0.0662594,1.26055,4.19766,0.0802617,0.31585,1.24732,4.21701,1.24619,4.20939,669,1995,1.24599,4.20973,0,-176.751,-175.813
53136,-0.0756729,0.0212557,1.00524,0.0662441,0.0557482,-0.104427,1.21134,4.30407,0.0801973,0.316461,1.2511,4.22772,1.24887,4.21668,668,1997,1.24866,4.217,0,-176.885,-175.933
53158,-0.0716504,0.0228469,1.0056,-0.0406265,0.10155,0.12458,1.30151,4.07446,0.0798428,0.315927,1.24506,4.21575,1.24583,4.21102,668,1997,1.24561,4.21133,0,-176.683,-175.746
53178,-0.0744352,0.0227245,1.00852,0.0357094,0.0557482,0.101679,1.29079,4.22006,0.0796104,0.316294,1.24345,4.20464,1.24503,4.20524,668,1997,1.24478,4.20552,0,-176.474,-175.55
53198,-0.0753016,0.0222961,1.00384,-0.0787945,-0.00532055,-0.0586258,1.27238,4.28888,0.0799887,0.318019,1.23495,4.21737,1.24038,4.21312,669,1997,1.24015,4.2134,0,-176.327,-175.422
53218,-0.0735688,0.0213169,1.00475,-0.0787945,0.0175803,0.0177101,1.21541,4.18684,0.07997,0.317623,1.24502,4.21343,1.24603,4.21118,668,1997,1.24581,4.21146,0,-176.426,-175.505
53238,-0.0739401,0.0211946,1.00469,-0.0329933,-0.0205877,-0.0128243,1.20851,4.20816,0.0794018,0.316677,1.22365,4.21544,1.23362,4.21208,669,1997,1.2334,4.21236,0,-176.537,-175.621
53260,-0.0744971,0.0227857,1.00244,-0.0787945,0.00994658,-0.0662594,1.30212,4.24908,0.0791236,0.318372,1.23156,4.22233,1.23715,4.21722,666,1997,1.2369,4.21749,0,-176.547,-175.631
53280,-0.0751159,0.0218677,1.00572,0.0967779,-0.0587556,-0.0662594,1.2456,4.27039,0.0786928,0.318357,1.24382,4.21905,1.24367,4.21597,668,1997,1.24339,4.21622,0,-176.753,-175.816
53300,-0.0718979,0.0232141,1.00359,-0.0253592,0.0252137,0.0711452,1.32507,4.0966,0.0791779,0.318388,1.24001,4.20187,1.24192,4.20665,669,1998,1.24165,4.20691,0,-176.779,-175.837
53320,-0.0743733,0.0218065,1.00238,-0.0100918,0.0328474,-0.0280915,1.24626,4.24239,0.0785028,0.319976,1.24062,4.20559,1.24207,4.20877,669,1997,1.24178,4.20903,0,-176.653,-175.726
53340,-0.0757967,0.0219901,1.00548,0.0662441,0.0939159,-0.142595,1.25287,4.30997,0.0788506,0.319687,1.23745,4.21869,1.24046,4.21583,668,1997,1.24017,4.21605,0,-176.657,-175.738
53362,-0.0730118,0.0208886,1.00877,-0.0406265,0.0710154,-0.142595,1.18626,4.13881,0.0788014,0.319504,1.23674,4.21666,1.24009,4.21506,669,2001,1.2398,4.21527,0,-176.707,-175.777
53382,-0.074002,0.0215005,1.00664,0.0128088,-0.00532055,-0.0357251,1.22358,4.20353,0.0785233,0.320222,1.22773,4.20798,1.23447,4.21049,669,2001,1.23417,4.2107,0,-176.679,-175.758
53402,-0.0756729,0.0214393,1.00445,-0.0253592,0.0252137,-0.00519073,1.22276,4.30743,0.0789168,0.321108,1.2179,4.22502,1.22826,4.22035,668,1996,1.22793,4.22056,0,-176.612,-175.702
53422,-0.0725786,0.0204602,1.00469,0.00517464,-0.0358551,0.0406108,1.16665,4.13101,0.0785318,0.322376,1.21277,4.21293,1.22398,4.21462,669,1996,1.22364,4.21479,0,-176.537,-175.629
53442,-0.073445,0.0212557,1.00146,-0.0177259,-0.0816565,-0.0204579,1.2159,4.19349,0.0783299,0.322514,1.20762,4.21347,1.21957,4.21482,668,2001,1.21925,4.21497,0,-176.468,-175.569
53464,-0.073445,0.0229081,1.00828,-0.0100918,0.109183,-0.0738931,1.30153,4.1651,0.078693,0.323064,1.21478,4.21374,1.22231,4.21496,669,2001,1.22199,4.21509,0,-176.574,-175.662
53484,-0.0730737,0.0210722,1.00335,-0.0940619,0.00994658,0.0558779,1.20314,4.16456,0.0788117,0.323461,1.21294,4.20349,1.22041,4.20918,666,1996,1.22008,4.20929,0,-176.616,-175.707
53504,-0.0730118,0.0232753,1.00645,-0.0253592,-0.00532055,-0.0433587,1.32479,4.14807,0.0785794,0.324973,1.21388,4.1841,1.21972,4.19771,668,1997,1.21939,4.19782,0,-176.549,-175.647
53524,-0.0762298,0.0230917,1.00353,0.0662441,0.00994658,0.0100764,1.31816,4.34278,0.0790493,0.325935,1.24069,4.20426,1.2346,4.20787,666,1996,1.23428,4.20796,0,-176.413,-175.51
53544,-0.0746208,0.0233365,1.00518,0.05861,0.109183,-0.0128243,1.32996,4.24451,0.079794,0.326409,1.25653,4.20561,1.24491,4.20834,668,2001,1.24461,4.20841,0,-176.514,-175.592
53566,-0.0736926,0.0190526,1.00579,0.0128088,-0.0663893,0.0329772,1.08523,4.18975,0.0800654,0.325768,1.25249,4.19847,1.24454,4.20347,668,2001,1.24423,4.20353,0,-176.876,-175.924
53586,-0.0747446,0.0237648,1.00785,-0.0711613,-0.0358551,-0.0586258,1.35076,4.24024,0.0794666,0.32612,1.25943,4.20034,1.24929,4.2039,668,1997,1.249,4.20397,0,-176.772,-175.825
53606,-0.0727024,0.0225409,1.00749,0.020442,-0.0434885,-0.0357251,1.28168,4.12639,0.0789289,0.325891,1.26328,4.19967,1.25288,4.20287,668,2001,1.25259,4.20295,0,-176.61,-175.677
53626,-0.0748065,0.0246216,1.00585,-0.0100918,-0.0129542,-0.0738931,1.40224,4.25209,0.0787881,0.326243,1.26387,4.19363,1.25465,4.1987,668,1997,1.25436,4.19877,0,-176.576,-175.644
53646,-0.0743114,0.0227245,1.00134,0.020442,0.0939159,0.0329772,1.30005,4.24315,0.0785099,0.326808,1.27475,4.20375,1.2624,4.20365,668,2001,1.26211,4.20371,0,-176.572,-175.632
53668,-0.0730118,0.0228469,1.00664,0.0280762,-0.0129542,0.0177101,1.30018,4.14736,0.0781249,0.326916,1.28556,4.1973,1.27059,4.19961,669,1997,1.27031,4.19968,0,-176.775,-175.808
53688,-0.071836,0.0215617,1.00262,0.0128088,0.0175803,-0.0738931,1.23198,4.0972,0.0786406,0.32742,1.27453,4.1898,1.26696,4.19495,668,1996,1.26669,4.19504,0,-176.874,-175.903
53708,-0.0732594,0.0232141,1.00524,0.020442,-0.0129542,0.00244284,1.3229,4.16711,0.0784998,0.327298,1.26453,4.19865,1.2625,4.19899,669,1998,1.26223,4.19906,0,-176.568,-175.625
53728,-0.0751159,0.0230917,1.00944,0.05861,-0.0129542,-0.0967938,1.31046,4.25464,0.0784659,0.326749,1.26428,4.19593,1.26311,4.19662,669,1997,1.26284,4.19667,0,-176.482,-175.537
53748,-0.0731356,0.0230305,1.00566,-0.0711613,0.0023129,-0.0586258,1.31189,4.15835,0.0783099,0.326582,1.26363,4.1969,1.26341,4.19679,669,1997,1.26312,4.19687,0,-176.757,-175.797
53769,-0.0726405,0.0193586,1.00323,0.0738773,0.0023129,-0.0128243,1.10546,4.1406,0.0782607,0.326552,1.26274,4.21264,1.26375,4.20565,669,1997,1.26346,4.20571,0,-176.775,-175.818
53789,-0.0741877,0.0216841,1.00652,-0.0482597,0.0481145,0.0787787,1.23418,4.21453,0.0783031,0.327346,1.26293,4.2064,1.26447,4.2029,669,1997,1.2642,4.20297,0,-176.671,-175.716
53809,-0.0743114,0.0224185,1.00116,-0.0100918,-0.0434885,-0.0280915,1.28278,4.24395,0.0774753,0.326812,1.24603,4.20737,1.2546,4.20332,669,1997,1.25433,4.2034,0,-176.71,-175.763
53829,-0.0735688,0.0219289,1.00585,-0.0406265,-0.00532055,-0.0509923,1.24893,4.18224,0.0770903,0.327255,1.25829,4.1947,1.26109,4.19627,669,1997,1.26082,4.19633,0,-176.777,-175.82
53849,-0.0744971,0.0224797,1.00779,0.0128088,-0.00532055,-0.0891602,1.27782,4.22662,0.0767968,0.328294,1.26463,4.19678,1.26499,4.19725,669,1997,1.26472,4.19732,0,-176.708,-175.747
53871,-0.0738163,0.0234589,1.0053,0.00517464,-0.0816565,0.0558779,1.33677,4.1984,0.0775568,0.328417,1.26595,4.19918,1.26668,4.19819,669,1997,1.2664,4.19827,0,-176.675,-175.718
53891,-0.0735069,0.0231529,1.00402,0.0357094,0.0862825,0.0787787,1.32102,4.18619,0.0782252,0.329562,1.2541,4.19075,1.26054,4.19349,669,1998,1.26026,4.19359,0,-176.685,-175.738
53911,-0.0726405,0.0215617,1.00305,0.020442,-0.00532055,0.0406108,1.23145,4.14117,0.0776417,0.330219,1.24833,4.18909,1.2568,4.19213,669,1997,1.25651,4.19226,0,-176.683,-175.733
53931,-0.0722073,0.0206438,1.00019,0.0662441,-0.0587556,-0.134962,1.18241,4.12836,0.0779436,0.330281,1.24128,4.17379,1.25239,4.18244,669,1997,1.25209,4.1826,0,-176.681,-175.731
53951,-0.0738163,0.0233977,1.00585,-0.0787945,-0.0511222,-0.0204579,1.33256,4.19613,0.0776655,0.32996,1.24586,4.18028,1.25396,4.18431,669,1997,1.25366,4.18449,0,-176.543,-175.603
53973,-0.0741258,0.0213781,1.00919,-0.0558939,-0.0129542,0.0787787,1.21354,4.19992,0.0765934,0.330175,1.24057,4.18067,1.24978,4.18341,669,1997,1.24945,4.1836,0,-176.373,-175.452
53993,-0.0738782,0.0258456,1.01059,0.020442,0.0175803,-0.0662594,1.465,4.17974,0.0765137,0.330267,1.24522,4.18482,1.2516,4.1848,669,1997,1.25128,4.18499,0,-176.451,-175.521
54013,-0.0735069,0.0195422,1.00305,0.0280762,-0.19616,0.0100764,1.11614,4.19056,0.0764492,0.329931,1.23965,4.18977,1.24801,4.18673,669,1997,1.24768,4.18693,0,-176.511,-175.581
54033,-0.0730118,0.0211334,1.00134,0.00517464,-0.135092,-0.0433587,1.20905,4.16936,0.0765222,0.32984,1.23465,4.20773,1.24457,4.19671,668,1997,1.24426,4.19694,0,-176.598,-175.667
54053,-0.0707221,0.0219289,1.00195,0.0815105,0.0175803,0.0329772,1.25379,4.03653,0.0760761,0.330177,1.23704,4.20246,1.24478,4.19488,668,1997,1.24445,4.19513,0,-176.91,-175.953
54075,-0.0753635,0.0215005,1.00804,-0.0558939,0.0939159,0.0253437,1.22188,4.27466,0.0754315,0.33065,1.23224,4.20426,1.2411,4.19659,668,1997,1.24076,4.19686,0,-176.783,-175.846
54095,-0.0774057,0.0229081,1.00475,0.00517464,0.0633817,-0.0967938,1.3061,4.40421,0.075993,0.330315,1.23328,4.2041,1.24095,4.1965,668,1997,1.24061,4.19675,0,-176.643,-175.715
54115,-0.0735069,0.0221737,1.00962,-0.0100918,0.0481145,-0.0586258,1.25815,4.16316,0.0751347,0.331399,1.23838,4.20465,1.24259,4.19783,668,1997,1.24223,4.1981,0,-176.816,-175.871
54135,-0.070227,0.0207662,1.00238,-0.0100918,0.109183,-0.0586258,1.18682,4.00676,0.0743985,0.331461,1.22796,4.18646,1.23582,4.18801,668,1997,1.23544,4.18828,0,-176.539,-175.621
54155,-0.0737545,0.0219901,1.00378,0.0128088,-0.0129542,-0.0357251,1.255,4.20136,0.0756012,0.331431,1.22874,4.1797,1.2357,4.18325,668,1997,1.2353,4.18351,0,-176.541,-175.627
54177,-0.0741877,0.0224797,1.00694,0.0128088,0.109183,0.0177101,1.2789,4.21268,0.07572,0.331981,1.23415,4.18293,1.23801,4.18427,668,1997,1.23764,4.18455,0,-176.616,-175.696
54197,-0.0724549,0.0219289,1.00414,-0.0177259,-0.0358551,0.0100764,1.25105,4.1261,0.0753044,0.332821,1.2365,4.19133,1.23879,4.18875,668,1997,1.23842,4.18904,0,-176.492,-175.582
54217,-0.0747446,0.0205214,1.00566,-0.0329933,-0.00532055,-0.0738931,1.169,4.24974,0.0751941,0.333157,1.23014,4.20463,1.23475,4.1964,668,1997,1.23435,4.19667,0,-176.44,-175.534
54237,-0.0738782,0.0209498,1.0053,-0.0177259,0.0023129,-0.0128243,1.19383,4.20214,0.0750686,0.333555,1.23033,4.20942,1.23417,4.19976,668,1997,1.23378,4.20003,0,-176.673,-175.751
54257,-0.0711553,0.0207662,1.00268,0.0357094,-0.00532055,0.0100764,1.18646,4.05832,0.0758592,0.33412,1.22254,4.21194,1.22953,4.20245,668,1996,1.22914,4.20275,0,-176.77,-175.841
54279,-0.0735069,0.0196646,1.00353,-0.0329933,-0.0205877,-0.0280915,1.12259,4.18852,0.0756726,0.333418,1.22515,4.19894,1.23004,4.19534,668,1997,1.22966,4.19566,0,-176.863,-175.921
54299,-0.0754253,0.0213781,1.0056,-0.0406265,0.0328474,0.0406108,1.21787,4.28848,0.0754097,0.333861,1.22582,4.20778,1.22951,4.2007,668,1997,1.22916,4.20103,0,-176.865,-175.924
54319,-0.07295,0.0193586,1.00341,-0.0100918,-0.0205877,-0.0967938,1.10526,4.15743,0.0749177,0.333786,1.22284,4.20668,1.22715,4.20069,669,1997,1.22681,4.20103,0,-176.628,-175.712
54339,-0.0735688,0.020705,1.00639,0.0509768,0.116817,0.0558779,1.1786,4.18008,0.0747159,0.334626,1.21546,4.19985,1.22186,4.19755,668,1997,1.22154,4.19789,0,-176.636,-175.724
54359,-0.075611,0.020399,1.00566,-0.0177259,-0.00532055,-0.0433587,1.16203,4.29882,0.0740255,0.335069,1.22399,4.20261,1.22543,4.19919,668,2001,1.22512,4.19955,0,-176.775,-175.847
54381,-0.0735688,0.0202154,1.00749,-0.0711613,0.00994658,0.0100764,1.14949,4.1756,0.0742359,0.33484,1.22485,4.20154,1.22559,4.19889,666,1996,1.22528,4.19925,0,-176.714,-175.799
54401,-0.0723311,0.0215617,1.00353,0.0280762,-0.0663893,-0.0662594,1.23086,4.1216,0.0745226,0.335513,1.22126,4.21003,1.22321,4.20426,669,1997,1.2229,4.20462,0,-176.722,-175.813
54421,-0.0732594,0.020705,1.00566,-0.0406265,-0.0129542,-0.188397,1.17946,4.16558,0.0736642,0.334963,1.21504,4.19284,1.21878,4.19434,668,1997,1.21847,4.19468,0,-176.781,-175.859
54441,-0.0722692,0.0213169,1.00652,-0.147496,0.0557482,-0.0815266,1.21328,4.10595,0.0728059,0.335452,1.20734,4.18463,1.21305,4.18934,668,2001,1.21274,4.18969,0,-176.772,-175.855
54461,-0.0746208,0.025662,1.00432,-0.0711613,0.0175803,-0.0586258,1.46367,4.24786,0.0717796,0.33556,1.22923,4.1881,1.22404,4.19027,669,1996,1.22375,4.19063,0,-176.941,-176.006
54483,-0.0730737,0.0233365,1.00426,0.0128088,0.0557482,-0.104427,1.33116,4.16059,0.0715472,0.337255,1.22554,4.18666,1.2221,4.1895,669,1997,1.22182,4.18987,0,-176.906,-175.972
54503,-0.0753016,0.0215005,1.0081,-0.0787945,-0.0511222,-0.0738931,1.22181,4.27091,0.0708416,0.336996,1.22088,4.18166,1.21917,4.18558,668,1997,1.21892,4.18593,0,-176.738,-175.822
54523,-0.0736926,0.0199094,1.00725,-0.0406265,-0.0129542,0.0787787,1.13237,4.18363,0.0696168,0.336157,1.21479,4.17917,1.21516,4.18279,668,2001,1.21496,4.18316,0,-176.679,-175.77
54543,-0.0727024,0.0223573,1.0042,-0.0482597,-0.0587556,-0.0891602,1.27541,4.13986,0.0691554,0.335501,1.20794,4.17604,1.21042,4.17985,669,2001,1.21023,4.18021,0,-176.643,-175.738
54563,-0.074002,0.0243156,1.0053,-0.109328,0.0404809,0.0482444,1.38557,4.20884,0.0683276,0.335455,1.23482,4.16579,1.22492,4.17275,669,1997,1.22476,4.17312,0,-176.807,-175.875
54585,-0.0730737,0.0207662,1.00548,-0.0253592,0.0786488,-0.0586258,1.18316,4.1558,0.0684769,0.335639,1.24382,4.18483,1.23154,4.18255,668,1996,1.23141,4.18293,0,-176.91,-175.968
54605,-0.0730118,0.020399,1.00633,0.0967779,-0.0358551,-0.142595,1.16126,4.14882,0.0688858,0.336387,1.22487,4.18387,1.22224,4.18209,668,2001,1.2221,4.18246,0,-176.809,-175.885
54625,-0.0727643,0.023826,1.00232,-0.0253592,0.0862825,-0.0738931,1.36172,4.151,0.0684702,0.337273,1.22237,4.1838,1.22055,4.18211,668,1997,1.22043,4.18248,0,-176.651,-175.744
54645,-0.0749303,0.0199706,1.00962,-0.00245857,0.0557482,0.0635116,1.13318,4.24368,0.0690012,0.338541,1.2266,4.19874,1.22352,4.19087,668,1997,1.22341,4.19125,0,-176.679,-175.762
54665,-0.0741258,0.0213781,1.00676,0.00517464,-0.0969236,-0.0204579,1.21647,4.21004,0.0686772,0.339351,1.23946,4.20969,1.23105,4.19794,669,1997,1.23094,4.19835,0,-176.705,-175.777
54687,-0.0725168,0.0214393,1.0095,-0.0558939,0.0404809,-0.0357251,1.21664,4.10783,0.0686585,0.338481,1.23259,4.20536,1.2281,4.19627,669,1997,1.22801,4.19668,0,-176.651,-175.737
54706,-0.0738782,0.0208886,1.00499,0.0357094,0.0023129,0.00244284,1.19071,4.20341,0.0687926,0.338023,1.2179,4.19623,1.22014,4.19144,669,1997,1.22005,4.19185,0,-176.826,-175.908
54726,-0.0730118,0.0233977,1.0042,0.0662441,0.0786488,-0.0433587,1.33473,4.15732,0.0698884,0.339154,1.21517,4.20257,1.21847,4.19589,669,1997,1.21839,4.19634,0,-176.69,-175.78
54746,-0.0732594,0.0216841,1.00366,-0.0253592,-0.0587556,0.00244284,1.23769,4.17379,0.0711828,0.339047,1.22335,4.20816,1.22327,4.19973,669,1998,1.22319,4.20016,0,-176.539,-175.629
54766,-0.0738163,0.0215005,1.00451,0.0967779,0.0252137,-0.0280915,1.22618,4.20187,0.0711031,0.337857,1.22924,4.20091,1.22654,4.19578,669,1997,1.22646,4.1962,0,-176.673,-175.752
54788,-0.0751159,0.0204602,1.00627,-0.0558939,0.0252137,-0.0433587,1.16481,4.2682,0.0712829,0.336651,1.23381,4.20393,1.22957,4.19734,669,1997,1.22949,4.19773,0,-176.673,-175.751
54808,-0.0747446,0.020399,1.00153,0.0433426,-0.0434885,-0.0815266,1.16683,4.26723,0.0707605,0.337583,1.22038,4.21199,1.22204,4.20303,669,1998,1.22197,4.20344,0,-176.828,-175.899
54828,-0.0736307,0.0232141,1.00426,-0.0177259,0.0404809,-0.142595,1.32419,4.1922,0.0708487,0.336622,1.23091,4.22284,1.22769,4.20992,669,1997,1.22761,4.21031,0,-177.001,-176.059
54848,-0.0746208,0.0221125,1.00585,-0.0558939,-0.00532055,0.0100764,1.25939,4.24182,0.0703415,0.337141,1.24247,4.22456,1.23463,4.21253,669,1997,1.23458,4.21293,0,-176.947,-176.003
54868,-0.0739401,0.0180735,1.00688,-0.0177259,-0.00532055,-0.0280915,1.02835,4.19929,0.0704145,0.338271,1.22524,4.22117,1.22573,4.21268,669,1997,1.22569,4.21305,0,-176.746,-175.825
54890,-0.074559,0.0202766,1.00676,-0.00245857,-0.0129542,-0.0433587,1.15381,4.23465,0.0706706,0.338333,1.20954,4.21676,1.21662,4.21107,669,1997,1.21656,4.21141,0,-176.732,-175.817
54910,-0.0758585,0.0225409,1.00432,0.020442,0.0862825,0.0100764,1.28572,4.31837,0.0700108,0.339188,1.21492,4.21102,1.21842,4.20871,669,1997,1.21837,4.20907,0,-176.807,-175.886
54930,-0.0760442,0.0238872,1.00822,0.0128088,-0.00532055,-0.0586258,1.35723,4.31212,0.070328,0.340029,1.23724,4.2079,1.23095,4.20745,668,1997,1.23091,4.2078,0,-176.783,-175.856
54950,-0.0741258,0.0209498,1.0067,-0.0406265,0.0710154,-0.0280915,1.19217,4.21033,0.0709048,0.340273,1.23458,4.21624,1.23044,4.21256,668,1997,1.2304,4.21291,0,-176.685,-175.764
54970,-0.0720836,0.0197258,1.00712,-0.0253592,0.0710154,-0.142595,1.12207,4.09311,0.0702144,0.340487,1.22133,4.20833,1.22295,4.20878,668,1995,1.22291,4.20913,0,-176.541,-175.634
54992,-0.0755491,0.0223573,1.00359,-0.0329933,0.0939159,0.00244284,1.27618,4.30396,0.0700431,0.341602,1.22204,4.20332,1.22291,4.20613,668,1997,1.22287,4.20646,0,-176.562,-175.653
55012,-0.0736926,0.0230917,1.00773,-0.0100918,0.00994658,-0.112061,1.31267,4.18134,0.0692611,0.342198,1.22736,4.21164,1.22537,4.21092,667,1997,1.22534,4.21123,0,-176.703,-175.781
55032,-0.0752397,0.0196646,1.0056,-0.0711613,0.0633817,-0.0815266,1.12028,4.27811,0.0686776,0.342061,1.21452,4.21442,1.21796,4.21252,668,1997,1.21792,4.21283,0,-176.729,-175.81
55052,-0.0743114,0.0213781,1.00621,-0.0635271,0.0710154,-0.0357251,1.21713,4.22283,0.0682772,0.342459,1.21808,4.20734,1.2193,4.20882,668,1998,1.21926,4.20915,0,-176.719,-175.801
55072,-0.0756729,0.0214393,1.00226,0.0891447,-0.0205877,0.0482444,1.22543,4.3168,0.0689304,0.341772,1.22671,4.20804,1.22435,4.20859,669,1997,1.22432,4.20889,0,-176.738,-175.816
55094,-0.0759823,0.0205214,1.00767,-0.0253592,-0.00532055,0.0406108,1.16668,4.31127,0.0698888,0.341391,1.22927,4.22735,1.22663,4.21943,668,1997,1.2266,4.21972,0,-176.72,-175.801
55114,-0.0731356,0.0190526,1.00329,0.00517464,-0.0358551,0.0940459,1.08793,4.1685,0.070374,0.341117,1.21404,4.2356,1.21837,4.22547,669,1997,1.21835,4.22574,0,-176.511,-175.614
55134,-0.0730737,0.0211334,1.00597,0.020442,-0.0129542,-0.0204579,1.20349,4.15377,0.0697294,0.340461,1.20568,4.20725,1.21263,4.21018,669,1997,1.21259,4.21043,0,-176.474,-175.583
55154,-0.0757348,0.0216229,1.00548,-0.101695,0.0404809,-0.0357251,1.23196,4.3065,0.0692527,0.341087,1.22247,4.20539,1.22102,4.20898,668,1997,1.221,4.20921,0,-176.342,-175.455
55174,-0.0733832,0.0235813,1.00877,-0.0787945,0.0023129,0.0864123,1.33912,4.15954,0.0680585,0.340248,1.23969,4.21521,1.23045,4.21414,668,1997,1.23045,4.21434,0,-176.336,-175.439
55196,-0.075611,0.0209498,1.00439,-0.109328,0.0633817,0.0253437,1.19492,4.30422,0.0670475,0.341149,1.23731,4.21828,1.22982,4.21654,668,1997,1.22982,4.21673,0,-176.639,-175.721
55216,-0.0746827,0.0218677,1.00603,0.0357094,0.0023129,-0.0204579,1.24522,4.24458,0.0663877,0.341501,1.23205,4.2142,1.22734,4.2146,668,1997,1.22736,4.21477,0,-176.746,-175.816
55236,-0.0739401,0.024132,1.00359,0.0891447,-0.0129542,-0.0815266,1.37745,4.21246,0.0666744,0.341806,1.22736,4.22798,1.22512,4.22289,669,1998,1.22515,4.22306,0,-176.608,-175.687
55256,-0.0735688,0.0232141,1.00658,-0.0406265,-0.0129542,-0.165496,1.32114,4.1791,0.0665488,0.341395,1.23269,4.24517,1.22834,4.23376,668,1997,1.22837,4.23391,0,-176.373,-175.475
55276,-0.0744352,0.0234589,1.0067,-0.0940619,0.0710154,-0.127328,1.33491,4.22761,0.0652172,0.341456,1.24834,4.23789,1.23744,4.23124,668,1997,1.23747,4.23139,0,-176.531,-175.614
55298,-0.0751778,0.0205826,1.00767,-0.0329933,-0.112191,-0.0357251,1.17015,4.26579,0.064023,0.340174,1.24462,4.24634,1.23647,4.23683,668,1997,1.2365,4.23696,0,-176.843,-175.91
55318,-0.0759204,0.0183183,1.00536,-0.0482597,0.0328474,-0.0280915,1.04385,4.31782,0.0633173,0.340678,1.22617,4.24278,1.22678,4.23665,668,2001,1.22682,4.23679,0,-176.582,-175.68
55338,-0.073445,0.0230305,1.00572,0.0967779,0.109183,-0.0280915,1.31181,4.17563,0.0636804,0.341656,1.21252,4.22922,1.21876,4.23057,669,2001,1.21879,4.23069,0,-176.361,-175.475
55358,-0.075054,0.0231529,1.00548,0.0128088,0.0633817,-0.0128243,1.3191,4.26779,0.0635701,0.343153,1.2342,4.22729,1.23056,4.23032,668,1996,1.23058,4.2304,0,-176.329,-175.43
55378,-0.076663,0.0199094,1.00481,-0.0100918,0.0328474,0.0406108,1.13511,4.36213,0.0634141,0.343672,1.24262,4.23642,1.23622,4.23572,668,1997,1.23623,4.23577,0,-176.531,-175.61
55400,-0.0743114,0.0206438,1.00165,0.05861,0.109183,0.0253437,1.18069,4.24206,0.0638382,0.343398,1.23291,4.22746,1.23173,4.23101,669,1996,1.23176,4.23105,0,-176.671,-175.747
55420,-0.0753016,0.0220513,1.00286,0.0128088,-0.0587556,-0.0128243,1.25964,4.29305,0.0638653,0.344665,1.24128,4.23656,1.23698,4.23684,668,1996,1.237,4.23686,0,-176.785,-175.851
55440,-0.0709696,0.0209498,1.00402,0.0738773,-0.00532055,-0.0204579,1.19535,4.04238,0.064381,0.343475,1.24214,4.21524,1.23852,4.22466,668,1996,1.23854,4.22466,0,-176.791,-175.856
55460,-0.0737545,0.0218065,1.00469,-0.0940619,-0.0511222,0.0635116,1.24339,4.19758,0.0639044,0.343888,1.24284,4.20723,1.23942,4.21926,668,1997,1.23945,4.21924,0,-176.482,-175.569
55480,-0.0746208,0.0218065,1.0011,-0.0406265,0.0557482,-0.0433587,1.24785,4.26187,0.0631224,0.343842,1.24126,4.21272,1.2389,4.22117,668,1999,1.23891,4.22113,0,-176.495,-175.574
55502,-0.0748684,0.0211946,1.00207,0.0280762,0.0023129,0.0940459,1.21167,4.27188,0.0632412,0.343858,1.22931,4.21514,1.23252,4.22175,669,1997,1.2325,4.22171,0,-176.626,-175.702
55522,-0.0733832,0.0220513,1.00451,-0.00245857,0.0786488,-0.0738931,1.25758,4.17725,0.0626271,0.344591,1.22027,4.21677,1.22674,4.22242,668,1997,1.2267,4.22236,0,-176.482,-175.584
55542,-0.075611,0.0246828,1.00609,-0.00245857,0.0252137,-0.0280915,1.40538,4.2966,0.0636619,0.34479,1.24748,4.22039,1.24232,4.22394,668,1997,1.24228,4.22387,0,-176.547,-175.628
55562,-0.0727643,0.0220513,1.00463,-0.0558939,-0.0434885,-0.104427,1.25742,4.14165,0.0635669,0.343279,1.25062,4.22534,1.24521,4.22604,668,1996,1.24515,4.22593,0,-176.649,-175.725
55582,-0.0725168,0.0229081,1.00548,-0.0482597,-0.0129542,-0.0280915,1.30516,4.12405,0.0636704,0.343295,1.24692,4.2192,1.2441,4.22265,669,1994,1.24405,4.22253,0,-176.528,-175.619
55604,-0.0739401,0.0210722,1.00505,0.0357094,0.0023129,-0.0509923,1.2011,4.20665,0.0637739,0.343479,1.25334,4.23162,1.24871,4.22961,669,1997,1.24863,4.22946,0,-176.275,-175.375
55624,-0.0733832,0.0221125,1.00493,-0.0406265,0.0175803,-0.0128243,1.26053,4.17548,0.0636942,0.342792,1.25262,4.22516,1.24927,4.22615,669,1998,1.24916,4.226,0,-176.417,-175.503
55643,-0.073445,0.0237036,1.0084,-0.101695,0.0252137,-0.127328,1.34656,4.16453,0.0625,0.342991,1.25862,4.21839,1.25311,4.22256,669,1995,1.253,4.2224,0,-176.655,-175.718
55663,-0.0759204,0.0221737,1.00621,0.0433426,0.0786488,-0.0586258,1.26241,4.31385,0.0621607,0.342808,1.26477,4.22751,1.25777,4.22738,669,1998,1.25763,4.22721,0,-176.75,-175.805
55683,-0.0716504,0.0216841,1.00785,0.020442,-0.0892901,-0.0280915,1.23254,4.06549,0.0628291,0.342045,1.26091,4.22257,1.25729,4.22462,669,1997,1.25713,4.22442,0,-176.716,-175.775
55705,-0.0720836,0.0211946,1.00767,-0.0253592,0.0481145,-0.0815266,1.20494,4.09077,0.0631311,0.341924,1.24981,4.21788,1.25197,4.22197,669,1997,1.25178,4.22177,0,-176.618,-175.692
55725,-0.0742495,0.0223573,1.0053,-0.0558939,-0.0129542,0.0329772,1.27402,4.22305,0.0621506,0.342123,1.25627,4.22268,1.25548,4.22439,669,1996,1.25528,4.22415,0,-176.757,-175.816
55745,-0.068618,0.0213169,0.999943,0.0128088,0.0939159,-0.0128243,1.22126,3.9247,0.0613076,0.342062,1.25447,4.20254,1.25479,4.21267,669,1997,1.25459,4.21241,0,-176.649,-175.709
55765,-0.0732594,0.0212557,1.0067,-0.0482597,0.0557482,0.0253437,1.20958,4.16126,0.0609073,0.343192,1.24869,4.19519,1.25184,4.20786,669,1997,1.25164,4.20761,0,-176.409,-175.492
55785,-0.0733832,0.0209498,1.00725,0.0128088,0.0023129,-0.0433587,1.19153,4.16604,0.0605069,0.343513,1.23595,4.17947,1.24451,4.19712,669,1997,1.24428,4.19686,0,-176.47,-175.552
55807,-0.0759204,0.0230305,1.0053,-0.0482597,-0.0434885,0.0100764,1.31236,4.31767,0.0603204,0.344201,1.24731,4.19195,1.25054,4.20203,669,1997,1.2503,4.20176,0,-176.509,-175.587
55827,-0.0738163,0.0232141,1.00664,0.0509768,-0.0282214,0.00244284,1.32106,4.19286,0.0595231,0.344858,1.25533,4.19533,1.25499,4.20291,669,1997,1.25474,4.20265,0,-176.38,-175.466
55847,-0.0735069,0.0205826,1.00439,0.020442,0.0023129,-0.0280915,1.17398,4.18491,0.0594892,0.344874,1.23896,4.17722,1.24615,4.19109,669,1998,1.2459,4.19084,0,-176.44,-175.522
55867,-0.0738163,0.0227245,1.00329,-0.0100918,-0.0587556,0.0253437,1.29753,4.20684,0.059898,0.345149,1.24764,4.19165,1.25109,4.19723,669,2001,1.25083,4.19698,0,-176.62,-175.686
55887,-0.0735069,0.0224185,1.0042,-0.109328,-0.0816565,0.0787787,1.2789,4.1855,0.0592382,0.345439,1.24452,4.1866,1.24896,4.19335,668,1998,1.2487,4.19313,0,-176.653,-175.715
55909,-0.0741877,0.0219289,1.0053,0.020442,-0.0740228,0.0253437,1.24961,4.21959,0.059815,0.344539,1.25033,4.18522,1.25256,4.19088,668,1997,1.2523,4.19068,0,-176.742,-175.79
55929,-0.0733213,0.0218065,1.00061,-0.0558939,-0.0511222,-0.0280915,1.24846,4.18995,0.0584375,0.344387,1.24797,4.18639,1.25086,4.19035,669,1999,1.25061,4.19016,0,-176.744,-175.8
55949,-0.0748065,0.0206438,1.00505,-0.0864277,0.0175803,-0.0662594,1.17669,4.2558,0.0581594,0.343716,1.24198,4.17214,1.24755,4.18063,668,1993,1.24726,4.18045,0,-176.413,-175.497
55969,-0.0739401,0.0216841,1.00518,-0.0329933,-0.0129542,-0.104427,1.23582,4.20609,0.0576827,0.343899,1.23235,4.17534,1.2415,4.18066,668,1997,1.24121,4.1805,0,-176.543,-175.621
55989,-0.0752397,0.0236425,1.00195,0.0509768,-0.112191,-0.119695,1.35172,4.29327,0.0576641,0.343732,1.25135,4.2028,1.2517,4.19511,669,1997,1.2514,4.19494,0,-176.604,-175.669
56011,-0.0712172,0.0222961,1.00725,0.0357094,-0.0282214,-0.0509923,1.26808,4.04337,0.0583019,0.342709,1.27745,4.18295,1.26772,4.18365,669,1998,1.2674,4.1835,0,-176.582,-175.629
56031,-0.0781483,0.0163599,1.00718,0.0280762,0.0557482,0.00244284,0.930587,4.43615,0.0591383,0.343381,1.25348,4.19819,1.25634,4.19163,669,1997,1.25601,4.19147,0,-176.643,-175.695
56051,-0.0715885,0.0230917,1.0042,0.0662441,-0.157992,-0.00519073,1.31729,4.07658,0.0592112,0.342771,1.22351,4.2393,1.23868,4.21607,668,1997,1.23836,4.21594,0,-176.703,-175.772
56071,-0.0656476,0.0252336,1.00822,0.0128088,-0.104557,-0.112061,1.43369,3.72424,0.0600781,0.34155,1.25602,4.16671,1.25636,4.17627,669,1998,1.25601,4.17616,0,-176.712,-175.759
56091,-0.0791384,0.0205214,1.00299,-0.0406265,0.12445,0.00244284,1.17212,4.51051,0.0604564,0.341536,1.26431,4.14748,1.26205,4.16224,669,1997,1.26172,4.16215,0,-176.411,-175.472
56113,-0.0724549,0.0257844,1.00408,0.0128088,-0.142725,-0.0128243,1.47101,4.12597,0.0592011,0.339536,1.27278,4.19902,1.2671,4.18918,668,1997,1.26674,4.1891,0,-176.574,-175.621
56133,-0.0738782,0.0204602,1.00311,0.14258,-0.0511222,-0.0204579,1.16849,4.21132,0.0592435,0.339307,1.28605,4.18797,1.27661,4.18315,668,1997,1.27626,4.18309,0,-176.74,-175.763
56153,-0.0742495,0.0174615,1.01211,-0.00245857,-0.0282214,-0.0280915,0.988398,4.19513,0.0604005,0.339537,1.2587,4.18672,1.26348,4.18246,668,1997,1.26312,4.18241,0,-176.714,-175.757
56173,-0.0743114,0.0181959,1.00591,-0.0329933,0.20842,-0.119695,1.03631,4.22436,0.0599238,0.339766,1.21092,4.17292,1.23558,4.17441,668,1997,1.23519,4.17439,0,-176.61,-175.69
56193,-0.0762917,0.0259068,1.00585,0.0509768,0.0557482,-0.0204579,1.47539,4.33605,0.0595846,0.341385,1.22142,4.19457,1.23843,4.18675,669,1997,1.23804,4.18674,0,-176.612,-175.687
56215,-0.0730737,0.0218065,1.00323,-0.0711613,0.00994658,-0.0433587,1.2452,4.165,0.0590316,0.340332,1.24499,4.19172,1.25043,4.18524,666,1997,1.25004,4.18524,0,-176.655,-175.721
56235,-0.074559,0.021011,1.00323,-0.0329933,0.10155,0.0253437,1.19979,4.24942,0.0587381,0.340607,1.23911,4.17412,1.24673,4.17516,668,1997,1.24633,4.17519,0,-176.667,-175.733
56255,-0.0771581,0.0205826,1.00505,-0.0253592,0.0252137,0.0482444,1.1732,4.38907,0.0586279,0.341142,1.24674,4.21313,1.25066,4.19722,669,2001,1.25026,4.19726,0,-176.744,-175.804
56275,-0.0712172,0.0209498,1.00481,-0.0329933,-0.0129542,-0.0204579,1.19441,4.05325,0.0582581,0.340028,1.23089,4.19474,1.24111,4.18791,669,1996,1.2407,4.18795,0,-176.855,-175.92
56295,-0.0719598,0.0224185,1.00621,-0.0100918,0.0404809,-0.0891602,1.27635,4.08957,0.0577815,0.340991,1.22703,4.18237,1.23758,4.18147,668,1997,1.23717,4.18154,0,-176.759,-175.835
56317,-0.0769725,0.0252948,1.00706,0.0433426,-0.0434885,0.0787787,1.43882,4.3694,0.0575185,0.341113,1.25825,4.21073,1.25432,4.19749,668,2001,1.2539,4.19756,0,-176.28,-175.371
56337,-0.0741258,0.0196034,1.00572,-0.00245857,0.0252137,-0.0586258,1.11666,4.2145,0.057622,0.341129,1.26291,4.22457,1.25825,4.20703,668,1997,1.25785,4.2071,0,-176.244,-175.332
56357,-0.0727024,0.0185631,1.00378,-0.00245857,-0.0282214,0.00244284,1.05946,4.14193,0.0571149,0.341114,1.22243,4.2043,1.2355,4.1973,669,1997,1.23511,4.19738,0,-176.417,-175.515
56377,-0.0747446,0.0207662,1.00554,-0.00245857,0.0404809,-0.0738931,1.18309,4.25023,0.057371,0.341389,1.20253,4.19547,1.22245,4.19282,668,1996,1.22206,4.19289,0,-176.44,-175.546
56397,-0.0744971,0.0248664,1.00426,-0.0329933,-0.0740228,-0.0815266,1.4184,4.24118,0.0567112,0.341695,1.22677,4.21647,1.23354,4.20502,668,1997,1.23315,4.20509,0,-176.474,-175.565
56419,-0.0710934,0.0221737,1.0056,-0.0253592,-0.0511222,-0.0586258,1.26318,4.04295,0.0561582,0.341329,1.24835,4.19767,1.2451,4.19516,668,1997,1.2447,4.19525,0,-176.669,-175.732
56439,-0.0739401,0.0191138,1.0039,-0.0711613,0.0175803,0.0253437,1.09076,4.21164,0.054964,0.340505,1.22993,4.18788,1.23462,4.1891,669,2001,1.23424,4.18918,0,-176.77,-175.833
56459,-0.0768487,0.0213169,1.00645,-0.0558939,-0.0434885,-0.0586258,1.21336,4.36542,0.053785,0.341391,1.21935,4.21295,1.22733,4.20356,668,1996,1.22696,4.20363,0,-176.716,-175.8
56479,-0.0725168,0.0211334,1.00092,0.0509768,0.0328474,0.0635116,1.20956,4.14294,0.0535527,0.341682,1.22294,4.2095,1.22822,4.20288,668,1997,1.22785,4.20296,0,-176.675,-175.758
56499,-0.0746208,0.0225409,1.00232,-0.124596,-0.0129542,0.00244284,1.2883,4.25665,0.0524043,0.341713,1.23093,4.21765,1.23172,4.20843,669,1994,1.23136,4.20853,0,-176.687,-175.756
56521,-0.0751778,0.0233365,1.00414,-0.0558939,0.0252137,-0.0204579,1.33133,4.28046,0.0507215,0.342217,1.24103,4.22408,1.23674,4.21347,668,2001,1.23635,4.21357,0,-176.713,-175.78
56541,-0.0740639,0.0185631,1.00445,-0.0482597,-0.0205877,-0.0509923,1.05876,4.21641,0.0497868,0.342843,1.21982,4.23274,1.22502,4.22019,669,1997,1.22464,4.2203,0,-176.525,-175.616
56561,-0.0746208,0.0213169,1.0053,-0.0940619,0.0252137,-0.0738931,1.21475,4.24419,0.0492338,0.342966,1.23441,4.21779,1.23263,4.21325,669,1996,1.23225,4.21333,0,-176.284,-175.392
56580,-0.0728262,0.0216229,1.00834,-0.0482597,-0.0205877,-0.0662594,1.22847,4.13,0.0480396,0.343608,1.23729,4.19891,1.23416,4.20336,669,1997,1.23377,4.20343,0,-176.395,-175.5
56600,-0.0759823,0.0210722,1.00475,-0.0177259,0.0175803,-0.0738931,1.20146,4.3237,0.0466317,0.344066,1.24222,4.20579,1.23699,4.20681,669,1997,1.2366,4.20688,0,-176.592,-175.676
56622,-0.0755491,0.0197258,1.00536,-0.00245857,-0.0129542,0.0482444,1.12404,4.29667,0.0465978,0.344631,1.22786,4.22439,1.22965,4.21776,669,2000,1.22926,4.21782,0,-176.675,-175.752
56642,-0.0743114,0.0206438,1.00432,-0.0100918,-0.0816565,-0.0204579,1.17754,4.23079,0.0467776,0.343273,1.21788,4.2222,1.22387,4.21699,669,1998,1.22348,4.21704,0,-176.574,-175.665
56662,-0.0728881,0.0237648,1.00396,-0.116962,-0.0129542,0.0177101,1.356,4.15126,0.0455834,0.342678,1.23942,4.21863,1.23503,4.21559,669,1997,1.23463,4.21562,0,-176.612,-175.693
56682,-0.0731356,0.0205826,1.00645,-0.00245857,-0.0892901,0.0329772,1.17157,4.15532,0.0448014,0.340847,1.24266,4.2114,1.23742,4.21121,669,1997,1.23702,4.21125,0,-176.604,-175.68
56702,-0.0737545,0.0227245,1.0028,-0.0329933,-0.0358551,-0.0433587,1.29816,4.20536,0.044279,0.340496,1.24079,4.21303,1.23697,4.21218,669,1998,1.23657,4.21221,0,-176.543,-175.624
56724,-0.0704746,0.0215617,1.00366,-0.0864277,-0.0358551,0.0558779,1.23071,4.01567,0.0428099,0.340466,1.24438,4.19599,1.23922,4.2029,669,1997,1.23884,4.20294,0,-176.637,-175.713
56744,-0.0749303,0.0237036,1.00542,-0.0329933,-0.0511222,-0.00519073,1.35055,4.26099,0.0423791,0.340283,1.25061,4.1869,1.24347,4.19662,669,1997,1.24308,4.19668,0,-176.604,-175.677
56764,-0.0747446,0.0218677,1.00834,-0.0864277,0.0557482,-0.0815266,1.24237,4.23838,0.0419482,0.340497,1.25933,4.18469,1.24962,4.19436,669,1997,1.24922,4.1944,0,-176.482,-175.561
56784,-0.0749922,0.0215617,1.01065,-0.0558939,-0.0587556,-0.157863,1.22219,4.2427,0.040922,0.340864,1.24711,4.19816,1.24362,4.201,669,1998,1.24324,4.20103,0,-176.47,-175.552
56804,-0.0744971,0.0239484,1.00579,-0.0558939,-0.104557,-0.0662594,1.36399,4.23489,0.0398041,0.33972,1.25242,4.20648,1.24695,4.20503,669,1997,1.24657,4.20505,0,-176.718,-175.784
56826,-0.0715266,0.0208274,1.0053,-0.139863,0.0252137,0.0711452,1.18686,4.06885,0.0384114,0.340178,1.24204,4.21283,1.24151,4.20933,669,1997,1.24111,4.20934,0,-176.62,-175.704
56846,-0.0719598,0.0192974,1.00858,-0.0864277,-0.0358551,-0.0967938,1.09612,4.08024,0.0362248,0.340347,1.22565,4.19703,1.23168,4.20078,669,1997,1.23128,4.20078,0,-176.533,-175.619
56866,-0.0748684,0.0222961,1.00445,-0.0329933,-0.0587556,-0.0357251,1.27161,4.26172,0.0357024,0.33963,1.21704,4.19788,1.22584,4.20044,669,1997,1.22546,4.20043,0,-176.545,-175.634
56886,-0.0741258,0.0211946,1.00396,-0.0253592,0.0252137,-0.0280915,1.20939,4.22174,0.0352257,0.33905,1.22809,4.2191,1.23125,4.21221,669,1997,1.23087,4.21221,0,-176.478,-175.572
56906,-0.074002,0.0206438,1.00347,-0.0558939,-0.0434885,-0.0204579,1.17854,4.2168,0.0341995,0.337829,1.22128,4.2118,1.22684,4.20834,668,1997,1.22647,4.20833,0,-176.578,-175.672
56928,-0.0744971,0.0199094,1.00487,-0.0329933,-0.0663893,-0.0815266,1.13505,4.23909,0.0324862,0.337952,1.21185,4.21001,1.22037,4.20769,669,1997,1.22002,4.20765,0,-176.852,-175.933
56948,-0.0720836,0.020093,1.00761,0.0433426,-0.00532055,-0.0586258,1.1424,4.09111,0.0321164,0.338227,1.21068,4.21846,1.21877,4.21325,668,1997,1.21842,4.21319,0,-176.74,-175.827
56968,-0.072393,0.0224185,1.00682,-0.0482597,-0.0205877,-0.0280915,1.27557,4.11162,0.0317161,0.338655,1.2135,4.2122,1.21934,4.2106,669,1998,1.219,4.21051,0,-176.438,-175.545
56988,-0.074559,0.0211946,1.00487,0.0433426,0.109183,0.0177101,1.20829,4.24248,0.0319112,0.339938,1.22126,4.20239,1.22348,4.20555,668,1997,1.22316,4.20548,0,-176.311,-175.422
57008,-0.0763536,0.0239484,1.00767,-0.0787945,0.0633817,-0.0509923,1.36144,4.33194,0.031404,0.340671,1.22571,4.20858,1.22567,4.20907,668,1997,1.22537,4.20899,0,-176.255,-175.363
57030,-0.0738782,0.0230917,1.00518,-0.0406265,0.10155,-0.0815266,1.31601,4.20245,0.0306525,0.34171,1.23987,4.20832,1.23373,4.20947,668,1997,1.23341,4.20939,0,-176.717,-175.78
57050,-0.074002,0.0242544,1.00901,0.0128088,-0.0663893,-0.0967938,1.377,4.19342,0.0311682,0.34229,1.24989,4.20484,1.24077,4.20769,668,1997,1.24042,4.2076,0,-176.671,-175.739
57070,-0.0722073,0.0236425,1.00183,0.104412,0.10155,0.116947,1.35189,4.12135,0.0309053,0.343268,1.262,4.19428,1.24912,4.20159,668,1997,1.24874,4.2015,0,-176.578,-175.65
57090,-0.0764155,0.0206438,1.00487,-0.0482597,-0.0282214,0.0177101,1.1769,4.34777,0.0312378,0.343115,1.25404,4.20109,1.24686,4.20426,669,1997,1.24647,4.20416,0,-176.805,-175.86
57110,-0.0759823,0.0196034,1.00487,0.0357094,-0.0205877,0.00244284,1.11761,4.32331,0.0321047,0.343101,1.23908,4.22552,1.24002,4.21812,669,1998,1.23962,4.21801,0,-176.602,-175.679
57132,-0.0722073,0.0203378,1.00499,0.05861,-0.0358551,0.0787787,1.15932,4.10872,0.0324983,0.342277,1.2183,4.19398,1.22855,4.20058,669,1997,1.22815,4.20047,0,-176.509,-175.599
57152,-0.0751159,0.0199094,1.00652,0.0280762,0.254221,0.0177101,1.13319,4.26722,0.0343575,0.343483,1.22094,4.19732,1.23,4.2021,669,1997,1.22959,4.20196,0,-176.608,-175.688
57172,-0.0751159,0.0237036,1.00487,-0.0253592,0.0481145,0.0100764,1.35128,4.27382,0.0342931,0.343896,1.23155,4.2053,1.23517,4.20648,669,1996,1.23475,4.20631,0,-176.568,-175.652
57192,-0.071836,0.0224797,1.00481,-0.101695,-0.0282214,-0.0891602,1.28161,4.08822,0.0337248,0.343958,1.2422,4.19704,1.24112,4.20183,668,1997,1.24069,4.20166,0,-176.665,-175.731
57212,-0.0744971,0.0237036,1.00213,0.00517464,0.0175803,-0.0204579,1.35497,4.25027,0.0332023,0.343866,1.24892,4.19599,1.24524,4.20037,669,1997,1.24481,4.20018,0,-176.796,-175.845
57234,-0.0759823,0.0186855,1.00706,0.020442,0.00994658,0.101679,1.06297,4.31402,0.0323135,0.343104,1.23404,4.21042,1.2374,4.20773,667,1997,1.23696,4.20753,0,-176.803,-175.861
57254,-0.074002,0.0230917,1.00682,-0.0711613,-0.0511222,-0.0815266,1.31386,4.20262,0.0321116,0.342936,1.23131,4.20912,1.23561,4.20735,668,1997,1.23517,4.20715,0,-176.883,-175.947
57274,-0.0762917,0.0237648,1.00676,-0.0100918,0.0710154,0.0177101,1.35223,4.33236,0.0311922,0.34341,1.23813,4.22365,1.23895,4.2161,668,1997,1.2385,4.21589,0,-176.718,-175.794
57294,-0.074559,0.0230305,1.00481,0.00517464,0.0023129,-0.0738931,1.313,4.24257,0.0311278,0.343334,1.25171,4.22221,1.24716,4.21628,669,1996,1.24671,4.21609,0,-176.492,-175.577
57314,-0.0743114,0.0215005,1.00621,-0.0177259,0.0786488,-0.0509923,1.2241,4.22282,0.031613,0.343884,1.24935,4.22237,1.24703,4.21751,668,1996,1.24657,4.21732,0,-176.681,-175.753
57336,-0.0744352,0.0210722,1.00755,-0.0253592,0.00994658,-0.0357251,1.19812,4.22427,0.0312432,0.343961,1.22737,4.2263,1.23487,4.22064,666,1997,1.23444,4.22044,0,-176.772,-175.842
57356,-0.0749922,0.0216229,1.00353,0.0433426,-0.0434885,0.101679,1.23435,4.27267,0.0327818,0.344038,1.22842,4.22589,1.23552,4.22138,668,1998,1.23509,4.22118,0,-176.689,-175.768
57376,-0.0732594,0.024132,1.00725,0.020442,0.0404809,-0.0967938,1.37245,4.15874,0.0332365,0.344725,1.23159,4.22951,1.23702,4.2247,668,1998,1.23658,4.22449,0,-176.883,-175.947
57396,-0.0737545,0.0189914,1.00536,0.05861,0.0252137,-0.0280915,1.0822,4.19503,0.0335232,0.34671,1.21843,4.23994,1.22927,4.23242,669,2001,1.22884,4.23221,0,-176.701,-175.779
57416,-0.0728881,0.0202766,1.00274,0.0280762,-0.0587556,-0.0128243,1.15843,4.1566,0.0341763,0.346863,1.22466,4.23566,1.23221,4.23132,668,1997,1.23178,4.2311,0,-176.392,-175.482
57438,-0.0720217,0.0219289,1.00475,-0.00245857,-0.0969236,-0.0357251,1.2503,4.09904,0.0332264,0.347154,1.21542,4.22237,1.2257,4.22474,669,2001,1.22526,4.22452,0,-176.598,-175.682
57458,-0.0744352,0.0211946,1.00256,-0.0635271,0.0175803,-0.00519073,1.21108,4.2452,0.0322001,0.347246,1.21376,4.21526,1.22315,4.22046,668,1997,1.2227,4.22024,0,-176.61,-175.699
57478,-0.0764774,0.0237648,1.00335,0.0357094,-0.104557,-0.0357251,1.35682,4.35755,0.0323494,0.347766,1.22649,4.23766,1.22948,4.23315,669,1997,1.22904,4.23294,0,-176.578,-175.664
57498,-0.0736926,0.0202154,1.00317,0.0128088,-0.0434885,0.0406108,1.15444,4.20054,0.0337353,0.346804,1.23149,4.25028,1.23283,4.24119,669,1994,1.2324,4.24098,0,-176.734,-175.803
57517,-0.0721455,0.0192974,1.00317,0.020442,-0.0358551,0.0406108,1.10203,4.11273,0.0333656,0.346728,1.21976,4.22068,1.22597,4.22566,669,1997,1.22553,4.22547,0,-176.841,-175.913
57539,-0.0770344,0.0218677,1.0081,0.020442,0.0481145,0.0253437,1.24267,4.36877,0.0331484,0.347691,1.22036,4.23194,1.22538,4.23212,669,1997,1.22495,4.23191,0,-176.572,-175.669
57559,-0.0740639,0.0229693,1.00834,0.0128088,0.0328474,0.0177101,1.30493,4.19982,0.0341985,0.347935,1.23134,4.23841,1.23155,4.23648,669,1998,1.23111,4.23626,0,-176.539,-175.632
57579,-0.0725786,0.0213781,1,0.0357094,0.0939159,-0.0204579,1.22469,4.15021,0.0343631,0.349035,1.23034,4.22411,1.23124,4.22939,669,2001,1.2308,4.22915,0,-176.774,-175.848
57599,-0.0753016,0.0195422,1.00676,-0.0253592,0.00994658,0.0558779,1.11203,4.27673,0.0346345,0.348929,1.22004,4.21884,1.22551,4.22577,667,1997,1.22507,4.22553,0,-176.775,-175.85
57619,-0.0759204,0.0216841,1.0056,0.0357094,0.0252137,-0.0280915,1.2353,4.31649,0.0352266,0.350105,1.21512,4.21867,1.22223,4.22558,669,1995,1.22178,4.22531,0,-176.57,-175.665
57641,-0.0725168,0.0208886,1.00512,-0.0711613,0.0862825,0.0253437,1.19056,4.12572,0.0353606,0.35064,1.21331,4.21228,1.2202,4.22167,669,1995,1.21974,4.22142,0,-176.478,-175.58
57661,-0.0757967,0.0227857,1.00396,-0.0329933,0.0175803,-0.0509923,1.30015,4.3164,0.0350061,0.3518,1.21159,4.21336,1.21804,4.22155,669,1997,1.2176,4.2213,0,-176.547,-175.645
57681,-0.0741877,0.0220513,1.00439,-0.0329933,-0.0587556,-0.0128243,1.25773,4.22339,0.0351248,0.352228,1.20779,4.21488,1.21498,4.22181,669,1998,1.21456,4.22156,0,-176.545,-175.652
57701,-0.0751778,0.0222961,1.007,0.0128088,0.0710154,-0.134962,1.26838,4.26846,0.0354268,0.352351,1.20962,4.21927,1.21515,4.22362,669,1997,1.21474,4.22335,0,-176.509,-175.62
57721,-0.0727024,0.0201542,1.0067,-0.0177259,-0.0511222,-0.0967938,1.14691,4.12983,0.0365837,0.353176,1.21231,4.21138,1.21626,4.21912,669,1997,1.21586,4.21886,0,-176.539,-175.643
57743,-0.0762917,0.0188078,1.00378,-0.0253592,0.0175803,-0.0204579,1.07343,4.34563,0.0358628,0.35339,1.20612,4.20601,1.21186,4.21499,669,1998,1.2115,4.21472,0,-176.476,-175.591
57763,-0.0738163,0.0215617,1.00469,0.104412,-0.0892901,-0.0662594,1.22944,4.20111,0.036348,0.353177,1.18971,4.20755,1.20143,4.21484,668,1997,1.20108,4.21458,0,-176.394,-175.524
57783,-0.0719598,0.0208274,1.00414,-0.0635271,0.0710154,-0.0586258,1.18823,4.0981,0.0368026,0.352933,1.18403,4.19925,1.19649,4.20909,668,1998,1.19618,4.20883,0,-176.6,-175.719
57803,-0.073445,0.0237036,1.00432,0.0128088,0.0404809,0.0253437,1.35202,4.18136,0.0375474,0.354094,1.21159,4.19604,1.21061,4.20635,669,1998,1.21031,4.2061,0,-176.488,-175.609
57823,-0.0763536,0.0227245,1.0028,0.0280762,-0.0358551,0.0100764,1.29816,4.353,0.037086,0.35501,1.23674,4.21499,1.22467,4.21614,669,1997,1.2244,4.2159,0,-176.545,-175.641
57845,-0.0732594,0.020399,1.00652,-0.0558939,-0.0205877,-0.0433587,1.16105,4.16209,0.0362124,0.354537,1.22711,4.2188,1.22,4.21805,668,1997,1.21976,4.21782,0,-176.667,-175.755
57865,-0.0753635,0.0216229,0.999882,0.0967779,0.0023129,0.0482444,1.23886,4.30936,0.0370182,0.354614,1.23108,4.20772,1.22319,4.21144,668,2001,1.22298,4.21123,0,-176.697,-175.785
57885,-0.0712172,0.0233365,1.00378,-0.0177259,0.0328474,0.0177101,1.33181,4.0572,0.0375339,0.355271,1.23406,4.21123,1.22583,4.21358,669,1997,1.22562,4.21337,0,-176.803,-175.883
57905,-0.0728881,0.0222961,1.00341,-0.0329933,0.109183,0.101679,1.27292,4.15366,0.03779,0.355531,1.24776,4.19921,1.23476,4.20611,668,1997,1.23458,4.20593,0,-176.641,-175.725
57925,-0.0738782,0.0205826,1.00274,0.05861,-0.0358551,-0.0662594,1.1759,4.21284,0.0378325,0.355852,1.25519,4.20011,1.24065,4.20557,668,1997,1.24048,4.20539,0,-176.568,-175.648
57947,-0.0735688,0.0224797,1.00524,0.0891447,0.0328474,0.0787787,1.28107,4.18471,0.0376917,0.356051,1.25391,4.19364,1.2416,4.20107,669,1997,1.24144,4.20089,0,-176.744,-175.804
57967,-0.0721455,0.0229081,1.00073,0.020442,0.10155,-0.0357251,1.31134,4.12239,0.0382685,0.356036,1.24921,4.18497,1.2406,4.19481,668,1997,1.24043,4.19463,0,-176.675,-175.736
57987,-0.0725786,0.0216229,1.00372,0.0815105,0.132084,-0.0128243,1.23412,4.1349,0.0388605,0.358189,1.25734,4.17383,1.24686,4.18758,668,1998,1.24669,4.18739,0,-176.56,-175.627
58007,-0.0736307,0.0232141,1.00366,-0.0177259,0.0481145,0.0787787,1.32499,4.19473,0.0395442,0.357854,1.26325,4.18271,1.252,4.19028,669,1997,1.25183,4.19011,0,-176.529,-175.598
58027,-0.0736926,0.0194198,1.00493,0.0280762,0.10155,-0.0204579,1.10707,4.19326,0.0398156,0.35845,1.25908,4.19054,1.25158,4.19367,669,1997,1.25142,4.19348,0,-176.507,-175.582
58049,-0.0770344,0.0215005,1.00743,-0.00245857,0.0710154,-0.0586258,1.22262,4.3717,0.0396901,0.359046,1.24513,4.20433,1.24464,4.20065,668,1997,1.24448,4.20046,0,-176.472,-175.556
58069,-0.0720217,0.0233977,1.00335,0.0433426,0.10155,-0.0280915,1.33587,4.1046,0.0397325,0.358237,1.24043,4.17662,1.24218,4.18424,668,1997,1.24202,4.18409,0,-176.667,-175.738
58089,-0.0746827,0.0235813,1.00372,0.0357094,-0.0358551,0.0711452,1.34586,4.25415,0.0393169,0.359398,1.22943,4.18606,1.2357,4.18839,669,1997,1.23555,4.18826,0,-176.872,-175.937
58109,-0.0744971,0.0208886,1.00633,-0.0177259,0.0786488,0.0711452,1.18912,4.23288,0.0394204,0.36036,1.23368,4.19204,1.23773,4.19131,669,1996,1.23756,4.19118,0,-176.805,-175.869
58129,-0.0714647,0.0225409,1.00457,-0.0940619,-0.0434885,-0.0128243,1.28541,4.06813,0.0394781,0.360834,1.21713,4.19104,1.22783,4.19055,669,1997,1.22765,4.19045,0,-176.729,-175.804
58151,-0.0744971,0.020399,1.00402,0.020442,0.0786488,-0.119695,1.16394,4.24263,0.0405893,0.360575,1.21911,4.18756,1.22811,4.18762,668,1997,1.22791,4.18753,0,-176.661,-175.746
58171,-0.0722692,0.0201542,1.00165,-0.0482597,-0.226695,-0.0509923,1.1527,4.12593,0.0411966,0.361491,1.2176,4.20457,1.22648,4.19726,668,2001,1.22629,4.19719,0,-176.608,-175.704
58191,-0.0741877,0.0221125,1.00487,-0.0100918,0.162618,-0.0586258,1.26061,4.22135,0.0405215,0.363705,1.21775,4.19944,1.22509,4.19537,668,2000,1.2249,4.19531,0,-176.478,-175.586
58211,-0.0708459,0.018869,1.0053,0.020442,-0.0969236,0.0100764,1.07529,4.0304,0.039999,0.362729,1.22244,4.19992,1.22681,4.19529,668,1996,1.22659,4.19524,0,-176.533,-175.631
58231,-0.0749303,0.0213781,1.00621,-0.0558939,-0.318298,0.0635116,1.21713,4.25787,0.0397056,0.3625,1.21449,4.20713,1.22132,4.19903,668,1997,1.22111,4.199,0,-176.636,-175.728
58253,-0.0762298,0.0211946,1.00286,-0.0787945,0.170252,-0.134962,1.21071,4.34585,0.0393968,0.360943,1.21781,4.20761,1.22219,4.1989,668,1997,1.22198,4.19888,0,-176.553,-175.651
58273,-0.0760442,0.0227245,1.00639,-0.0482597,-0.364099,-0.0128243,1.29353,4.32002,0.0387522,0.357142,1.21735,4.21291,1.22086,4.20105,668,1996,1.22067,4.20105,0,-176.417,-175.532
58293,-0.0732594,0.0206438,1.0067,-0.0253592,0.0939159,-0.0128243,1.17477,4.16132,0.0390848,0.35044,1.22432,4.19385,1.22452,4.18823,668,1996,1.22436,4.18825,0,-176.637,-175.729
58313,-0.0736307,0.0214393,1.00621,0.0433426,0.20842,-0.112061,1.22062,4.18428,0.0382417,0.351433,1.21929,4.19631,1.22114,4.1902,668,2000,1.22099,4.19023,0,-176.661,-175.753
58333,-0.0718979,0.0192362,1.00658,-0.0100918,0.185519,0.0558779,1.09482,4.08485,0.0378719,0.355296,1.20702,4.20014,1.21353,4.19443,668,2000,1.21338,4.19446,0,-176.596,-175.699
58355,-0.0744971,0.0225409,1.00432,-0.0329933,0.132084,-0.104427,1.28572,4.24115,0.0371052,0.357495,1.20684,4.19078,1.21187,4.18988,668,1996,1.21174,4.18994,0,-176.661,-175.756
58375,-0.074559,0.0222961,1.00725,-0.0406265,0.200786,-0.0509923,1.26808,4.23243,0.0373766,0.359908,1.22937,4.19828,1.22421,4.19481,668,1996,1.22409,4.19489,0,-176.764,-175.843
58395,-0.0749922,0.0221125,1.00858,0.0280762,0.170252,0.00244284,1.25597,4.25132,0.0379687,0.363969,1.24174,4.20791,1.23226,4.20205,668,1996,1.23214,4.20214,0,-176.807,-175.874
58415,-0.074559,0.0224185,1.00834,0.0357094,0.109183,0.0482444,1.27365,4.22784,0.0385913,0.367191,1.22677,4.21777,1.22478,4.20949,669,1997,1.22467,4.2096,0,-176.744,-175.827
58435,-0.0739401,0.0242544,1.00572,0.020442,-0.104557,0.0558779,1.3815,4.20356,0.0395497,0.366673,1.23617,4.21446,1.23064,4.20803,669,1997,1.23052,4.20816,0,-176.602,-175.691
58457,-0.0764774,0.0225409,1.00554,0.00517464,-0.0816565,-0.0891602,1.28417,4.34822,0.0404166,0.365833,1.24201,4.21633,1.2349,4.20896,669,1997,1.2348,4.20908,0,-176.703,-175.784
58476,-0.0740639,0.024438,1.00408,-0.0100918,-0.0129542,0.0482444,1.39423,4.21741,0.0411918,0.364292,1.25673,4.21934,1.24438,4.21073,669,1997,1.24427,4.21087,0,-176.742,-175.812
58496,-0.073445,0.0208886,1.00621,0.00517464,0.0175803,-0.0891602,1.18927,4.17381,0.0404556,0.36388,1.26825,4.20865,1.25247,4.20511,669,1997,1.25239,4.20524,0,-176.637,-175.698
58516,-0.0748065,0.019787,1.00536,-0.0100918,0.00994658,-0.0586258,1.12752,4.25459,0.0402691,0.364201,1.25161,4.20055,1.24509,4.20047,667,1998,1.24499,4.20062,0,-176.636,-175.704
58536,-0.0733213,0.0218065,1.00688,-0.00245857,0.10155,0.0329772,1.24069,4.16397,0.0406321,0.3644,1.24281,4.19842,1.24106,4.19915,669,1997,1.24096,4.19935,0,-176.604,-175.676
58558,-0.0725786,0.020093,1.00664,-0.0482597,0.0404809,-0.0128243,1.1435,4.12308,0.0403081,0.364691,1.22733,4.19182,1.23241,4.19494,669,1997,1.23231,4.19516,0,-176.497,-175.576
58578,-0.0755491,0.0222349,1.00566,-0.0482597,0.0557482,0.0177101,1.26659,4.29515,0.0399994,0.365119,1.23783,4.20485,1.23776,4.20167,669,1997,1.23766,4.2019,0,-176.543,-175.621
58598,-0.073445,0.0212557,1.00633,0.0357094,0.116817,-0.0204579,1.21002,4.17328,0.0403624,0.366417,1.23447,4.20218,1.23622,4.20077,669,1997,1.23611,4.20101,0,-176.72,-175.797
58618,-0.074002,0.0190526,1.00493,-0.0100918,0.277122,-0.0280915,1.08615,4.21083,0.0408782,0.36941,1.21992,4.1815,1.228,4.18976,669,1998,1.22789,4.19002,0,-176.785,-175.863
58638,-0.0779626,0.0225409,1.00439,-0.0100918,0.261855,0.0558779,1.28564,4.43741,0.0407679,0.373288,1.22225,4.20293,1.22806,4.20202,669,1998,1.22793,4.20229,0,-176.811,-175.883
58660,-0.0763536,0.0227245,1.00706,0.0433426,-0.0434885,-0.0738931,1.29267,4.33466,0.0416653,0.371731,1.23629,4.22606,1.23588,4.21464,669,1997,1.23578,4.21494,0,-176.871,-175.927
58680,-0.0720836,0.0235201,1.00785,-0.0635271,-0.211427,0.0177101,1.33686,4.08982,0.040578,0.368022,1.23053,4.22855,1.23208,4.216,669,2001,1.23197,4.21629,0,-176.805,-175.872
58700,-0.0736307,0.0193586,1.00694,0.0738773,0.00994658,-0.0128243,1.10139,4.18143,0.0399944,0.36616,1.22471,4.20447,1.2284,4.20243,667,1997,1.2283,4.20272,0,-176.574,-175.658
58720,-0.0735688,0.0216841,1.00627,-0.101695,-0.234328,-0.104427,1.23447,4.1805,0.0395178,0.362404,1.22787,4.19454,1.22943,4.19501,668,1997,1.22933,4.19531,0,-176.679,-175.76
58740,-0.0733832,0.0230917,1.00493,-0.0100918,-0.127458,0.0177101,1.31633,4.17539,0.0388274,0.357809,1.23572,4.20299,1.23331,4.19767,668,1997,1.23319,4.19797,0,-176.707,-175.785
58762,-0.0731356,0.0228469,1.00518,-0.00245857,0.0633817,0.0635116,1.30206,4.16038,0.0387935,0.359474,1.25925,4.19503,1.24743,4.19416,668,1997,1.24731,4.19447,0,-176.637,-175.698
58782,-0.0763536,0.0216841,1.00432,0.0357094,0.139718,0.0100764,1.23687,4.34653,0.0390649,0.360482,1.25203,4.21647,1.24516,4.20667,668,1997,1.24503,4.20698,0,-176.636,-175.698
58802,-0.0717741,0.0202154,1.00396,0.00517464,0.12445,0.0253437,1.15353,4.08835,0.0395501,0.363994,1.23187,4.23244,1.23479,4.21892,669,1997,1.23465,4.21922,0,-176.693,-175.763
58822,-0.0735069,0.0226021,1.00591,-0.101695,0.544298,-0.00519073,1.28718,4.17842,0.0393025,0.369872,1.23266,4.21783,1.23472,4.21458,668,1997,1.2346,4.21489,0,-176.734,-175.804
58842,-0.0755491,0.0233365,1.00353,0.0433426,0.246588,-0.0280915,1.33213,4.30412,0.0397113,0.37688,1.24924,4.24405,1.2442,4.23313,668,1997,1.24407,4.23343,0,-176.407,-175.493
58864,-0.0757348,0.0187466,1.00445,0.0509768,0.139718,0.0711452,1.06922,4.31117,0.0404255,0.381461,1.23078,4.26359,1.23485,4.24773,668,1997,1.23473,4.24802,0,-176.514,-175.607
58884,-0.0744352,0.0186243,1.00743,-0.0558939,0.0328474,0.0253437,1.0591,4.22498,0.0409259,0.381385,1.18762,4.25493,1.20949,4.24485,668,1997,1.20936,4.24513,0,-176.781,-175.887
58904,-0.0744352,0.0221125,1.00317,0.165481,-0.241962,0.0558779,1.26275,4.24255,0.0412279,0.380149,1.16544,4.25329,1.19356,4.24485,668,1997,1.19344,4.24513,0,-176.844,-175.952
58924,-0.076168,0.0240096,1.00737,0.0357094,-0.19616,-0.0662594,1.36533,4.32273,0.0420948,0.377081,1.18831,4.26296,1.20309,4.25043,669,1997,1.20294,4.25069,0,-176.645,-175.753
58944,-0.0757348,0.0233977,1.00353,0.0280762,-0.188527,0.0177101,1.33562,4.31465,0.0434807,0.373478,1.23072,4.26352,1.2261,4.25119,668,1996,1.22595,4.25144,0,-176.369,-175.477
58966,-0.0744352,0.0212557,1.00463,-0.0100918,-0.19616,-0.0280915,1.21207,4.23648,0.043569,0.369005,1.22098,4.26367,1.22075,4.25151,668,1997,1.22061,4.25176,0,-176.685,-175.781
58986,-0.0720217,0.0183183,1.00299,0.0738773,-0.0969236,-0.00519073,1.04632,4.10652,0.0440999,0.366364,1.2057,4.25528,1.21183,4.24775,669,1997,1.2117,4.24798,0,-176.718,-175.823
59006,-0.0741258,0.0208886,1.00499,0.0967779,0.0023129,0.0329772,1.19071,4.21744,0.044234,0.365922,1.18562,4.23967,1.19885,4.23994,668,1997,1.19874,4.24016,0,-176.541,-175.667
59026,-0.075054,0.024438,1.00201,-0.0100918,0.0175803,0.109313,1.39711,4.28238,0.0450245,0.366091,1.21387,4.23716,1.21311,4.23894,669,1997,1.213,4.23913,0,-176.584,-175.695
59046,-0.0757348,0.0233365,1.00359,-0.0558939,0.0710154,-0.0433587,1.33205,4.3144,0.0439982,0.367236,1.23643,4.25082,1.22548,4.24754,668,1996,1.22537,4.24773,0,-176.779,-175.861
59068,-0.0717123,0.0190526,1.00408,-0.0711613,-0.0129542,-0.0204579,1.08707,4.08444,0.0443613,0.367801,1.22748,4.2272,1.22161,4.23511,668,1997,1.22152,4.23529,0,-176.803,-175.88
59088,-0.0741258,0.021011,1.0053,0.0280762,0.154985,-0.0815266,1.19732,4.21616,0.0442663,0.369771,1.21165,4.20952,1.2127,4.22485,669,1996,1.21263,4.22502,0,-176.734,-175.826
59108,-0.0746827,0.0245604,1.00883,0.0357094,0.0328474,-0.00519073,1.39462,4.23259,0.0439881,0.371848,1.22215,4.22802,1.218,4.23486,668,2001,1.21794,4.23498,0,-176.871,-175.948
59128,-0.0728262,0.023826,1.00725,0.020442,-0.0358551,-0.0204579,1.35506,4.13427,0.0439542,0.373131,1.24166,4.2308,1.22951,4.23654,669,1996,1.22946,4.23667,0,-176.975,-176.032
59148,-0.0722073,0.0235201,1.00505,-0.0177259,0.0939159,0.0177101,1.34058,4.10819,0.044531,0.37449,1.25688,4.20318,1.23995,4.2207,668,1997,1.23992,4.22081,0,-176.91,-175.955
59170,-0.0739401,0.0226633,1.00372,-0.0482597,-0.0740228,-0.180763,1.29348,4.21209,0.0434284,0.37475,1.25158,4.19718,1.23826,4.21512,668,1997,1.23822,4.21523,0,-176.598,-175.661
59190,-0.0743114,0.0226021,1.00396,-0.0864277,-0.0434885,-0.0433587,1.28968,4.23215,0.0427685,0.374858,1.25583,4.19699,1.24201,4.21279,668,2001,1.24197,4.21291,0,-176.636,-175.701
59210,-0.0746827,0.0229693,1.00226,0.0738773,0.0175803,-0.0509923,1.31285,4.26038,0.0428873,0.375728,1.26224,4.1995,1.24752,4.21249,668,1997,1.24746,4.21257,0,-176.701,-175.763
59230,-0.0740639,0.0213781,1.0053,-0.0100918,0.0023129,-0.0891602,1.21824,4.21262,0.043571,0.376202,1.27169,4.2057,1.25537,4.21462,668,1997,1.25531,4.2147,0,-176.525,-175.589
59250,-0.0753635,0.0195422,1.0084,0.0433426,0.0633817,0.0406108,1.11022,4.27329,0.0446516,0.376599,1.25772,4.21277,1.25011,4.2175,669,2001,1.25007,4.21758,0,-176.407,-175.489
59272,-0.0747446,0.019175,1.00116,0.0128088,0.0786488,-0.0433587,1.09724,4.26889,0.0455031,0.376646,1.23418,4.20589,1.23807,4.21269,669,1997,1.23804,4.21277,0,-176.311,-175.419
59292,-0.0730118,0.0210722,1.00579,0.0357094,0.00994658,-0.0280915,1.20023,4.15102,0.0451028,0.378081,1.22875,4.19593,1.2344,4.20651,666,1997,1.23436,4.20661,0,-176.461,-175.557
59312,-0.074002,0.0208886,1.00609,0.0128088,-0.0434885,-0.0586258,1.18941,4.20586,0.0451605,0.379074,1.2322,4.19981,1.236,4.20746,669,1997,1.23595,4.20755,0,-176.602,-175.683
59332,-0.0744352,0.0198482,1.00627,-0.0482597,0.0252137,-0.142595,1.12998,4.22971,0.0444549,0.37967,1.22427,4.20219,1.23091,4.20765,669,1997,1.23085,4.20774,0,-176.545,-175.632
59352,-0.0736926,0.0225409,1.00591,-0.0253592,0.0252137,-0.0280915,1.2837,4.18895,0.0442836,0.379533,1.22206,4.19228,1.22875,4.20071,669,1996,1.22871,4.2008,0,-176.478,-175.571
59374,-0.0762917,0.0222349,1.00725,0.00517464,-0.0511222,0.00244284,1.2646,4.33043,0.0439901,0.378556,1.23125,4.19627,1.23304,4.20094,669,1997,1.233,4.20103,0,-176.503,-175.593
59394,-0.073445,0.0202766,1.00804,-0.0253592,-0.0663893,0.00244284,1.15235,4.16634,0.043376,0.377748,1.23113,4.19247,1.23267,4.19747,669,1998,1.23263,4.19756,0,-176.636,-175.717
59413,-0.0733832,0.019481,1.01065,-0.0406265,-0.0129542,0.0329772,1.10428,4.15217,0.0426704,0.377519,1.22844,4.18336,1.23071,4.19091,669,1997,1.23066,4.19102,0,-176.647,-175.729
59433,-0.0741877,0.0210722,1.00244,0.00517464,-0.0892901,0.0253437,1.20423,4.23165,0.0429266,0.376191,1.22864,4.18435,1.23057,4.18925,669,1997,1.23051,4.18935,0,-176.516,-175.605
59453,-0.0719598,0.0217453,1.00329,0.0433426,-0.0663893,0.0253437,1.24164,4.10149,0.0434575,0.375749,1.23041,4.17987,1.23153,4.18529,669,1997,1.23147,4.18539,0,-176.503,-175.587
59475,-0.072393,0.0216841,1.00804,0.0662441,0.0023129,0.0406108,1.23231,4.10674,0.0432252,0.376085,1.22996,4.16504,1.23101,4.17541,669,1997,1.23099,4.17551,0,-176.432,-175.517
59495,-0.0756729,0.0210722,1.00579,0.00517464,0.0862825,0.0329772,1.20023,4.30175,0.0444432,0.376498,1.23618,4.17985,1.23495,4.18189,669,1997,1.23489,4.18201,0,-176.507,-175.588
59515,-0.0753635,0.0213169,1.00226,-0.0406265,0.12445,-0.112061,1.21844,4.29923,0.0440581,0.377445,1.23435,4.20044,1.23389,4.19315,669,1997,1.23383,4.19326,0,-176.533,-175.616
59535,-0.0741258,0.0218065,1.00597,0.0738773,0.0710154,-0.0738931,1.24182,4.2133,0.0444212,0.377278,1.24045,4.20522,1.23768,4.19618,669,1997,1.23761,4.19628,0,-176.669,-175.739
59555,-0.0768487,0.0222349,1.00816,-0.0329933,0.170252,0.0177101,1.26345,4.35799,0.0435018,0.37966,1.24328,4.22614,1.23928,4.20962,669,1997,1.23918,4.20973,0,-176.791,-175.859
59577,-0.0727643,0.0228469,1.00445,0.0738773,0.0481145,-0.0815266,1.30301,4.14233,0.0441396,0.380424,1.24823,4.22468,1.24302,4.21087,669,1995,1.24291,4.21097,0,-176.645,-175.719
59597,-0.0733213,0.0199706,1.00548,-0.0864277,0.0939159,-0.0433587,1.13784,4.1699,0.0439225,0.380607,1.23663,4.21774,1.23708,4.20811,669,1997,1.23697,4.20825,0,-176.708,-175.781
59617,-0.0744352,0.0222961,1.00286,0.0509768,-0.0358551,-0.0280915,1.27361,4.24381,0.0435985,0.380852,1.22891,4.21942,1.23248,4.20981,669,1997,1.23235,4.20994,0,-176.88,-175.946
59637,-0.0724549,0.0227245,1.00299,-0.0329933,-0.0129542,0.0558779,1.29792,4.13077,0.0435494,0.380593,1.23425,4.21413,1.23507,4.20741,668,1997,1.23494,4.20756,0,-176.714,-175.791
59657,-0.07295,0.0232753,1.00384,0.00517464,0.0862825,0.0100764,1.32824,4.15533,0.0429811,0.380517,1.2417,4.20536,1.239,4.20265,668,2001,1.23887,4.20282,0,-176.712,-175.783
59679,-0.0743114,0.0227245,1.00262,0.0509768,0.0328474,0.0253437,1.29839,4.23777,0.0433899,0.38096,1.24522,4.20546,1.24166,4.20273,669,1997,1.24152,4.20293,0,-176.632,-175.699
59699,-0.074559,0.0221125,1.00481,-0.0940619,-0.0511222,0.0253437,1.26068,4.24266,0.0431881,0.380289,1.24505,4.21207,1.24196,4.20595,668,1997,1.24179,4.20615,0,-176.807,-175.862
59719,-0.0736926,0.0215005,1,0.0662441,-0.0740228,-0.112061,1.2317,4.21367,0.0433832,0.379419,1.247,4.21247,1.24383,4.20602,668,1998,1.24365,4.20624,0,-176.775,-175.836
59739,-0.0741258,0.0226021,1.00183,0.0128088,-0.0205877,0.0406108,1.29242,4.23055,0.0440516,0.378855,1.24382,4.21361,1.24275,4.20682,668,1997,1.24253,4.20702,0,-176.703,-175.769
59759,-0.0759204,0.0211334,1.0053,-0.116962,0.0175803,-0.104427,1.20429,4.31785,0.0439871,0.380138,1.24703,4.225,1.24497,4.21419,668,1998,1.24474,4.21441,0,-176.639,-175.706
59781,-0.0687418,0.0217453,1.0039,-0.0100918,-0.0816565,0.0100764,1.24088,3.91629,0.0444418,0.378215,1.22352,4.22324,1.23168,4.21402,668,1997,1.23146,4.21424,0,-176.58,-175.663
59801,-0.0774057,0.0233365,1.00694,-0.0177259,0.116817,0.155115,1.32763,4.39462,0.0439499,0.380078,1.23375,4.21277,1.23647,4.2091,669,1997,1.23625,4.20935,0,-176.82,-175.882
59821,-0.0731356,0.0218677,1.00457,0.020442,-0.127458,-0.165496,1.24703,4.16298,0.0444656,0.380215,1.23881,4.24393,1.23942,4.22784,668,1997,1.2392,4.2281,0,-176.846,-175.911
59841,-0.0735069,0.0178899,1.00457,0.0815105,0.0633817,-0.0128243,1.02025,4.18436,0.0455157,0.37988,1.22526,4.21609,1.23231,4.21342,668,1997,1.2321,4.21368,0,-176.531,-175.625
59861,-0.0725786,0.0199094,1.00737,-0.0558939,0.0023129,-0.0433587,1.13223,4.12011,0.0462909,0.381026,1.19255,4.21175,1.21271,4.21156,669,1998,1.21248,4.21182,0,-176.459,-175.575
59883,-0.0746208,0.0236425,1.00712,-0.0864277,-0.0969236,-0.0433587,1.34478,4.23631,0.0453715,0.380705,1.20499,4.19915,1.21658,4.20372,668,1997,1.21636,4.20398,0,-176.701,-175.792
59903,-0.0749922,0.0230917,1.00907,-0.00245857,-0.0816565,-0.0509923,1.31093,4.24919,0.0446964,0.381011,1.22735,4.21702,1.22752,4.21344,668,1998,1.22732,4.2137,0,-176.482,-175.58
59923,-0.0754872,0.0222961,1.00195,0.0891447,-0.0129542,-0.0433587,1.27477,4.30747,0.0445403,0.381439,1.22045,4.21964,1.22316,4.21521,668,1997,1.22296,4.21548,0,-176.313,-175.427
59943,-0.0735688,0.0229693,1.00451,0.0433426,0.0557482,-0.0662594,1.30991,4.1877,0.0440942,0.381546,1.23984,4.20985,1.23363,4.20999,668,1997,1.23346,4.21025,0,-176.541,-175.626
59963,-0.0730118,0.0211946,1.00579,0.119678,0.0633817,0.00244284,1.20719,4.15101,0.0452512,0.381577,1.23846,4.19678,1.23404,4.20217,668,1997,1.23386,4.20242,0,-176.77,-175.837
59985,-0.0753635,0.0210722,1.0053,-0.0482597,-0.0434885,-0.0128243,1.20081,4.28629,0.0448508,0.380234,1.22397,4.19247,1.22593,4.19792,668,1997,1.22576,4.19817,0,-176.807,-175.878
60005,-0.0753016,0.0218065,1.00274,-0.0558939,-0.0663893,0.0177101,1.24581,4.29359,0.0441604,0.379181,1.22296,4.21294,1.2246,4.2083,669,1996,1.22442,4.20854,0,-176.612,-175.703
60025,-0.0763536,0.0219901,1.00286,-0.0406265,0.0023129,-0.0128243,1.25614,4.3528,0.0431494,0.378968,1.23729,4.21255,1.23241,4.20806,668,2001,1.23223,4.20833,0,-176.47,-175.566
60045,-0.0716504,0.0204602,1.00682,-0.0558939,0.0328474,-0.0357251,1.16418,4.06976,0.0426728,0.379961,1.22544,4.19692,1.22595,4.19995,668,1997,1.22579,4.20023,0,-176.73,-175.809
60065,-0.0753635,0.0196646,1.00718,0.0128088,-0.0434885,0.116947,1.11852,4.27842,0.0417992,0.379855,1.20781,4.19846,1.2151,4.19986,669,1997,1.21494,4.20013,0,-176.798,-175.88
60087,-0.0761061,0.0222349,1.00451,-0.0940619,-0.0282214,-0.00519073,1.26804,4.33166,0.0418264,0.379107,1.22279,4.20762,1.2226,4.20431,668,1998,1.22246,4.20459,0,-176.637,-175.723
60107,-0.07295,0.0212557,1.00597,-0.00245857,0.0175803,-0.0280915,1.21046,4.14675,0.0421894,0.379199,1.22848,4.21055,1.22597,4.20632,669,1996,1.22585,4.20661,0,-176.809,-175.876
60127,-0.0746208,0.0207662,1.00779,0.020442,0.0252137,-0.0128243,1.18045,4.23377,0.0418807,0.378909,1.22735,4.19872,1.22539,4.19943,669,1996,1.22526,4.1997,0,-176.755,-175.831
60147,-0.0726405,0.0210722,1.00761,-0.0406265,0.0710154,-0.0280915,1.19805,4.12253,0.0418163,0.379414,1.23149,4.20476,1.22794,4.20272,668,2001,1.22783,4.203,0,-176.543,-175.631
60167,-0.0738782,0.0233365,1.00846,-0.0253592,-0.00532055,-0.0433587,1.32562,4.18879,0.04079,0.379551,1.2255,4.19916,1.22416,4.19946,668,1997,1.22405,4.19972,0,-176.736,-175.816
60189,-0.0733213,0.0205826,1.00463,0.157846,0.0862825,0.00244284,1.1737,4.17337,0.0418248,0.379964,1.22311,4.20414,1.22333,4.2023,668,1997,1.22321,4.20253,0,-176.815,-175.894
60209,-0.0736307,0.0230917,1.00755,0.0433426,0.0862825,0.00244284,1.31291,4.17859,0.0434092,0.380728,1.22436,4.20335,1.22454,4.20223,668,1997,1.22442,4.20245,0,-176.639,-175.728
60229,-0.0741258,0.0196034,1.00274,0.0357094,-0.00532055,0.0711452,1.11998,4.22698,0.0443066,0.381812,1.21499,4.21032,1.21948,4.20666,668,1998,1.21938,4.20688,0,-176.768,-175.847
60249,-0.0760442,0.020705,1.00518,-0.00245857,0.10155,0.0177101,1.18003,4.32542,0.0456773,0.383492,1.20268,4.22127,1.21202,4.2139,668,1997,1.21192,4.21412,0,-176.777,-175.865
60269,-0.0691131,0.0216841,1.00432,0.0357094,0.0404809,-0.00519073,1.23687,3.93572,0.0449869,0.383813,1.20507,4.21968,1.21164,4.21433,669,1997,1.21155,4.21454,0,-176.781,-175.867
60291,-0.074559,0.0224185,1.00384,-0.0329933,-0.0282214,-0.0967938,1.27936,4.24673,0.0454873,0.383936,1.21423,4.20805,1.21597,4.20809,668,2001,1.21588,4.20832,0,-176.772,-175.852
60311,-0.0725168,0.0212557,1.0042,-0.101695,-0.0663893,0.0177101,1.21259,4.12942,0.0436977,0.383295,1.21086,4.20418,1.2127,4.20561,669,1996,1.21262,4.20585,0,-176.899,-175.976
60331,-0.0767868,0.0208274,1.00274,-0.124596,0.0786488,-0.00519073,1.18989,4.37804,0.04316,0.382838,1.20578,4.2069,1.20891,4.20626,669,1997,1.20885,4.20652,0,-176.673,-175.774
60350,-0.0714647,0.0222961,1.00518,-0.0711613,0.0557482,-0.0662594,1.27069,4.0657,0.0419505,0.381998,1.2137,4.20567,1.21223,4.20539,669,1997,1.21218,4.20567,0,-176.647,-175.75
60370,-0.0736926,0.0233365,1.00505,0.0509768,0.0786488,-0.0357251,1.33012,4.19241,0.0424051,0.382472,1.22567,4.18882,1.21914,4.19552,669,1997,1.2191,4.19581,0,-176.612,-175.71
60392,-0.0751159,0.0225409,1.00712,0.020442,0.00994658,0.0482444,1.28215,4.26442,0.0423254,0.383129,1.25106,4.20891,1.23444,4.20623,667,1996,1.23438,4.20654,0,-176.681,-175.757
60412,-0.0725168,0.0196034,1.00652,0.0738773,0.0328474,0.0177101,1.11578,4.12011,0.0434213,0.382549,1.25234,4.20215,1.23787,4.20222,669,2000,1.23782,4.20253,0,-176.518,-175.606
60432,-0.0715885,0.020093,1.00378,0.00517464,0.0786488,-0.0357251,1.14676,4.07856,0.0440133,0.382367,1.2356,4.18606,1.23008,4.19243,669,1997,1.23004,4.19275,0,-176.555,-175.651
60452,-0.07295,0.0233977,1.00426,0.0738773,0.0175803,0.0177101,1.33465,4.15356,0.0445291,0.383008,1.23993,4.19012,1.23319,4.19386,669,1998,1.23317,4.19419,0,-176.757,-175.835
60472,-0.0742495,0.0222349,1.00865,0.0280762,0.0252137,0.0635116,1.26284,4.20911,0.045457,0.383329,1.24534,4.19341,1.2376,4.19504,669,1997,1.23758,4.19536,0,-176.867,-175.922
60494,-0.0744971,0.0208274,1.00499,0.112045,0.0633817,-0.0586258,1.18722,4.2385,0.0458506,0.383452,1.24514,4.20301,1.23871,4.20006,669,2001,1.23868,4.20037,0,-176.805,-175.859
60514,-0.0724549,0.0215005,1.00725,-0.0406265,-0.0816565,-0.0128243,1.22284,4.11347,0.0452212,0.382659,1.24219,4.21711,1.23762,4.20804,669,2001,1.23756,4.20838,0,-176.724,-175.795
60534,-0.07295,0.0202766,1.00725,-0.0177259,-0.00532055,-0.0433587,1.15325,4.14159,0.0443476,0.383346,1.22517,4.20313,1.22802,4.20098,669,1997,1.22796,4.2013,0,-176.604,-175.689
60554,-0.0735688,0.0232753,1.00457,0.0128088,-0.0205877,-0.0586258,1.32727,4.18742,0.0444817,0.382873,1.21792,4.1972,1.22325,4.1972,669,1997,1.22321,4.19753,0,-176.665,-175.74
60574,-0.0767868,0.0249276,1.00493,0.112045,0.0023129,0.00244284,1.42094,4.36813,0.045776,0.38411,1.24766,4.21771,1.24028,4.20897,669,1998,1.24023,4.20931,0,-176.643,-175.712
60596,-0.0709078,0.021011,1.00274,0.0662441,-0.00532055,0.0406108,1.20037,4.04399,0.0460627,0.383363,1.27206,4.22369,1.25594,4.21323,668,1997,1.25589,4.21357,0,-176.553,-175.62
60616,-0.0727643,0.0180123,1.00609,-0.0711613,-0.0205877,0.0787787,1.02567,4.13599,0.0461204,0.383317,1.22367,4.22141,1.23019,4.21304,669,1997,1.23013,4.21339,0,-176.518,-175.615
60636,-0.0760442,0.020705,1.00731,-0.0329933,0.0481145,-0.0357251,1.17754,4.31631,0.0451399,0.384616,1.20958,4.2334,1.22076,4.22117,668,1997,1.22069,4.22152,0,-176.816,-175.905
60656,-0.07295,0.0246216,1.00682,0.05861,-0.0282214,0.0329772,1.40088,4.14294,0.044816,0.384631,1.23306,4.2284,1.23258,4.21988,668,1997,1.2325,4.22024,0,-177.022,-176.081
60676,-0.0738782,0.0237648,1.00347,-0.116962,-0.0587556,0.0635116,1.35666,4.20949,0.0439118,0.385029,1.25483,4.21612,1.24501,4.21387,668,1995,1.24492,4.21423,0,-176.726,-175.788
60698,-0.0756729,0.0199706,1.00499,0.020442,-0.0511222,-0.112061,1.1384,4.30522,0.0438932,0.384815,1.24204,4.20962,1.23912,4.21014,668,1997,1.23905,4.21049,0,-176.509,-175.592
60718,-0.0743733,0.0217453,1.00542,0.0738773,0.0710154,-0.0738931,1.23901,4.22961,0.0441952,0.384205,1.23012,4.21612,1.23285,4.21352,668,1997,1.2328,4.21385,0,-176.649,-175.723
60738,-0.0754872,0.0232753,1.00585,-0.0177259,0.0633817,-0.0738931,1.32559,4.29077,0.0444971,0.384664,1.23724,4.21418,1.23673,4.21284,669,1997,1.23668,4.21317,0,-176.756,-175.822
60758,-0.0739401,0.0233365,1.00639,0.0128088,0.116817,-0.0815266,1.32835,4.20087,0.0447686,0.386252,1.25304,4.22526,1.24618,4.22013,668,1998,1.24613,4.22044,0,-176.616,-175.694
60778,-0.0705983,0.0224185,1.00402,-0.0177259,0.0252137,-0.119695,1.27913,4.02117,0.0447499,0.386115,1.26253,4.2058,1.25292,4.20952,668,1997,1.25287,4.2098,0,-176.71,-175.77
60800,-0.0733832,0.0240096,1.00171,0.0357094,-0.104557,-0.119695,1.37304,4.18869,0.044945,0.386711,1.25449,4.1994,1.24986,4.20539,668,1997,1.2498,4.20566,0,-176.681,-175.746
60820,-0.0741877,0.0232141,1.00524,0.0128088,-0.0511222,-0.0128243,1.3229,4.21972,0.0458882,0.385734,1.2581,4.18573,1.25321,4.19595,669,1997,1.25313,4.1962,0,-176.49,-175.565
60840,-0.0744352,0.0219901,1.00329,-0.0558939,0.0252137,-0.0280915,1.25561,4.24205,0.0462971,0.385872,1.2677,4.18857,1.26006,4.19606,669,1997,1.25998,4.19631,0,-176.388,-175.464
60860,-0.0748065,0.0229693,1.00299,-0.0711613,0.0481145,0.0253437,1.3119,4.26433,0.045683,0.387903,1.26075,4.20956,1.25711,4.20781,668,1997,1.25703,4.20805,0,-176.584,-175.645
60880,-0.0749922,0.021011,1.00359,0.0357094,-0.0434885,-0.0433587,1.19935,4.27247,0.0464125,0.388194,1.25048,4.2178,1.25243,4.21261,668,1997,1.25234,4.21285,0,-176.62,-175.685
60902,-0.0737545,0.0215617,1.0081,-0.0100918,-0.0740228,-0.0662594,1.22529,4.18347,0.0469893,0.388377,1.23941,4.21418,1.24637,4.21104,669,1995,1.2463,4.21127,0,-176.568,-175.647
60922,-0.0749922,0.0232141,1.00414,-0.00245857,0.0710154,-0.0433587,1.32435,4.26994,0.047505,0.388439,1.25218,4.21354,1.25346,4.21094,668,2001,1.25338,4.21117,0,-176.732,-175.787
60942,-0.0739401,0.0196034,1.00609,-0.00245857,-0.0358551,-0.0433587,1.11625,4.20246,0.0473947,0.388088,1.25263,4.21163,1.25415,4.20992,668,2001,1.25406,4.21017,0,-176.568,-175.634
60962,-0.0754872,0.018869,1.00293,0.0280762,0.0710154,-0.0967938,1.07784,4.30361,0.0477578,0.388837,1.23642,4.21483,1.2452,4.21212,669,2000,1.2451,4.21236,0,-176.511,-175.586
60982,-0.0754872,0.0224185,1.00268,0.0509768,0.0710154,0.00244284,1.28084,4.30434,0.0481514,0.390227,1.22694,4.22917,1.23894,4.22121,668,1997,1.23882,4.22144,0,-176.71,-175.777
61004,-0.0731356,0.0226633,1.00505,-0.0635271,0.0557482,-0.119695,1.29176,4.1609,0.048835,0.3898,1.23901,4.22854,1.24492,4.22176,669,2001,1.2448,4.22202,0,-176.52,-175.602
61024,-0.0732594,0.024438,1.00445,-0.0787945,0.0252137,-0.0662594,1.39372,4.17026,0.0481599,0.390014,1.25029,4.20489,1.25064,4.20895,668,1999,1.25049,4.20917,0,-176.457,-175.543
61044,-0.0733832,0.0208274,1.00597,0.05861,0.0328474,-0.00519073,1.18607,4.17132,0.0484618,0.390961,1.24944,4.20711,1.25074,4.21014,669,2001,1.25059,4.21036,0,-176.775,-175.833
61064,-0.0740639,0.0183795,1.00341,-0.0482597,0.0557482,0.0177101,1.04937,4.22076,0.0492371,0.390778,1.22851,4.21096,1.2391,4.21189,668,1997,1.23894,4.2121,0,-176.904,-175.958
61084,-0.0743733,0.0226633,1.00585,0.0738773,-0.0282214,0.0406108,1.29075,4.22774,0.0493711,0.390794,1.22369,4.2111,1.23486,4.21187,668,1997,1.23471,4.21209,0,-176.833,-175.889
61106,-0.0748684,0.024744,1.00329,0.0433426,0.10155,-0.104427,1.41279,4.26637,0.0501922,0.392016,1.25414,4.20915,1.25143,4.21108,668,1997,1.25126,4.2113,0,-176.636,-175.692
61126,-0.0740639,0.0201542,1.00639,0.0433426,0.0328474,-0.0815266,1.14726,4.20816,0.050372,0.391833,1.26297,4.21591,1.25741,4.21475,668,2001,1.25724,4.21496,0,-176.499,-175.567
61146,-0.0736926,0.0199706,1.00609,-0.0100918,0.0252137,-0.180763,1.13716,4.18841,0.0498343,0.391665,1.24753,4.22557,1.24921,4.22045,669,1997,1.24903,4.22065,0,-176.584,-175.652
61166,-0.0728881,0.0211334,1.0014,0.0662441,-0.0511222,-0.0433587,1.20897,4.16206,0.0493882,0.390658,1.22924,4.22344,1.23832,4.21962,668,2001,1.23813,4.21981,0,-176.556,-175.633
61186,-0.0744352,0.0216229,1.00834,-0.0482597,0.0404809,-0.00519073,1.22847,4.22092,0.0492932,0.390903,1.24034,4.2096,1.2436,4.21208,668,1996,1.2434,4.21227,0,-176.598,-175.667
61208,-0.076168,0.0226021,1.0056,0.05861,-0.00532055,0.0482444,1.28757,4.33043,0.0488166,0.392323,1.24227,4.22543,1.2441,4.22153,669,1997,1.2439,4.22172,0,-176.869,-175.918
61228,-0.0736307,0.0205826,1.00512,0.0662441,-0.0740228,-0.104427,1.17313,4.1889,0.0500651,0.39208,1.2268,4.22091,1.23554,4.21968,668,1997,1.23533,4.21987,0,-176.837,-175.896
61248,-0.0715885,0.0202766,1.0067,-0.0177259,0.00994658,-0.0662594,1.15388,4.06676,0.0510083,0.392492,1.21512,4.21245,1.22793,4.21523,667,1995,1.22772,4.2154,0,-176.831,-175.898
61268,-0.0747446,0.0221125,1.00579,-0.00245857,0.0862825,-0.0586258,1.25946,4.24908,0.0521347,0.392737,1.21329,4.21409,1.22549,4.21573,669,1998,1.22525,4.21586,0,-176.537,-175.632
61287,-0.075611,0.0224797,1.00621,0.104412,-0.0816565,-0.0509923,1.27983,4.2963,0.0526657,0.392615,1.22716,4.23372,1.23203,4.22692,669,1997,1.23178,4.22705,0,-176.566,-175.649
61309,-0.0735688,0.0211946,1.00359,0.00517464,-0.0740228,-0.0204579,1.20983,4.19165,0.0523722,0.392982,1.23193,4.23116,1.23385,4.22658,669,1997,1.23363,4.22671,0,-176.657,-175.729
61329,-0.0720217,0.0210722,1.0025,0.0280762,-0.0663893,0.0329772,1.20416,4.10829,0.052262,0.392906,1.22484,4.21196,1.22918,4.21613,669,1997,1.22897,4.21622,0,-176.566,-175.654
61349,-0.0736926,0.0201542,1.00493,0.0128088,0.0557482,-0.0586258,1.14893,4.1932,0.0526403,0.392311,1.21512,4.21325,1.22295,4.21614,669,1997,1.22275,4.21621,0,-176.781,-175.859
61369,-0.0766012,0.0226633,1.00335,0.0509768,0.0633817,-0.00519073,1.29395,4.36469,0.0525453,0.393548,1.2287,4.23143,1.22928,4.22679,669,1997,1.2291,4.22685,0,-176.677,-175.755
61389,-0.0743733,0.0236425,1.0042,0.0357094,-0.0587556,-0.0357251,1.34869,4.23454,0.052374,0.393717,1.24165,4.24779,1.2364,4.23709,669,1997,1.23623,4.23715,0,-176.535,-175.619
61411,-0.0749922,0.0202766,1.00317,-0.147496,0.0481145,-0.119695,1.15794,4.27434,0.0521875,0.393931,1.23754,4.243,1.23453,4.23582,669,1997,1.23438,4.23586,0,-176.774,-175.843
61431,-0.0733832,0.0218677,0.999517,0.0509768,-0.00532055,-0.104427,1.25333,4.19804,0.0521383,0.393779,1.23374,4.23383,1.23237,4.23147,669,1997,1.23222,4.23152,0,-176.915,-175.975
61451,-0.0757967,0.0224185,1.00694,-0.0177259,-0.0892901,-0.0509923,1.27542,4.30371,0.0518601,0.394573,1.2427,4.2379,1.23741,4.23454,669,1997,1.2373,4.23459,0,-176.708,-175.78
61471,-0.0733832,0.0251112,1.00402,0.0509768,-0.0663893,-0.0815266,1.43271,4.17897,0.0521773,0.393993,1.24944,4.2251,1.24175,4.22743,669,1997,1.24163,4.22748,0,-176.693,-175.759
61491,-0.0738782,0.0223573,1.00676,-0.0100918,0.0710154,-0.119695,1.27217,4.19594,0.0521129,0.393994,1.26062,4.2254,1.24928,4.22739,669,1998,1.24917,4.22744,0,-176.725,-175.783
61513,-0.0736926,0.0215617,1.0056,-0.15513,0.0786488,-0.0204579,1.22833,4.1903,0.0509492,0.396117,1.2465,4.2189,1.24192,4.22439,669,1997,1.24181,4.22445,0,-176.677,-175.748
61533,-0.0736926,0.0204602,1.00828,-0.0406265,-0.0129542,0.0329772,1.1625,4.17931,0.0505642,0.396743,1.23731,4.20795,1.23688,4.21771,669,1997,1.23676,4.21775,0,-176.744,-175.811
61553,-0.0757967,0.0227857,1.00682,-0.0253592,0.0481145,-0.0280915,1.29646,4.30419,0.0496448,0.397186,1.23969,4.21402,1.23788,4.21997,668,1997,1.23776,4.22001,0,-176.697,-175.765
61573,-0.0730737,0.0219901,1.00505,-0.0482597,0.0481145,0.0329772,1.2534,4.15745,0.0486032,0.399171,1.24578,4.21739,1.24117,4.22203,668,1997,1.24105,4.22207,0,-176.572,-175.65
61593,-0.0735688,0.020399,1.00524,-0.116962,0.0252137,0.0635116,1.16253,4.1849,0.047348,0.400317,1.23651,4.21032,1.23583,4.21765,668,2000,1.23573,4.21768,0,-176.643,-175.726
61615,-0.074002,0.0224185,1.00633,0.0433426,-0.00532055,-0.0280915,1.27619,4.20471,0.0473751,0.400898,1.23285,4.20093,1.23367,4.21117,668,1997,1.23356,4.21122,0,-176.604,-175.687
61635,-0.0747446,0.0221737,1.00396,0.0433426,0.00994658,0.0329772,1.26524,4.25677,0.0472649,0.400806,1.23238,4.21083,1.23317,4.21543,667,1995,1.23305,4.21545,0,-176.476,-175.569
61655,-0.0726405,0.0222349,1.0039,0.00517464,-0.0969236,-0.180763,1.26881,4.13761,0.0475058,0.400028,1.23076,4.21194,1.23219,4.21519,669,1997,1.23209,4.2152,0,-176.476,-175.571
61675,-0.0746827,0.0221737,1.00432,-0.162764,0.0175803,-0.00519073,1.26478,4.25172,0.0457925,0.399296,1.23706,4.21385,1.23489,4.21527,668,1997,1.2348,4.2153,0,-176.493,-175.581
61695,-0.0735688,0.0192362,1.00804,-0.0635271,0.0023129,0.00244284,1.09323,4.17342,0.0448731,0.398701,1.23169,4.20203,1.23179,4.20778,668,1997,1.23169,4.20781,0,-176.356,-175.453
61717,-0.0738163,0.0202154,1.00536,-0.109328,-0.0816565,0.00244284,1.15193,4.19844,0.0441216,0.398289,1.22215,4.19608,1.22587,4.20317,668,1997,1.22577,4.20317,0,-176.434,-175.534
61737,-0.0730737,0.0239484,1.00396,-0.0787945,0.0557482,-0.157863,1.36647,4.16178,0.0416602,0.398458,1.23128,4.20111,1.22925,4.20495,668,1997,1.22917,4.20495,0,-176.697,-175.771
61757,-0.0753016,0.0214393,1.00201,0.020442,-0.0282214,-0.0738931,1.22573,4.29674,0.0426645,0.398672,1.23846,4.20771,1.23404,4.20792,669,1997,1.23399,4.20792,0,-176.59,-175.671
61777,-0.0736307,0.0202766,1.00432,0.00517464,-0.0969236,-0.00519073,1.1566,4.19221,0.0430581,0.398443,1.23304,4.2112,1.23164,4.20953,669,1997,1.23156,4.20952,0,-176.365,-175.469
61797,-0.0735688,0.0251724,1.01059,-0.0711613,-0.0816565,-0.0662594,1.42686,4.16237,0.041986,0.396963,1.23909,4.2036,1.23459,4.20429,668,1997,1.2345,4.20431,0,-176.348,-175.452
61819,-0.0720836,0.0201542,0.998118,-0.0177259,-0.142725,-0.0204579,1.15677,4.12986,0.0422575,0.396154,1.24333,4.20265,1.23786,4.20321,669,1997,1.23778,4.20326,0,-176.447,-175.538
61839,-0.074002,0.0227857,1.00895,0.0280762,-0.0129542,0.0940459,1.29372,4.19382,0.0411701,0.396674,1.24312,4.18938,1.23811,4.19514,669,1997,1.23804,4.19519,0,-176.673,-175.746
61859,-0.0727643,0.024132,1.01388,0.0815105,-0.0434885,-0.0204579,1.36348,4.10382,0.0407393,0.396628,1.24922,4.18523,1.24201,4.19155,668,1997,1.24194,4.19159,0,-176.667,-175.738
61879,-0.0754253,0.0232141,1.00372,-0.0482597,0.116817,0.0558779,1.32491,4.29633,0.0415756,0.396339,1.24943,4.18387,1.24332,4.18932,668,2001,1.24324,4.18938,0,-176.671,-175.74
61899,-0.0728881,0.0227245,1.00792,-0.0177259,0.0862825,0.00244284,1.29157,4.13514,0.0410684,0.39669,1.2468,4.18588,1.24232,4.18958,669,1997,1.24222,4.18964,0,-176.869,-175.917
61921,-0.0738782,0.0219901,1.00658,-0.00245857,0.0023129,0.0253437,1.25151,4.19673,0.040317,0.397179,1.24594,4.19819,1.24225,4.1959,668,1997,1.24217,4.19595,0,-176.675,-175.74
61941,-0.0744971,0.0239484,1.00177,0.0280762,0.0557482,-0.0204579,1.36946,4.25179,0.040222,0.396462,1.25477,4.2115,1.24781,4.20303,668,1997,1.24769,4.20308,0,-176.584,-175.656
61961,-0.0749922,0.018869,1.00548,-0.0864277,0.00994658,-0.157863,1.0751,4.26467,0.0392415,0.3966,1.24383,4.22401,1.24237,4.2111,666,1997,1.24224,4.21118,0,-176.647,-175.719
61981,-0.072393,0.0210722,1.00694,0.0509768,-0.0129542,-0.0738931,1.19885,4.11125,0.0390091,0.396784,1.24603,4.21496,1.24405,4.2072,669,2001,1.2439,4.2073,0,-176.675,-175.745
62001,-0.0756729,0.0223573,1.00512,0.05861,0.0328474,-0.0891602,1.27425,4.30449,0.0389142,0.396784,1.23107,4.21493,1.23581,4.20759,669,1996,1.23566,4.20771,0,-176.529,-175.611
62023,-0.0727643,0.0198482,1.00572,-0.0100918,0.0328474,-0.0433587,1.1306,4.13734,0.0386054,0.397182,1.22681,4.21913,1.23295,4.21091,669,1997,1.2328,4.21103,0,-176.398,-175.492
62043,-0.0715266,0.0214393,1.00219,-0.0635271,0.0404809,0.0253437,1.22551,4.08135,0.037686,0.396617,1.22125,4.19957,1.22862,4.20005,668,1997,1.22848,4.20021,0,-176.574,-175.662
62063,-0.0728881,0.0195422,1.00645,-0.0177259,0.0404809,-0.0586258,1.11237,4.14139,0.0375453,0.397656,1.22026,4.19067,1.22732,4.19497,669,1997,1.22719,4.19515,0,-176.434,-175.531
62083,-0.0740639,0.0224797,1.00621,0.0662441,0.0252137,0.0100764,1.27983,4.20871,0.038061,0.397641,1.21686,4.20106,1.22456,4.20004,669,1997,1.22442,4.20022,0,-176.302,-175.412
62103,-0.0765393,0.0218677,1.00481,0.0357094,-0.0511222,-0.0815266,1.24673,4.35494,0.0393553,0.396909,1.22642,4.21023,1.2298,4.20476,668,2001,1.22967,4.20495,0,-176.683,-175.761
62125,-0.0747446,0.0211334,1.00919,0.0662441,0.0328474,-0.00519073,1.19965,4.23488,0.0396268,0.396695,1.2341,4.21983,1.23412,4.21081,668,2001,1.23399,4.211,0,-176.781,-175.851
62145,-0.0731975,0.0195422,1.00432,-0.00245857,0.0786488,0.0177101,1.11472,4.16769,0.0400814,0.397398,1.22922,4.22402,1.23162,4.21446,669,1997,1.23149,4.21466,0,-176.667,-175.747
62165,-0.0735069,0.0202154,1.00554,0.0509768,0.0557482,0.0406108,1.15172,4.18015,0.0396964,0.398635,1.2099,4.22398,1.21991,4.21593,668,2001,1.21975,4.21612,0,-176.703,-175.785
62185,-0.074559,0.0203378,1.00572,0.00517464,0.0023129,0.0406108,1.15848,4.23898,0.0405327,0.399048,1.20856,4.23383,1.21811,4.22261,669,1997,1.21796,4.22279,0,-176.714,-175.798
62205,-0.0730737,0.0243768,1.00883,0.020442,-0.142725,-0.0280915,1.3842,4.14174,0.0408499,0.399415,1.22218,4.24169,1.22463,4.22874,669,1997,1.22448,4.22889,0,-176.582,-175.676
62227,-0.0746827,0.0195422,0.99757,0.05861,0.0023129,0.0100764,1.12227,4.28062,0.041213,0.400743,1.22366,4.25074,1.22529,4.23589,669,1997,1.22513,4.23604,0,-176.555,-175.657
62246,-0.0749303,0.0229693,1.00688,0.05861,0.0633817,-0.0967938,1.30682,4.2549,0.0416218,0.400896,1.22755,4.22637,1.22715,4.22379,669,1997,1.22698,4.22397,0,-176.507,-175.604
62266,-0.0722692,0.0222961,1.00658,-0.0329933,0.12445,0.0406108,1.26892,4.10562,0.0412826,0.401248,1.22461,4.22551,1.22522,4.22404,669,1997,1.22507,4.22424,0,-176.396,-175.5
62286,-0.0727024,0.024132,1.00372,0.0128088,0.0862825,-0.0433587,1.37728,4.14169,0.0407296,0.403218,1.23905,4.21951,1.23307,4.22174,669,1997,1.23294,4.22194,0,-176.484,-175.58
62306,-0.0733832,0.0219901,1.00597,-0.109328,0.0404809,0.00244284,1.25227,4.17122,0.0400087,0.404379,1.24254,4.22105,1.23556,4.2229,669,1997,1.23543,4.2231,0,-176.449,-175.543
62328,-0.0723311,0.021011,0.999639,-0.0177259,0.0862825,-0.0586258,1.2041,4.13764,0.0400053,0.405189,1.24552,4.20377,1.23828,4.21297,669,1997,1.23814,4.21317,0,-176.403,-175.497
62348,-0.0730737,0.0205826,1.00706,0.0128088,0.0023129,-0.17313,1.17086,4.14931,0.0397882,0.40438,1.237,4.1893,1.2342,4.2029,669,1998,1.23405,4.20309,0,-176.61,-175.695
62368,-0.0767868,0.0233365,1.00499,-0.0177259,0.109183,0.162748,1.3302,4.36804,0.0404566,0.406075,1.23934,4.20485,1.23617,4.21054,669,1997,1.236,4.21072,0,-176.714,-175.791
62388,-0.0742495,0.0229081,1.00238,0.020442,0.0175803,-0.0204579,1.3092,4.23526,0.0401631,0.407312,1.2411,4.21217,1.2376,4.21455,669,1997,1.23744,4.21473,0,-176.722,-175.798
62408,-0.0730737,0.0224185,1.00493,-0.0329933,-0.0740228,-0.112061,1.27797,4.15791,0.0394422,0.407022,1.23575,4.20466,1.23481,4.20959,669,1997,1.23466,4.20977,0,-176.779,-175.846
62430,-0.0772819,0.0204602,1.00682,0.0357094,0.0175803,-0.0357251,1.16418,4.38842,0.039622,0.406397,1.23477,4.22833,1.2347,4.22209,669,1997,1.23455,4.22226,0,-176.468,-175.558
62450,-0.0744971,0.0205826,1.00183,0.0128088,-0.0205877,-0.0204579,1.17698,4.25185,0.0393133,0.406321,1.22412,4.22335,1.22848,4.21982,667,1997,1.22835,4.22001,0,-176.511,-175.608
62470,-0.0767249,0.018869,1.00579,-0.00245857,0.170252,0.0406108,1.07477,4.36152,0.0388519,0.40594,1.21812,4.21424,1.22438,4.21463,668,1997,1.22426,4.21481,0,-176.675,-175.759
62490,-0.0753016,0.0218677,1.00213,-0.0177259,0.109183,0.00244284,1.25006,4.29618,0.0399936,0.405589,1.21629,4.20781,1.2229,4.21056,668,1997,1.22277,4.21074,0,-176.75,-175.832
62510,-0.076663,0.0211946,1.00402,0.05861,-0.00532055,-0.00519073,1.20932,4.36544,0.0393948,0.405834,1.21673,4.22851,1.2221,4.222,668,1998,1.22198,4.22219,0,-176.576,-175.678
62532,-0.076168,0.0213781,1.00104,-0.0635271,0.147351,-0.0509923,1.22342,4.3502,0.0391319,0.407315,1.21994,4.23457,1.22297,4.22667,668,1996,1.22286,4.22683,0,-176.564,-175.661
62552,-0.0757348,0.0220513,1.00883,0.00517464,0.261855,-0.00519073,1.25219,4.29224,0.0391438,0.408003,1.22107,4.24134,1.22302,4.23219,669,2001,1.22291,4.23231,0,-176.514,-175.615
62572,-0.074002,0.0211946,1.00359,0.05861,0.0710154,-0.0357251,1.20983,4.21625,0.0388198,0.409026,1.22623,4.23619,1.22569,4.23101,668,1996,1.22556,4.23111,0,-176.566,-175.661
62592,-0.0763536,0.020093,1.00432,0.0891447,-0.0740228,-0.0357251,1.14613,4.34667,0.0396103,0.408202,1.20862,4.22456,1.21587,4.22428,668,1997,1.21578,4.22435,0,-176.568,-175.668
62612,-0.0755491,0.0215005,1.00457,0.0128088,-0.0282214,-0.0357251,1.2261,4.29988,0.0404161,0.407088,1.20262,4.2227,1.21158,4.22277,669,1997,1.21148,4.22285,0,-176.413,-175.532
62634,-0.0748684,0.0212557,1.00852,0.00517464,-0.19616,0.0253437,1.20739,4.24466,0.0408707,0.405943,1.2069,4.22122,1.21276,4.2215,668,1997,1.21268,4.22157,0,-176.811,-175.901
62654,-0.0759204,0.0227245,1.00432,0.0509768,-0.150359,-0.0280915,1.29619,4.32187,0.0406384,0.405089,1.20801,4.23535,1.21212,4.22922,668,1997,1.21205,4.22926,0,-176.781,-175.876
62674,-0.0736307,0.0212557,1.00463,0.00517464,0.0557482,-0.0204579,1.21207,4.19086,0.0418564,0.404296,1.21508,4.22336,1.21614,4.22285,668,1997,1.21606,4.22288,0,-176.708,-175.802
62694,-0.0746208,0.0205214,1.00512,0.0280762,0.0252137,0.0177101,1.16964,4.24503,0.0421583,0.405533,1.2175,4.2206,1.21717,4.22181,668,1997,1.21711,4.22181,0,-176.734,-175.821
62714,-0.0723311,0.0217453,1.007,-0.0253592,0.0404809,0.0635116,1.23706,4.10744,0.0420023,0.406663,1.20781,4.21332,1.21099,4.21802,668,1999,1.21094,4.21804,0,-176.434,-175.548
62736,-0.0732594,0.0196646,1.00512,-0.0253592,0.0175803,-0.0433587,1.12082,4.16792,0.0414798,0.407717,1.20829,4.21088,1.21021,4.21655,669,1998,1.2102,4.21658,0,-176.564,-175.672
62756,-0.0741258,0.0213781,1.00512,0.104412,0.00994658,-0.0128243,1.21846,4.21689,0.0417055,0.407107,1.20427,4.20545,1.20706,4.21234,667,2000,1.20708,4.21236,0,-176.669,-175.774
62776,-0.0742495,0.0228469,1.00804,0.0357094,0.0939159,-0.0586258,1.29837,4.21158,0.0425113,0.407901,1.20045,4.2198,1.20426,4.22005,669,1996,1.20431,4.22006,0,-176.718,-175.825
62796,-0.0749303,0.018869,1.00159,0.0967779,0.0175803,-0.0662594,1.07928,4.27766,0.0429354,0.408741,1.20102,4.21316,1.20409,4.21627,669,1997,1.20413,4.21627,0,-176.71,-175.816
62816,-0.0717123,0.0219289,1.00396,0.00517464,0.0328474,0.00244284,1.25128,4.08469,0.0434816,0.408558,1.20304,4.20738,1.20452,4.21247,668,1996,1.20457,4.21247,0,-176.736,-175.836
62838,-0.0744352,0.0216229,1.00359,-0.0177259,-0.0205877,-0.0815266,1.23427,4.2408,0.0433256,0.407841,1.2112,4.21299,1.20851,4.21448,668,1997,1.20857,4.21449,0,-176.904,-175.987
62858,-0.0735069,0.020093,1.00585,-0.00245857,0.0252137,0.0558779,1.1444,4.1789,0.0432306,0.40775,1.20679,4.21953,1.20584,4.21799,668,1997,1.20592,4.21804,0,-176.911,-175.998
62878,-0.0739401,0.0232141,1.00548,-0.0711613,0.0328474,0.0864123,1.32258,4.20468,0.0421585,0.4083,1.21435,4.22567,1.20923,4.22189,668,2000,1.20932,4.22195,0,-177.077,-176.143
62898,-0.0722073,0.0240096,1.00475,0.0433426,0.0633817,-0.104427,1.36889,4.10938,0.0418956,0.408759,1.22748,4.20658,1.21674,4.2115,668,1997,1.21684,4.2116,0,-176.91,-175.981
62918,-0.0756729,0.0205214,1.00487,-0.00245857,-0.0205877,-0.0738931,1.16992,4.30569,0.0420297,0.409965,1.21976,4.21308,1.2134,4.21474,668,1996,1.2135,4.21482,0,-176.612,-175.714
62940,-0.0730118,0.0219289,1.00487,0.020442,0.00994658,-0.127328,1.25014,4.1547,0.0427438,0.410821,1.21298,4.21893,1.2102,4.21819,667,1997,1.2103,4.21828,0,-176.637,-175.738
62960,-0.0744352,0.0196646,1.0039,-0.00245857,-0.00532055,-0.0586258,1.12218,4.23969,0.0424962,0.410821,1.21255,4.22472,1.20991,4.2213,668,1995,1.21,4.22138,0,-176.645,-175.751
62980,-0.0738782,0.0227857,1.00792,-0.139863,-0.0282214,0.0406108,1.29505,4.19111,0.0408745,0.410455,1.20967,4.20681,1.20735,4.21094,668,1997,1.20744,4.21101,0,-176.612,-175.722
63000,-0.0731975,0.0205826,1.00737,-0.0100918,-0.0511222,-0.0357251,1.17051,4.15507,0.0405505,0.409845,1.20699,4.19711,1.20557,4.20434,668,1997,1.20566,4.20442,0,-176.535,-175.646
63020,-0.0748065,0.0233977,1.00579,-0.0558939,0.147351,-0.19603,1.33264,4.25247,0.0401655,0.410655,1.21736,4.20629,1.21104,4.20874,669,1996,1.21113,4.20883,0,-176.578,-175.685
63042,-0.0714647,0.0232753,1.00347,0.0128088,0.0710154,-0.0280915,1.32872,4.07249,0.0406049,0.411831,1.23269,4.21428,1.22048,4.2134,668,1997,1.22057,4.2135,0,-176.511,-175.61
63062,-0.0733213,0.0218065,1.00463,-0.0406265,0.0404809,0.0177101,1.24347,4.17326,0.0404183,0.412594,1.22548,4.19707,1.21756,4.20331,668,1998,1.21765,4.20342,0,-176.474,-175.581
63082,-0.0743733,0.0218677,1.00627,-0.0482597,-0.0434885,-0.0891602,1.24492,4.22604,0.0403691,0.413664,1.22655,4.20634,1.21891,4.20799,668,1997,1.21899,4.20812,0,-176.576,-175.676
63102,-0.0740639,0.0226633,1.00353,-0.0177259,-0.0816565,-0.157863,1.29372,4.21988,0.0405642,0.413038,1.23754,4.20831,1.22612,4.20832,668,2001,1.2262,4.20846,0,-176.478,-175.579
63122,-0.0755491,0.0222961,1.0067,0.0662441,-0.0663893,0.0177101,1.26877,4.29075,0.0411715,0.412672,1.23865,4.20944,1.22834,4.20832,669,1997,1.22844,4.20846,0,-176.574,-175.666
63144,-0.0751159,0.020705,1.00737,0.0509768,0.0633817,0.0482444,1.17747,4.26356,0.0411529,0.412581,1.23416,4.20991,1.22714,4.20827,669,1998,1.22723,4.20841,0,-176.539,-175.633
63164,-0.0752397,0.0226633,1.00737,-0.0100918,0.132084,0.0253437,1.2888,4.27038,0.0405083,0.414093,1.22855,4.21357,1.22429,4.21081,669,1997,1.22438,4.21097,0,-176.543,-175.64
63183,-0.0727024,0.0167883,1.00931,-0.101695,-0.0663893,-0.0204579,0.952935,4.11942,0.0393752,0.415193,1.20397,4.21458,1.2103,4.21203,669,1997,1.21037,4.21219,0,-176.669,-175.772
63203,-0.0712791,0.0209498,1.00718,0.020442,-0.0587556,-0.00519073,1.1916,4.04723,0.0390665,0.414628,1.1913,4.19994,1.20182,4.20342,669,1997,1.2019,4.20359,0,-176.869,-175.959
63223,-0.0751159,0.0207662,1.00463,0.0967779,-0.0129542,-0.0967938,1.18416,4.27513,0.039231,0.415132,1.20437,4.19294,1.20805,4.19865,669,1997,1.20813,4.19884,0,-176.839,-175.921
63245,-0.0755491,0.0205826,1.00262,0.0357094,0.0710154,-0.0433587,1.17605,4.30828,0.0394109,0.415621,1.19438,4.21064,1.20171,4.20777,669,1998,1.20181,4.20797,0,-176.681,-175.786
63265,-0.0742495,0.0208886,1.00293,-0.0558939,0.0404809,-0.0128243,1.19316,4.23314,0.0399418,0.416309,1.19855,4.2107,1.20318,4.20802,669,1997,1.20327,4.20821,0,-176.549,-175.668
63285,-0.0733832,0.0204602,1.00725,-0.0482597,0.0481145,-0.0891602,1.16369,4.16608,0.0394041,0.416248,1.19664,4.213,1.20105,4.20927,669,1995,1.20117,4.20947,0,-176.616,-175.734
63305,-0.0735688,0.0222349,1.00432,0.0280762,0.0175803,-0.0128243,1.26827,4.18853,0.0405,0.416569,1.19806,4.21629,1.20138,4.21135,669,1997,1.20151,4.21155,0,-176.716,-175.823
63325,-0.074002,0.0201542,1.00414,-0.0406265,-0.0358551,-0.0967938,1.14983,4.21405,0.0398707,0.416356,1.20316,4.23078,1.20343,4.21995,669,1997,1.20358,4.22015,0,-176.708,-175.809
63347,-0.0743114,0.0193586,1.00816,0.0357094,0.0252137,0.0635116,1.10006,4.21488,0.0398978,0.416983,1.19795,4.22462,1.20019,4.21777,669,1998,1.20035,4.21798,0,-176.574,-175.687
63367,-0.0715885,0.0221125,1.00566,0.020442,0.0252137,0.0406108,1.25962,4.07077,0.0400013,0.41735,1.21112,4.20793,1.20705,4.20906,669,1999,1.20724,4.20925,0,-176.516,-175.63
63387,-0.0683086,0.0206438,1.00986,-0.0482597,-0.165626,0.0482444,1.17109,3.86887,0.0396163,0.417319,1.21504,4.19166,1.2093,4.19931,669,1997,1.20949,4.19949,0,-176.578,-175.688
63407,-0.080438,0.0212557,1.00061,0.020442,0.0481145,-0.00519073,1.21694,4.59502,0.039277,0.419625,1.22482,4.20257,1.21549,4.2043,669,1997,1.21568,4.20446,0,-176.734,-175.82
63427,-0.0736307,0.0211946,1.00402,0.020442,-0.0129542,-0.00519073,1.20932,4.1934,0.0398538,0.419458,1.23932,4.25251,1.22525,4.23307,669,1997,1.22545,4.23323,0,-176.77,-175.842
63449,-0.0744971,0.0192362,1.00219,-0.101695,0.0633817,0.0787787,1.09961,4.25042,0.0404611,0.41929,1.22339,4.22376,1.2179,4.21831,668,1993,1.21809,4.21849,0,-176.639,-175.732
63469,-0.0751778,0.0230917,1.0067,-0.00245857,-0.00532055,0.0406108,1.31402,4.26967,0.0390227,0.420207,1.22412,4.22737,1.21822,4.22122,669,1997,1.21837,4.22143,0,-176.775,-175.861
63489,-0.077777,0.0237036,1.0095,-0.124596,0.0710154,0.0787787,1.34509,4.40445,0.0375078,0.420436,1.23294,4.23496,1.22329,4.22624,668,1997,1.22346,4.22646,0,-176.844,-175.921
63509,-0.0764774,0.0222349,1.00171,-0.109328,-0.0511222,-0.19603,1.27159,4.36482,0.0352144,0.420238,1.23552,4.24366,1.22511,4.23207,668,1996,1.22525,4.23227,0,-176.673,-175.76
63529,-0.0743733,0.0229081,0.997813,0.0662441,-0.0511222,-0.0815266,1.31518,4.26161,0.0347988,0.419628,1.24554,4.25524,1.232,4.24018,668,1997,1.23216,4.24037,0,-176.505,-175.597
63551,-0.0655857,0.0220513,1.01041,0.0280762,0.0557482,-0.264733,1.25023,3.71297,0.0344443,0.417537,1.25344,4.17611,1.23838,4.19587,669,1998,1.23853,4.19606,0,-176.643,-175.715
63571,-0.0717123,0.0189914,1.00019,0.0738773,0.0481145,0.0253437,1.0878,4.10029,0.0355707,0.418041,1.22167,4.14067,1.22267,4.17245,669,1998,1.22282,4.17265,0,-176.833,-175.897
63591,-0.0802524,0.0211334,1.00505,0.05861,0.154985,-0.0815266,1.20458,4.5643,0.0362849,0.419477,1.19859,4.18469,1.20956,4.19363,668,1997,1.20974,4.19382,0,-176.858,-175.934
63611,-0.105625,0.0203378,0.998239,0.127313,-0.417534,-0.188397,1.16716,6.03883,0.0366937,0.417615,1.20863,4.36713,1.21426,4.2957,668,1997,1.21445,4.29589,0,-176.932,-176.014
63631,-0.0527136,0.0344132,1.01199,0.0280762,-1.44807,-0.341069,1.94762,2.98006,0.0373774,0.404195,1.286,4.57821,1.25812,4.42564,668,1997,1.2583,4.42582,0,-176.576,-175.66
63653,-0.027279,0.00295769,0.988503,-0.277267,1.4756,0.200916,0.171434,1.58074,0.0399084,0.390654,1.22747,3.72003,1.23094,3.94164,661,2001,1.23112,3.94182,0,-176.511,-175.581
63673,-0.130379,0.0218677,1.01217,0.0891447,1.04048,0.116947,1.23766,7.3382,0.0346531,0.431051,1.08951,4.0498,1.14713,4.11464,669,1997,1.14731,4.11481,0,-176.734,-175.878
63693,-0.093867,0.0301294,1.00554,-0.0100918,-0.348832,-0.104427,1.71626,5.33071,0.0355963,0.42638,1.21093,4.45756,1.2101,4.34216,669,1998,1.21026,4.34235,0,-176.628,-175.739
63713,-0.0496813,0.0229081,1.00122,0.104412,-0.440435,-0.0280915,1.31071,2.83998,0.0375013,0.421327,1.24753,4.31479,1.23243,4.27444,668,1997,1.23257,4.27465,0,-176.438,-175.537
63733,-0.0688037,0.0230305,1.00499,0.020442,0.368725,0.216183,1.31276,3.91543,0.0390552,0.419129,1.24778,4.12954,1.23492,4.16998,669,1996,1.23503,4.17015,0,-176.443,-175.53
63755,-0.0764774,0.0155644,1.00542,0.134946,-0.295397,-0.0128243,0.886895,4.34931,0.0406396,0.420503,1.21082,4.18393,1.21616,4.19659,668,1996,1.21625,4.19676,0,-176.626,-175.715
63775,-0.076663,0.0199094,1.00293,0.0280762,0.0404809,-0.0509923,1.13725,4.3703,0.0399645,0.41945,1.16026,4.21336,1.18553,4.21129,669,1997,1.18561,4.21146,0,-176.687,-175.798
63795,-0.0784577,0.029089,1.00305,0.0967779,-0.0511222,-0.0357251,1.66115,4.47066,0.0404344,0.419634,1.19644,4.23663,1.20284,4.22457,668,1997,1.20291,4.22477,0,-176.392,-175.516
63815,-0.0728262,0.0287218,1.00347,-0.00245857,-0.00532055,0.0253437,1.6395,4.14922,0.0407517,0.419589,1.288,4.24595,1.25509,4.23165,668,2001,1.25514,4.23183,0,-176.262,-175.352
63835,-0.0701033,0.0128717,1.00286,0.226549,-0.00532055,-0.00519073,0.735347,3.99832,0.0427636,0.420032,1.25322,4.19811,1.24095,4.2059,663,1998,1.24099,4.20606,0,-176.424,-175.507
63857,-0.0649049,0.0137897,1.00226,0.0738773,-0.0892901,0.0406108,0.788261,3.70489,0.0427297,0.418613,1.13773,4.13481,1.17529,4.16741,666,1999,1.17531,4.16759,0,-176.841,-175.952
63877,-0.0733213,0.0292726,1.00694,0.0738773,-0.287763,0.0635116,1.66517,4.16294,0.0449858,0.419605,1.15765,4.15987,1.1817,4.17741,668,1997,1.18173,4.1776,0,-176.777,-175.892
63897,-0.072393,0.0278039,1.00353,-0.00245857,0.154985,-0.0738931,1.58703,4.12448,0.0457764,0.419316,1.27583,4.15203,1.24744,4.16987,668,1997,1.24748,4.17007,0,-176.703,-175.763
63917,-0.0742495,0.0190526,1.00944,0.0357094,0.0633817,-0.00519073,1.0813,4.20609,0.0456967,0.419316,1.27561,4.14199,1.25147,4.161,669,1997,1.2515,4.1612,0,-176.489,-175.555
63937,-0.0730737,0.0186855,1.00347,0.0509768,-0.0892901,-0.0662594,1.06677,4.16426,0.0460902,0.418859,1.21922,4.1537,1.22203,4.16421,669,1997,1.22205,4.16442,0,-176.562,-175.648
63959,-0.0748065,0.0213781,1.00554,0.00517464,0.0633817,-0.104427,1.21794,4.25368,0.0461021,0.419989,1.20522,4.18404,1.21334,4.1799,669,1996,1.21337,4.1801,0,-176.663,-175.749
63979,-0.0757967,0.0266411,1.0014,0.0738773,0.0404809,-0.0815266,1.52393,4.32696,0.0459155,0.42031,1.23966,4.19971,1.23204,4.18858,669,1997,1.23205,4.18877,0,-176.699,-175.77
63999,-0.0761061,0.0234589,1.00688,0.0738773,-0.0587556,-0.0128243,1.33467,4.32137,0.0451946,0.419517,1.25721,4.20628,1.24318,4.19252,668,1997,1.2432,4.19271,0,-176.675,-175.739
64019,-0.0722073,0.020093,1.00792,0.0128088,-0.0892901,-0.0586258,1.14205,4.09687,0.0461226,0.418616,1.25272,4.20974,1.24301,4.19536,668,2001,1.24303,4.19556,0,-176.608,-175.675
64039,-0.0708459,0.0190526,1.00579,0.0128088,0.0023129,0.0100764,1.08523,4.02845,0.0460123,0.418525,1.22272,4.17807,1.22703,4.17799,668,1996,1.22702,4.17819,0,-176.695,-175.772
64061,-0.0754872,0.0242544,1.00658,-0.0711613,-0.0282214,-0.0433587,1.38033,4.28757,0.0450624,0.418953,1.22356,4.17872,1.22645,4.17755,668,1997,1.22642,4.17776,0,-176.622,-175.7
64081,-0.0773438,0.025662,1.00378,0.0433426,-0.142725,-0.0280915,1.46447,4.40466,0.0449369,0.419167,1.26961,4.2068,1.25291,4.19314,669,1998,1.25284,4.19339,0,-176.497,-175.56
64101,-0.0746827,0.0199706,1.00006,-0.0177259,-0.0129542,0.0787787,1.144,4.26995,0.0454984,0.417748,1.28141,4.23705,1.26279,4.21128,669,1997,1.26272,4.21153,0,-176.687,-175.733
64120,-0.0736926,0.0175839,1.0053,-0.109328,0.0710154,-0.0662594,1.00207,4.19188,0.0447927,0.417825,1.22726,4.21869,1.23396,4.2034,669,1997,1.23386,4.20367,0,-176.522,-175.601
64140,-0.0733832,0.0221125,1.00372,-0.0940619,0.177886,0.00244284,1.26206,4.18053,0.0438428,0.419291,1.19855,4.20767,1.21596,4.19916,669,1997,1.21586,4.19941,0,-176.302,-175.415
64162,-0.0744352,0.0233977,1.00359,-0.0329933,-0.0511222,0.0406108,1.33554,4.24063,0.0442364,0.418986,1.22219,4.22405,1.22756,4.20919,669,1997,1.22747,4.20942,0,-176.604,-175.691
64182,-0.071341,0.0211946,1.00469,0.0357094,-0.00532055,-0.127328,1.20851,4.06074,0.0438361,0.419215,1.244,4.21278,1.2398,4.20454,669,1998,1.2397,4.20477,0,-176.781,-175.845
64202,-0.0730118,0.019787,1.00493,-0.0711613,-0.0434885,-0.188397,1.128,4.15463,0.0433289,0.418956,1.24039,4.18481,1.23847,4.18877,669,1997,1.23837,4.18903,0,-176.572,-175.653
64222,-0.076663,0.0176451,1.0053,0.020442,-0.180893,-0.0204579,1.00556,4.36021,0.0431118,0.417858,1.20719,4.194,1.21964,4.19268,669,1997,1.21953,4.19294,0,-176.459,-175.562
64242,-0.0761061,0.0221125,1.00694,-0.0177259,0.0328474,0.0100764,1.25802,4.32124,0.0431084,0.41795,1.20564,4.1969,1.217,4.19414,669,1997,1.21687,4.19442,0,-176.636,-175.727
64264,-0.0733213,0.0231529,1.0039,0.0433426,-0.0282214,-0.0815266,1.32118,4.17616,0.0431661,0.418057,1.23032,4.21314,1.22999,4.20373,669,1997,1.22988,4.20401,0,-176.85,-175.917
64284,-0.0730118,0.0183795,1.00512,0.0509768,-0.0129542,0.00244284,1.04759,4.15399,0.0437429,0.417813,1.22874,4.2034,1.22974,4.19895,669,1997,1.22963,4.19923,0,-176.811,-175.875
64304,-0.0739401,0.0201542,1.00652,-0.0177259,0.00994658,0.0482444,1.14712,4.20065,0.0441059,0.418165,1.22299,4.19459,1.22665,4.19425,667,1998,1.22655,4.19451,0,-176.511,-175.606
64324,-0.0726405,0.0211334,1.00591,0.0357094,0.0481145,0.0100764,1.20356,4.12948,0.0442247,0.418852,1.19802,4.19465,1.21178,4.19433,669,1997,1.2117,4.19458,0,-176.657,-175.766
64344,-0.0743114,0.0217453,1.00347,0.0128088,0.0252137,0.0329772,1.24141,4.23427,0.0447251,0.419082,1.21782,4.20167,1.22162,4.19805,669,2001,1.22151,4.1983,0,-176.584,-175.686
64366,-0.0728262,0.0229693,1.00688,0.0815105,0.0328474,-0.0280915,1.30682,4.13584,0.0447675,0.419403,1.2428,4.19816,1.23555,4.19637,668,1997,1.23542,4.19664,0,-176.52,-175.605
64386,-0.075054,0.0206438,1.00445,-0.0482597,-0.00532055,-0.0891602,1.1774,4.2724,0.0443825,0.420503,1.22601,4.20715,1.22665,4.20181,668,1997,1.22651,4.20208,0,-176.647,-175.73
64406,-0.0746208,0.0216229,1.00463,0.0357094,0.0939159,-0.0509923,1.233,4.24698,0.0450661,0.42032,1.22001,4.2043,1.22339,4.20043,668,2001,1.22326,4.20072,0,-176.531,-175.625
64426,-0.0731975,0.0222349,1.00499,-0.0329933,0.0404809,-0.0280915,1.26743,4.1647,0.0455666,0.421755,1.22368,4.20238,1.22531,4.20015,668,2001,1.22518,4.20045,0,-176.608,-175.699
64446,-0.0728262,0.0224797,1.00597,0.0509768,0.00994658,-0.0509923,1.28014,4.13963,0.045777,0.422428,1.24252,4.19437,1.23613,4.1959,667,1997,1.23602,4.1962,0,-176.551,-175.635
64468,-0.0740639,0.0220513,1.00658,-0.0100918,-0.00532055,-0.0204579,1.25499,4.20723,0.0467965,0.42255,1.23535,4.19475,1.23321,4.1957,668,1997,1.23309,4.19601,0,-176.449,-175.543
64488,-0.0740639,0.019175,1.00493,0.0509768,0.0710154,-0.112061,1.09312,4.21433,0.0471595,0.422551,1.21959,4.20124,1.22464,4.19907,668,1997,1.22451,4.19939,0,-176.527,-175.62
64508,-0.07722,0.0193586,1.00512,-0.0635271,0.0862825,-0.119695,1.10339,4.39242,0.0464233,0.422857,1.20649,4.21328,1.21621,4.20595,668,1997,1.21608,4.20627,0,-176.195,-175.323
64528,-0.0730118,0.0245604,1.00688,-0.00245857,-0.0740228,0.0329772,1.39731,4.1462,0.0468322,0.422262,1.21345,4.22003,1.21886,4.2105,668,1997,1.21875,4.21082,0,-176.277,-175.403
64548,-0.0733213,0.0202766,1.00798,0.134946,-0.0205877,-0.0815266,1.15241,4.15959,0.0473632,0.422399,1.22452,4.22435,1.22498,4.21394,669,1997,1.22485,4.21425,0,-176.543,-175.638
64570,-0.0749303,0.0201542,1.00073,-0.0482597,0.0786488,0.00244284,1.15375,4.28118,0.0473598,0.423194,1.2056,4.22043,1.2138,4.213,668,1997,1.21367,4.2133,0,-176.732,-175.817
64590,-0.074002,0.0219289,1.00439,-0.0177259,0.0404809,-0.0509923,1.25075,4.21287,0.0474175,0.423057,1.20398,4.21904,1.21165,4.21314,669,1997,1.21153,4.21346,0,-176.869,-175.95
64610,-0.0736926,0.0235201,1.00463,0.0357094,-0.0205877,0.0940459,1.34115,4.19416,0.0482233,0.422767,1.22062,4.2129,1.22032,4.21018,668,1997,1.22022,4.21051,0,-176.779,-175.866
64630,-0.0743114,0.0216229,1.00104,0.0357094,0.132084,0.0329772,1.23742,4.24454,0.048571,0.424355,1.22364,4.19906,1.22203,4.20293,668,1997,1.22193,4.20326,0,-176.736,-175.817
64650,-0.0730737,0.0221125,1.00725,-0.0482597,0.0328474,-0.0357251,1.25764,4.14843,0.0484303,0.425379,1.22089,4.2068,1.22042,4.20727,668,1997,1.22034,4.20758,0,-176.57,-175.669
64672,-0.0752397,0.0212557,1.00554,-0.101695,0.0328474,-0.0662594,1.21097,4.27823,0.0476941,0.424921,1.20829,4.22354,1.21261,4.21674,668,1997,1.21255,4.21703,0,-176.549,-175.662
64692,-0.072393,0.0226633,1.0056,-0.0482597,-0.0282214,0.0482444,1.29106,4.11656,0.0470189,0.425166,1.20988,4.2222,1.21236,4.21698,669,1997,1.21232,4.21724,0,-176.614,-175.716
64712,-0.0755491,0.0213781,1.00353,-0.0329933,0.0175803,0.0482444,1.22038,4.30431,0.047153,0.425716,1.22252,4.22397,1.21918,4.21864,668,1996,1.21915,4.21891,0,-176.679,-175.768
64732,-0.0748684,0.020093,1.00566,-0.0864277,-0.0282214,-0.0586258,1.14461,4.25678,0.0463404,0.425029,1.21599,4.21584,1.21538,4.2143,668,1997,1.21536,4.21454,0,-176.72,-175.811
64752,-0.0703508,0.0206438,1.00621,-0.147496,0.132084,-0.0586258,1.17533,3.99857,0.0456959,0.426175,1.19219,4.20511,1.2009,4.20913,668,2001,1.20088,4.20939,0,-176.844,-175.936
64774,-0.0757967,0.0224797,1.00743,0.0967779,0.0633817,-0.0509923,1.27828,4.30163,0.0462116,0.428725,1.202,4.19351,1.20525,4.20263,668,1996,1.20524,4.20288,0,-176.831,-175.921
64794,-0.0752397,0.0226633,1.0056,-0.0100918,-0.0282214,-0.0738931,1.29106,4.27784,0.0472158,0.429458,1.2271,4.20181,1.21954,4.20646,669,1997,1.21954,4.20668,0,-176.675,-175.767
64814,-0.0733832,0.0200318,1.00475,-0.0253592,-0.0129542,-0.0738931,1.14216,4.17642,0.0471209,0.429795,1.2149,4.19816,1.21324,4.20382,669,1997,1.21325,4.20404,0,-176.705,-175.793
64834,-0.0740639,0.0195422,1.00597,0.0128088,-0.0205877,0.0558779,1.1129,4.20998,0.0473312,0.430467,1.20249,4.2002,1.2062,4.20431,668,1997,1.20619,4.20451,0,-176.695,-175.788
64854,-0.0728262,0.0208274,1.00554,0.0357094,0.0404809,-0.0662594,1.18657,4.14152,0.0473126,0.429963,1.18833,4.18732,1.19709,4.196,669,1996,1.19709,4.19621,0,-176.57,-175.686
64876,-0.0769106,0.0225409,1.00244,0.0509768,-0.0434885,-0.0357251,1.28814,4.38623,0.0484085,0.429521,1.20738,4.18764,1.20694,4.19441,668,1996,1.20697,4.1946,0,-176.537,-175.649
64896,-0.0726405,0.0235813,1.00615,-0.0253592,0.0404809,-0.0128243,1.3426,4.12826,0.0489852,0.429629,1.23311,4.19288,1.22178,4.1965,668,1998,1.2218,4.19669,0,-176.598,-175.69
64916,-0.0749922,0.0211334,1.00487,0.00517464,-0.0205877,0.0253437,1.2048,4.26705,0.0493635,0.430301,1.22687,4.19051,1.21948,4.19465,669,1997,1.21951,4.19486,0,-176.608,-175.699
64936,-0.07295,0.0209498,1.00232,-0.0177259,0.0023129,-0.0280915,1.19738,4.16182,0.0487648,0.429492,1.216,4.18027,1.21356,4.18757,668,1997,1.21359,4.18779,0,-176.872,-175.95
64956,-0.0752397,0.0234589,1.0014,-0.0177259,-0.0282214,-0.0738931,1.34196,4.29563,0.0489599,0.427996,1.22933,4.18691,1.22122,4.18917,669,1996,1.22127,4.18939,0,-176.975,-176.037
64978,-0.074002,0.0227857,1.0008,-0.139863,0.0404809,0.0406108,1.30426,4.22785,0.0485595,0.427508,1.24367,4.18585,1.23023,4.18772,668,2001,1.23029,4.18793,0,-176.712,-175.786
64998,-0.0754253,0.0192974,1.00518,0.0357094,-0.0205877,-0.0967938,1.09983,4.29047,0.04906,0.42789,1.24479,4.18579,1.23286,4.18716,668,1996,1.23292,4.18735,0,-176.781,-175.852
65018,-0.0725168,0.0200318,1.00414,-0.0329933,0.116817,0.0406108,1.14285,4.12978,0.048736,0.428746,1.22569,4.18339,1.22311,4.18563,669,1997,1.22318,4.18582,0,-176.943,-176.004
65038,-0.0735069,0.021011,1.00268,-0.0787945,-0.00532055,0.0558779,1.20044,4.19195,0.048412,0.428197,1.21795,4.17676,1.21865,4.18078,669,1996,1.21874,4.18097,0,-176.665,-175.746
65057,-0.0727643,0.0229081,1.00597,0.0509768,-0.0129542,-0.0128243,1.30452,4.13608,0.0489735,0.428747,1.22083,4.19266,1.22013,4.18925,669,1996,1.2202,4.18947,0,-176.604,-175.692
65079,-0.0732594,0.0233977,1.00761,-0.0177259,-0.0129542,-0.0586258,1.33022,4.15731,0.0490618,0.428381,1.22643,4.18779,1.22318,4.18619,669,1997,1.22328,4.18639,0,-176.606,-175.692
65099,-0.0728262,0.0216229,1.00195,-0.0177259,-0.0205877,0.0100764,1.2363,4.15623,0.0488294,0.429099,1.23211,4.18713,1.22678,4.18584,669,1995,1.22688,4.18604,0,-176.634,-175.714
65119,-0.0744352,0.0208886,1.00505,-0.0100918,0.0557482,0.0558779,1.19064,4.23473,0.048597,0.429618,1.22584,4.19205,1.22361,4.18848,669,1997,1.2237,4.18867,0,-176.697,-175.77
65139,-0.0715885,0.019787,1.00487,0.00517464,0.0710154,-0.0815266,1.12807,4.07416,0.0479372,0.429283,1.21542,4.19346,1.21765,4.18927,669,1997,1.21774,4.18948,0,-176.775,-175.855
65159,-0.072393,0.0219289,1.00104,0.0509768,0.0939159,-0.0509923,1.25493,4.13532,0.0477506,0.430642,1.20967,4.19228,1.21367,4.18923,669,1997,1.21373,4.18944,0,-176.703,-175.79
65181,-0.0722073,0.0203378,1.0042,-0.0940619,-0.0205877,0.0711452,1.16023,4.11194,0.0476403,0.430734,1.21156,4.17886,1.21402,4.18135,669,1997,1.21409,4.18159,0,-176.74,-175.817
65201,-0.0741258,0.0205214,1.01011,-0.0558939,0.132084,0.0558779,1.16386,4.19622,0.0471332,0.430674,1.21967,4.18296,1.21808,4.18288,669,2001,1.21816,4.18314,0,-176.565,-175.658
65221,-0.0747446,0.0231529,1.00773,-0.0177259,-0.0969236,-0.0280915,1.31615,4.24081,0.046626,0.431117,1.23559,4.18215,1.22705,4.18189,669,1997,1.22712,4.18215,0,-176.618,-175.702
65241,-0.0714647,0.0235201,1.00712,-0.0100918,-0.104557,0.0253437,1.33782,4.05776,0.0477066,0.430308,1.24754,4.17706,1.23533,4.17819,669,1997,1.2354,4.17846,0,-176.803,-175.861
65261,-0.0753016,0.0205826,1.00396,-0.00245857,-0.0740228,-0.0815266,1.17448,4.28852,0.0482986,0.429209,1.25375,4.18856,1.24099,4.18339,669,1997,1.2411,4.18369,0,-176.564,-175.632
65283,-0.0719598,0.0205214,1.00548,-0.109328,-0.119824,-0.0967938,1.16922,4.09269,0.047425,0.428477,1.24082,4.17887,1.23499,4.17762,669,1998,1.23509,4.17793,0,-176.533,-175.612
65303,-0.0748065,0.0200318,1.00481,0.00517464,0.0862825,-0.112061,1.14209,4.25688,0.0467346,0.428691,1.21302,4.17657,1.2194,4.17569,669,1998,1.2195,4.17599,0,-176.447,-175.553
65323,-0.0754253,0.0220513,1.0053,-0.0787945,-0.0282214,0.0177101,1.25659,4.28971,0.0466702,0.428936,1.22251,4.17223,1.22393,4.17257,668,1997,1.22403,4.17287,0,-176.246,-175.362
65343,-0.0756729,0.0221125,1.0039,0.0433426,-0.00532055,-0.0662594,1.26183,4.30971,0.0466974,0.429044,1.22911,4.21274,1.22752,4.19547,668,1997,1.22763,4.19579,0,-176.568,-175.657
65363,-0.0699176,0.0201542,1.00554,-0.0329933,-0.0892901,-0.0662594,1.14823,3.97671,0.0472741,0.427792,1.23242,4.18968,1.23007,4.18357,668,1997,1.23019,4.1839,0,-176.693,-175.766
65385,-0.0725168,0.0200318,1.00585,-0.0635271,0.0404809,0.0406108,1.14092,4.12281,0.0478204,0.427991,1.20683,4.17371,1.21575,4.17452,668,1997,1.21585,4.17485,0,-176.634,-175.725
65405,-0.0749303,0.0254784,1.00445,-0.0177259,0.109183,-0.0586258,1.45303,4.26491,0.048275,0.428495,1.24378,4.16056,1.23593,4.16631,669,1997,1.23603,4.16665,0,-176.824,-175.892
65425,-0.0801905,0.0197258,1.00615,0.0128088,-0.135092,-0.0815266,1.12315,4.55599,0.0472182,0.429305,1.25017,4.23997,1.24074,4.2112,669,2000,1.24083,4.21155,0,-176.683,-175.757
65445,-0.0660189,0.0189302,1.00481,-0.0100918,-0.173259,0.0253437,1.0793,3.75842,0.0482072,0.426206,1.2222,4.20095,1.22628,4.19142,669,1997,1.22635,4.19179,0,-176.474,-175.566
65465,-0.0749922,0.0213781,1.00153,0.00517464,0.0328474,-0.104427,1.22283,4.28123,0.0476542,0.427107,1.2194,4.18805,1.22399,4.1847,669,1997,1.22405,4.18505,0,-176.415,-175.517
65487,-0.0728262,0.0246216,1.00694,-0.0329933,0.0404809,0.0253437,1.40071,4.13543,0.0480631,0.425841,1.25068,4.19143,1.24174,4.18634,669,1997,1.24178,4.18668,0,-176.409,-175.498
65507,-0.0710315,0.0187466,1.00372,0.0128088,-0.0129542,-0.0586258,1.07,4.04729,0.0478154,0.426772,1.24559,4.19289,1.24042,4.18808,669,1997,1.24044,4.18843,0,-176.586,-175.67
65527,-0.0727024,0.0180123,1.00347,0.020442,0.12445,-0.0738931,1.02835,4.14322,0.0474151,0.427246,1.21093,4.17357,1.22121,4.17726,668,1997,1.22123,4.17759,0,-176.58,-175.674
65547,-0.0733213,0.0185019,1.00378,0.0967779,-0.0282214,-0.0509923,1.05597,4.17706,0.0486636,0.428041,1.1742,4.18421,1.19934,4.18299,668,1998,1.19934,4.18329,0,-176.637,-175.741
65567,-0.0741258,0.02505,1.00731,-0.00245857,0.0023129,-0.0662594,1.42455,4.2074,0.049042,0.427415,1.20553,4.16955,1.21416,4.17385,668,1998,1.21415,4.17417,0,-176.608,-175.699
65589,-0.0730737,0.0237036,1.00706,-0.0482597,-0.0205877,-0.0738931,1.34834,4.14903,0.0488249,0.42795,1.24181,4.17264,1.23397,4.17491,668,1997,1.23395,4.17524,0,-176.44,-175.527
65609,-0.0732594,0.0220513,1.00451,0.0280762,-0.0816565,-0.0662594,1.25758,4.17023,0.0492184,0.4265,1.26568,4.17634,1.24935,4.17564,669,1997,1.24933,4.17599,0,-176.679,-175.737
65629,-0.0764774,0.023826,1.0039,0.00517464,0.0481145,0.0329772,1.35957,4.35518,0.0501158,0.426592,1.27157,4.17689,1.25524,4.17558,668,1996,1.25523,4.17592,0,-176.744,-175.798
65649,-0.0741877,0.0191138,1.00664,-0.00245857,-0.104557,0.0787787,1.08779,4.21424,0.0490438,0.426592,1.25351,4.20415,1.24693,4.19126,668,1997,1.24691,4.19159,0,-176.701,-175.762
65669,-0.0709078,0.0207662,1.00493,-0.0177259,0.00994658,-0.0433587,1.1838,4.03522,0.0485976,0.4267,1.23589,4.18052,1.23773,4.17901,667,1996,1.23771,4.17936,0,-176.837,-175.886
65691,-0.0775294,0.0205214,1.00293,0.0891447,-0.0740228,-0.0586258,1.1722,4.41944,0.0486095,0.426334,1.21507,4.20689,1.22564,4.19359,668,2001,1.2256,4.19394,0,-176.828,-175.896
65711,-0.0715266,0.0238872,1.00731,0.0815105,0.0252137,0.0558779,1.35846,4.06049,0.0503466,0.424945,1.21916,4.18901,1.22729,4.18457,668,2001,1.22726,4.18491,0,-176.729,-175.805
65731,-0.0791384,0.0243156,1.00712,-0.0100918,0.0633817,-0.0433587,1.38306,4.49169,0.0498547,0.426503,1.25448,4.20212,1.24674,4.1928,669,1997,1.24671,4.19315,0,-176.624,-175.692
65751,-0.0746208,0.0179511,1.00469,-0.0787945,0.0710154,-0.0815266,1.02361,4.24703,0.0487979,0.426488,1.2449,4.21908,1.24228,4.20377,668,1997,1.24223,4.2041,0,-176.563,-175.643
65771,-0.0728262,0.0178287,1.00822,-0.0787945,0.0023129,0.0253437,1.01308,4.1308,0.0470235,0.427313,1.19774,4.21348,1.21474,4.20289,668,1996,1.21468,4.20324,0,-176.604,-175.705
65793,-0.0727643,0.0252948,1.00731,-0.00245857,0.0252137,-0.0357251,1.43847,4.13037,0.0473408,0.426519,1.21222,4.16778,1.22062,4.17731,669,1997,1.22055,4.17766,0,-176.758,-175.836
65813,-0.0792622,0.0265187,1.00718,-0.0100918,0.147351,0.0940459,1.50822,4.49817,0.0472763,0.428642,1.25908,4.20974,1.24672,4.20089,668,1996,1.24665,4.20123,0,-176.815,-175.872
65833,-0.0757348,0.0164211,1.00585,-0.0329933,-0.142725,-0.127328,0.935311,4.30537,0.0469524,0.427604,1.24203,4.24746,1.23904,4.22366,669,1996,1.23896,4.224,0,-176.687,-175.763
65853,-0.0658332,0.0174615,1.007,0.020442,0.0862825,-0.0891602,0.993414,3.73985,0.0476513,0.425971,1.17251,4.18094,1.19951,4.1881,669,1996,1.19945,4.18844,0,-176.574,-175.692
65873,-0.0749303,0.029089,1.00566,0.0433426,0.0175803,-0.00519073,1.65683,4.25936,0.0475716,0.426826,1.2079,4.16129,1.21574,4.17572,669,1997,1.21567,4.17605,0,-176.566,-175.663
65895,-0.0766012,0.0248052,1.007,-0.0635271,0.154985,-0.0586258,1.41107,4.34871,0.0469117,0.428231,1.29634,4.18406,1.26614,4.18751,669,2001,1.26608,4.18782,0,-176.663,-175.705
65915,-0.0784577,0.0130553,1.00566,-0.0177259,0.00994658,-0.0433587,0.743758,4.46057,0.0457633,0.429255,1.25469,4.24026,1.24624,4.22,662,1997,1.24615,4.22031,0,-176.632,-175.702
65935,-0.0660189,0.014524,1.00226,0.104412,0.00994658,-0.0128243,0.830234,3.76825,0.0467981,0.427393,1.16695,4.20219,1.19701,4.20057,665,1999,1.19689,4.20089,0,-176.634,-175.744
65955,-0.0749922,0.02505,1.007,-0.00245857,0.0252137,-0.0204579,1.42498,4.25768,0.0478329,0.427637,1.17189,4.17194,1.19585,4.18284,669,1998,1.19573,4.18311,0,-176.83,-175.918
65975,-0.0778389,0.0285383,1.00268,0.0738773,-0.0663893,-0.142595,1.63031,4.43722,0.0468219,0.427378,1.2374,4.22619,1.22993,4.2128,669,1998,1.22981,4.21308,0,-176.742,-175.818
65997,-0.0728262,0.0205214,1.00798,-0.0253592,0.0328474,0.0406108,1.16632,4.13158,0.046559,0.427012,1.26177,4.21505,1.24542,4.20829,669,1997,1.24533,4.20857,0,-176.514,-175.596
66016,-0.0773438,0.0135449,1.00645,0.0128088,0.0175803,-0.0280915,0.77104,4.39402,0.0461739,0.42715,1.19162,4.21311,1.20714,4.20798,666,1998,1.20704,4.20825,0,-176.428,-175.539
66036,-0.0736307,0.0213169,1.00579,-0.0864277,0.0862825,-0.0128243,1.21416,4.18606,0.0455599,0.426983,1.15118,4.2185,1.18079,4.21205,669,1997,1.18068,4.21232,0,-176.693,-175.809
66056,-0.0722692,0.0267023,1.00457,-0.0253592,0.0404809,0.0253437,1.52261,4.11336,0.0451595,0.427304,1.19086,4.20981,1.19907,4.2084,669,1997,1.19901,4.20864,0,-176.835,-175.928
66076,-0.0733213,0.0271919,1.00469,-0.0253592,-0.0205877,-0.0128243,1.55033,4.17247,0.0447898,0.427701,1.26425,4.21778,1.24009,4.21367,670,1997,1.24,4.2139,0,-176.703,-175.767
66098,-0.0705364,0.0178287,1.00232,-0.00245857,-0.0129542,-0.0509923,1.01904,4.02483,0.0444353,0.427351,1.25388,4.21409,1.2374,4.21255,669,1997,1.2373,4.21277,0,-176.578,-175.658
66118,-0.0696082,0.0169107,1.00408,0.00517464,0.00994658,0.00244284,0.964883,3.96514,0.045241,0.427809,1.19507,4.18235,1.20573,4.19482,667,1997,1.20561,4.19503,0,-176.547,-175.658
66138,-0.0768487,0.0238872,1.00664,0.020442,-0.104557,-0.0128243,1.35936,4.36438,0.0461384,0.428038,1.18287,4.1962,1.19704,4.20131,669,1997,1.19693,4.20151,0,-176.843,-175.94
66158,-0.0728881,0.0280487,1.00499,-0.0329933,0.0404809,-0.0586258,1.59867,4.14655,0.0463335,0.427505,1.24689,4.20799,1.23199,4.20765,669,1997,1.23189,4.20782,0,-176.846,-175.919
66178,-0.0760442,0.0226021,1.00305,-0.0253592,-0.0282214,-0.0433587,1.29085,4.33439,0.0449256,0.427902,1.27327,4.22115,1.24894,4.2155,669,1998,1.24887,4.21566,0,-176.614,-175.69
66200,-0.0699176,0.0161764,1.00725,-0.0253592,-0.0511222,-0.0738931,0.92009,3.97029,0.0454108,0.427643,1.22256,4.20296,1.22301,4.20613,669,1998,1.22295,4.20627,0,-176.543,-175.64
66220,-0.0740639,0.0209498,1.00481,0.0357094,-0.0282214,-0.0357251,1.19441,4.21469,0.0452853,0.427597,1.17677,4.17819,1.19587,4.19127,669,1997,1.1958,4.19139,0,-176.663,-175.772
66240,-0.0742495,0.0254172,1.00767,-0.0711613,-0.0816565,-0.0586258,1.4449,4.21285,0.0453735,0.427262,1.21004,4.18478,1.21226,4.1934,668,1998,1.21218,4.19352,0,-176.632,-175.728
66260,-0.0774057,0.0244992,1.00305,0.0738773,0.0481145,0.0406108,1.39916,4.41149,0.045706,0.428209,1.26725,4.20548,1.24524,4.20459,668,1997,1.24514,4.20471,0,-176.476,-175.554
66280,-0.0758585,0.0201542,1.00877,0.0433426,-0.0663893,-0.00519073,1.14456,4.29965,0.0455652,0.427858,1.24796,4.23116,1.23718,4.21964,669,1997,1.23709,4.21974,0,-176.576,-175.652
66302,-0.0712791,0.0174003,1.00566,0.0357094,-0.0205877,-0.0357251,0.991251,4.05361,0.0451802,0.426637,1.20539,4.22313,1.2139,4.21643,669,1995,1.21381,4.21652,0,-176.734,-175.815
66322,-0.0728881,0.0208274,1.00615,-0.0329933,-0.0587556,-0.0204579,1.18586,4.14253,0.0451005,0.426333,1.18119,4.20733,1.19849,4.20817,668,1997,1.19841,4.20826,0,-176.807,-175.902
66342,-0.0758585,0.0244992,1.00572,0.0509768,0.0404809,-0.0586258,1.39544,4.31219,0.0439826,0.426104,1.23012,4.22208,1.22388,4.21657,668,1997,1.2238,4.21665,0,-176.779,-175.862
66362,-0.0753635,0.0222961,1.0056,0.0357094,-0.0282214,-0.127328,1.27015,4.28489,0.0445899,0.42615,1.25531,4.23385,1.23971,4.22439,668,1997,1.23963,4.22444,0,-176.843,-175.909
66382,-0.0736307,0.0192362,1.00664,-0.0558939,0.0023129,-0.00519073,1.09475,4.1827,0.0438537,0.426334,1.24216,4.21464,1.23413,4.21491,668,1997,1.23405,4.21493,0,-176.95,-176.016
66404,-0.0735069,0.0165435,1.00597,-0.109328,-0.0282214,-0.0815266,0.942167,4.17866,0.0431939,0.427052,1.20056,4.20066,1.21082,4.20737,668,1998,1.21073,4.20738,0,-177.001,-176.077
66424,-0.0741258,0.0257232,1.0042,0.0357094,-0.0663893,-0.180763,1.46734,4.22028,0.0436027,0.427465,1.20926,4.21098,1.21432,4.21287,669,1997,1.21423,4.21286,0,-176.835,-175.918
66444,-0.075054,0.0238872,1.00293,-0.0787945,0.0252137,-0.0280915,1.36439,4.27855,0.0439352,0.427282,1.24523,4.21143,1.23482,4.21303,669,1996,1.23474,4.21302,0,-176.543,-175.631
66464,-0.0762298,0.0187466,1.00579,0.0509768,0.00994658,0.0711452,1.0678,4.33349,0.0437181,0.427237,1.24027,4.22696,1.23356,4.22203,667,1997,1.23348,4.22201,0,-176.576,-175.664
66484,-0.0746208,0.0183795,1.00664,-0.109328,0.0481145,-0.0586258,1.04601,4.23881,0.0437758,0.427451,1.21575,4.23446,1.22046,4.22769,669,1999,1.22036,4.22766,0,-176.718,-175.807
66506,-0.0736926,0.0229693,1.00286,-0.0177259,0.0557482,-0.0433587,1.31205,4.20156,0.0436808,0.427543,1.21201,4.22163,1.21743,4.22154,668,1997,1.21734,4.22149,0,-176.614,-175.719
66526,-0.0759823,0.0251724,1.00639,-0.0787945,0.0252137,0.0864123,1.43281,4.31627,0.0431583,0.428291,1.23838,4.21647,1.23167,4.21903,668,1997,1.23158,4.21898,0,-176.432,-175.531
66546,-0.0730118,0.0224797,1.00457,-0.0329933,-0.0358551,-0.0204579,1.28192,4.1559,0.0431702,0.42791,1.25957,4.23062,1.24517,4.22742,669,1997,1.24507,4.22736,0,-176.443,-175.524
66566,-0.0717123,0.0178287,1.00895,-0.0177259,0.0328474,-0.0662594,1.01234,4.0649,0.0428768,0.427346,1.2355,4.2019,1.2335,4.2115,669,1996,1.23338,4.21143,0,-176.57,-175.654
66586,-0.0727024,0.0178287,1.00268,-0.0253592,-0.0205877,-0.0509923,1.01867,4.14649,0.0427207,0.427224,1.20566,4.18643,1.21663,4.20157,668,1997,1.21652,4.20151,0,-176.693,-175.781
66608,-0.0744352,0.0229693,1.0053,-0.0253592,-0.0740228,0.109313,1.30888,4.23352,0.0418929,0.427102,1.19724,4.18973,1.20983,4.20182,669,1997,1.20971,4.20176,0,-176.736,-175.83
66628,-0.0720217,0.0233365,1.00408,0.020442,0.0862825,-0.0815266,1.33141,4.10163,0.0421033,0.426233,1.22,4.18453,1.22148,4.19734,668,1997,1.22135,4.19728,0,-176.71,-175.796
66648,-0.0730118,0.0206438,1.00542,-0.0253592,0.0328474,0.0711452,1.17626,4.15256,0.0424053,0.426706,1.22403,4.16593,1.22407,4.18508,669,1997,1.22395,4.18501,0,-176.826,-175.909
66668,-0.0744352,0.0213169,1.00609,-0.0177259,-0.0587556,0.00244284,1.2138,4.23035,0.0417454,0.426432,1.21083,4.18282,1.21615,4.19224,668,1997,1.21603,4.19214,0,-176.753,-175.849
66688,-0.0717123,0.0186243,1.00366,0.0128088,0.0328474,0.0177101,1.06308,4.0862,0.0419711,0.425577,1.21993,4.17887,1.22105,4.18841,669,1997,1.22092,4.18829,0,-176.872,-175.942
66710,-0.0737545,0.023826,1.00603,-0.00245857,0.0328474,-0.0815266,1.3567,4.19182,0.0427311,0.42486,1.22727,4.18332,1.22527,4.18923,669,1996,1.22511,4.18911,0,-176.837,-175.904
66730,-0.0742495,0.023826,1.00256,0.0662441,0.0557482,0.00244284,1.36139,4.2344,0.0433384,0.425166,1.24745,4.19253,1.23743,4.19376,668,2001,1.23728,4.19362,0,-176.671,-175.737
66750,-0.0725168,0.0193586,1.00439,-0.0558939,-0.0358551,0.0406108,1.10419,4.12883,0.0432892,0.425228,1.24432,4.18899,1.23734,4.19148,668,1997,1.23717,4.19134,0,-176.846,-175.903
66770,-0.073445,0.0189914,1.00865,-0.0329933,-0.0282214,-0.00519073,1.07868,4.16394,0.0423851,0.425595,1.2234,4.19021,1.22598,4.19193,669,1996,1.22582,4.1918,0,-176.811,-175.884
66790,-0.0731975,0.0243768,1.00408,0.0280762,-0.0511222,-0.00519073,1.39074,4.16826,0.0429924,0.425488,1.22928,4.18457,1.22915,4.18828,669,2001,1.22899,4.18815,0,-176.61,-175.69
66812,-0.0763536,0.0230305,1.00645,0.0357094,-0.0129542,-0.127328,1.31086,4.33724,0.0426531,0.426054,1.2377,4.19725,1.23418,4.19511,669,1996,1.23404,4.19497,0,-176.606,-175.682
66832,-0.0748684,0.0206438,1.0042,0.05861,-0.0587556,-0.00519073,1.17768,4.2629,0.0432757,0.425596,1.23841,4.19899,1.23573,4.19598,669,1996,1.23559,4.19585,0,-176.661,-175.73
66852,-0.0746208,0.0215005,1.00871,0.0738773,0.0710154,0.0177101,1.22107,4.22989,0.0435624,0.426284,1.22037,4.20518,1.2259,4.20017,668,1997,1.22574,4.20004,0,-176.655,-175.734
66872,-0.0747446,0.0229081,1.0067,0.0280762,-0.0434885,-0.0967938,1.30358,4.24517,0.0440934,0.425963,1.22325,4.20101,1.22693,4.19811,668,1996,1.22675,4.19798,0,-176.459,-175.555
66892,-0.0736926,0.0229081,1.00499,0.0891447,0.0481145,-0.00519073,1.30579,4.1927,0.0450519,0.426559,1.23205,4.20007,1.2321,4.19811,669,1996,1.23193,4.19798,0,-176.331,-175.427
66914,-0.0744971,0.0224185,1.00414,-0.0253592,0.116817,0.0940459,1.27897,4.24193,0.0453538,0.426804,1.2404,4.18938,1.2373,4.1919,669,1997,1.23714,4.19177,0,-176.43,-175.515
66934,-0.0736307,0.021011,1.00451,0.0433426,-0.0282214,-0.00519073,1.19826,4.19139,0.0460833,0.42685,1.2395,4.19451,1.23784,4.19446,669,1997,1.23769,4.19431,0,-176.572,-175.655
66953,-0.0722073,0.0216841,1.00554,0.0128088,0.00994658,-0.0280915,1.23537,4.10637,0.0470265,0.427538,1.23106,4.20424,1.23371,4.20036,667,1994,1.23352,4.20021,0,-176.641,-175.72
66973,-0.0764774,0.0222349,1.00572,0.0509768,-0.0511222,-0.165496,1.26651,4.34746,0.0481834,0.427294,1.23488,4.2112,1.23619,4.20446,669,1997,1.236,4.20433,0,-176.774,-175.838
66993,-0.0761061,0.0239484,1.00828,-0.00245857,-0.0205877,-0.142595,1.36062,4.31535,0.048974,0.427691,1.25038,4.21584,1.24532,4.20806,669,1997,1.24511,4.20794,0,-176.748,-175.812
67015,-0.0722692,0.0224185,1.00609,0.104412,0.0633817,-0.0509923,1.2765,4.10759,0.0486347,0.427554,1.24639,4.21597,1.2436,4.20915,669,1998,1.2434,4.20903,0,-176.71,-175.778
67035,-0.0723311,0.0224185,1.00579,-0.0635271,0.00994658,0.00244284,1.27689,4.11233,0.0476237,0.428059,1.24273,4.21489,1.24164,4.2097,667,1997,1.24142,4.20961,0,-176.742,-175.801
67055,-0.0712791,0.0219901,1.00499,-0.0558939,-0.0205877,-0.0128243,1.25348,4.05593,0.0477119,0.427708,1.24255,4.20233,1.24188,4.20307,669,1997,1.24162,4.203,0,-176.645,-175.71
67075,-0.0752397,0.0242544,1.00165,0.0357094,0.0481145,-0.0738931,1.38712,4.29451,0.0483193,0.428289,1.24477,4.20399,1.24361,4.20396,669,1999,1.24335,4.20386,0,-176.643,-175.709
67095,-0.0738782,0.0221737,1.00609,0.0509768,-0.0358551,0.0558779,1.26257,4.19874,0.0483006,0.428106,1.25128,4.20373,1.24786,4.20385,669,1997,1.2476,4.20377,0,-176.816,-175.872
67117,-0.0743114,0.021011,1.00566,0.0433426,-0.0205877,-0.0204579,1.19689,4.22515,0.0479308,0.427771,1.24254,4.19489,1.24353,4.19845,669,1997,1.24326,4.19836,0,-176.714,-175.781
67137,-0.0736926,0.0232753,1.0095,0.00517464,0.0481145,-0.0357251,1.32079,4.17404,0.0481259,0.427863,1.25086,4.19765,1.24858,4.19969,669,1997,1.24832,4.19961,0,-176.768,-175.831
67157,-0.0742495,0.0219289,1.00518,-0.0253592,-0.0129542,0.00244284,1.24977,4.2236,0.0480004,0.427848,1.2575,4.19266,1.25308,4.19638,669,1997,1.25283,4.1963,0,-176.924,-175.971
67177,-0.0746827,0.0216841,1.00639,-0.0329933,0.0328474,-0.0433587,1.23432,4.24306,0.0483482,0.428184,1.25859,4.20265,1.25476,4.20181,669,1997,1.2545,4.20172,0,-176.703,-175.759
67197,-0.0744971,0.0199094,1.00481,0.0357094,0.0633817,-0.0891602,1.13511,4.23934,0.0480242,0.428444,1.24413,4.20368,1.24717,4.20257,668,1997,1.2469,4.20246,0,-176.334,-175.42
67219,-0.074559,0.0202154,1.00536,-0.00245857,-0.00532055,-0.0509923,1.15193,4.24052,0.047975,0.429605,1.23012,4.20459,1.23909,4.20374,669,1997,1.23882,4.20364,0,-176.401,-175.491
67239,-0.071836,0.0222961,1.00384,-0.0329933,0.00994658,-0.0662594,1.27238,4.09218,0.0475595,0.429789,1.21999,4.19965,1.23195,4.20124,667,1997,1.23168,4.20114,0,-176.604,-175.69
67259,-0.0748065,0.0232753,1.00481,0.0509768,-0.0663893,-0.0967938,1.32695,4.25658,0.0479225,0.429468,1.22599,4.20519,1.23431,4.20405,668,1997,1.23404,4.20395,0,-176.531,-175.617
67279,-0.0744352,0.0221737,1.00633,0.0815105,-0.0282214,-0.00519073,1.26226,4.22926,0.048026,0.430599,1.23944,4.20762,1.2416,4.20609,668,1997,1.24131,4.20598,0,-176.403,-175.493
67299,-0.0725168,0.0215005,1.007,-0.0100918,0.0557482,-0.00519073,1.22314,4.11797,0.0482516,0.429317,1.24013,4.20381,1.24206,4.20369,669,1997,1.24178,4.20356,0,-176.639,-175.708
67321,-0.0740639,0.0206438,1.00347,0.05861,0.10155,-0.0128243,1.17854,4.22032,0.0480498,0.430264,1.24196,4.20725,1.24318,4.20619,668,1997,1.24288,4.20606,0,-176.876,-175.924
67341,-0.0766012,0.0218065,1.00609,0.0433426,-0.0205877,-0.0738931,1.24167,4.35294,0.0477105,0.431028,1.24432,4.20972,1.24453,4.20793,668,1998,1.24423,4.2078,0,-176.904,-175.949
67361,-0.0749922,0.0210722,1.00451,0.00517464,-0.0969236,0.0558779,1.20175,4.2686,0.0472339,0.43086,1.25176,4.22911,1.24906,4.21943,668,1997,1.24874,4.21931,0,-176.816,-175.857
67381,-0.076663,0.0225409,1.00645,-0.0100918,0.0786488,-0.0128243,1.283,4.3548,0.0473679,0.429685,1.25422,4.23266,1.25119,4.22239,668,1997,1.25087,4.22228,0,-176.653,-175.707
67401,-0.0751778,0.0196034,1.00822,-0.0177259,-0.0511222,0.0406108,1.1139,4.26356,0.0481432,0.429731,1.23939,4.22282,1.24374,4.21831,668,1997,1.2434,4.21822,0,-176.697,-175.759
67423,-0.0739401,0.0215005,1.00487,0.0357094,0.0633817,-0.0662594,1.22573,4.20737,0.0466894,0.430358,1.22541,4.22198,1.23467,4.21889,668,1997,1.23432,4.21877,0,-176.719,-175.787
67443,-0.0746827,0.0205826,1.00505,-0.0100918,-0.0282214,0.0100764,1.1732,4.24879,0.0459074,0.430847,1.21723,4.21859,1.22856,4.21772,669,1997,1.22819,4.21759,0,-176.624,-175.706
67463,-0.0725786,0.0204602,1.00877,0.020442,0.0252137,-0.134962,1.16193,4.11437,0.0457361,0.430923,1.22072,4.21634,1.22942,4.21691,668,1998,1.22904,4.21677,0,-176.576,-175.666
67483,-0.0716504,0.0227857,1.00262,0.00517464,-0.104557,-0.00519073,1.30189,4.08653,0.0466793,0.430191,1.22256,4.2039,1.2298,4.20976,669,1997,1.22945,4.20962,0,-176.596,-175.677
67503,-0.072393,0.0216841,1.00682,0.0891447,0.109183,-0.0357251,1.2338,4.11169,0.0470271,0.431184,1.2209,4.19021,1.22817,4.20171,668,1997,1.22782,4.20155,0,-176.699,-175.775
67525,-0.0739401,0.0230305,1.00384,-0.0177259,0.00994658,0.0177101,1.31427,4.21155,0.0467641,0.431749,1.21887,4.19364,1.22573,4.20264,666,1997,1.22538,4.20247,0,-176.545,-175.639
67545,-0.0739401,0.0223573,1.00718,0.0433426,0.0175803,-0.180763,1.27163,4.19767,0.0472493,0.43062,1.23762,4.20089,1.23597,4.20542,668,1996,1.23562,4.20524,0,-176.572,-175.649
67565,-0.074002,0.0229081,1.00238,-0.0177259,-0.00532055,-0.0128243,1.3092,4.22119,0.0464826,0.430514,1.24669,4.20053,1.24126,4.20458,669,2001,1.24092,4.2044,0,-176.871,-175.924
67585,-0.0738163,0.0201542,1.00524,-0.0100918,0.0175803,0.0329772,1.14858,4.19895,0.0454563,0.430407,1.24117,4.18903,1.23856,4.19751,669,1997,1.23823,4.19732,0,-176.673,-175.743
67605,-0.0732594,0.0215617,1.00627,0.00517464,0.0633817,-0.0280915,1.22751,4.16299,0.0449339,0.430591,1.22836,4.19398,1.23117,4.19937,668,2001,1.23084,4.19917,0,-176.689,-175.766
67627,-0.0743114,0.021011,1.0053,-0.0329933,0.00994658,-0.0509923,1.19732,4.22668,0.0438771,0.430607,1.23061,4.18672,1.23174,4.19436,667,1994,1.23142,4.19417,0,-176.831,-175.903
67647,-0.0751159,0.0216841,1.00457,-0.116962,-0.0205877,-0.0128243,1.23657,4.2753,0.043263,0.430775,1.22974,4.19787,1.23067,4.1997,668,2001,1.23035,4.19951,0,-176.681,-175.762
67667,-0.0731975,0.0210722,1.00572,0.0738773,-0.0358551,-0.0280915,1.2003,4.16179,0.0431375,0.430577,1.22769,4.20852,1.22938,4.2055,668,1999,1.22911,4.20531,0,-176.645,-175.728
67687,-0.0730118,0.0204602,1.00317,-0.0100918,0.0481145,0.0253437,1.16842,4.16186,0.0429815,0.4307,1.21569,4.20213,1.22218,4.20223,668,1997,1.2219,4.20201,0,-176.48,-175.585
67707,-0.0735069,0.0220513,1.00572,-0.0482597,-0.0129542,0.0406108,1.25605,4.17923,0.0425659,0.431555,1.22298,4.20224,1.2253,4.20263,668,1996,1.22503,4.20241,0,-176.371,-175.489
67729,-0.0728881,0.0219289,1.00645,-0.124596,0.0023129,0.0177101,1.24818,4.14119,0.0422114,0.431708,1.2332,4.20591,1.23075,4.20474,668,1997,1.23049,4.20453,0,-176.396,-175.501
67749,-0.0727643,0.0220513,1.00718,0.00517464,0.0481145,-0.104427,1.25423,4.13118,0.0415362,0.432106,1.23168,4.19269,1.22984,4.19745,668,1996,1.22957,4.19726,0,-176.464,-175.555
67769,-0.074002,0.0226021,1.00299,0.0357094,-0.0129542,-0.0738931,1.29093,4.21867,0.0415634,0.431221,1.23981,4.18506,1.23467,4.19183,668,1997,1.23442,4.19164,0,-176.673,-175.749
67789,-0.075611,0.0229081,1.00682,0.00517464,-0.0205877,-0.0586258,1.30342,4.29368,0.0414837,0.432381,1.24083,4.19706,1.23575,4.1982,668,1998,1.23551,4.19803,0,-176.61,-175.692
67809,-0.0735069,0.0229693,1.00536,0.020442,-0.00532055,0.0711452,1.3088,4.18066,0.0410223,0.432061,1.24625,4.20164,1.23945,4.20051,669,1997,1.23921,4.20035,0,-176.772,-175.833
67831,-0.0732594,0.021011,1.00609,-0.00245857,0.0328474,-0.0280915,1.19638,4.16379,0.0410342,0.433008,1.24705,4.20514,1.24094,4.20293,668,1997,1.24069,4.20278,0,-176.828,-175.88
67851,-0.0740639,0.0209498,1.00536,0.0509768,-0.0129542,-0.127328,1.19376,4.2124,0.0420232,0.432871,1.2444,4.20888,1.24072,4.20513,669,1997,1.24044,4.205,0,-176.746,-175.81
67871,-0.0727024,0.0206438,1.00725,-0.00245857,-0.00532055,-0.0280915,1.17413,4.12755,0.0430427,0.433024,1.23546,4.19804,1.2366,4.19923,669,1997,1.23633,4.19912,0,-176.781,-175.847
67890,-0.0735069,0.0229693,1.00585,0.0357094,0.0481145,-0.0128243,1.30817,4.17864,0.0435279,0.433636,1.23398,4.2087,1.2358,4.20539,669,1999,1.23554,4.20528,0,-176.811,-175.877
67910,-0.0737545,0.0219901,1.00317,-0.0558939,0.0481145,-0.0128243,1.25576,4.2039,0.0426085,0.434323,1.23985,4.203,1.23864,4.20264,669,1997,1.23837,4.20256,0,-176.705,-175.774
67932,-0.0736926,0.020399,1.007,0.0738773,0.00994658,0.0558779,1.16049,4.1846,0.0424372,0.434308,1.23446,4.2066,1.23573,4.20468,667,1997,1.23544,4.20459,0,-176.537,-175.606
67952,-0.0740639,0.0208274,1.00426,0.0662441,-0.0282214,-0.0815266,1.18808,4.21699,0.0436857,0.435041,1.21881,4.21211,1.22709,4.20819,669,1998,1.2268,4.20812,0,-176.48,-175.566
67972,-0.0731356,0.0212557,1.00384,-0.0711613,-0.0282214,0.0864123,1.21303,4.16605,0.0438656,0.435149,1.21094,4.21203,1.22147,4.20855,669,1997,1.22119,4.20849,0,-176.854,-175.926
67992,-0.0730118,0.0205826,1.00572,-0.0329933,-0.00532055,-0.0967938,1.17242,4.15131,0.0431447,0.435378,1.2187,4.21284,1.2244,4.20957,669,1997,1.22412,4.20951,0,-176.785,-175.859
68012,-0.0744352,0.0220513,1.00706,-0.00245857,-0.0434885,-0.0509923,1.25439,4.22621,0.0434924,0.435745,1.23652,4.21153,1.23412,4.20915,669,1997,1.23385,4.20911,0,-176.647,-175.72
68034,-0.0747446,0.019787,1.00548,-0.00245857,0.0633817,-0.0128243,1.12739,4.25057,0.0437333,0.436677,1.2284,4.21005,1.2299,4.20887,669,1997,1.22965,4.20883,0,-176.718,-175.798
68054,-0.0732594,0.0219901,1.00457,0.0891447,-0.142725,0.0177101,1.25401,4.16999,0.0447071,0.436204,1.22116,4.21627,1.22586,4.21249,669,1997,1.22559,4.21247,0,-176.718,-175.804
68074,-0.0756729,0.0229693,1.00579,-0.0787945,-0.0205877,-0.127328,1.30825,4.30157,0.0440167,0.435777,1.21905,4.20386,1.22351,4.20541,669,1997,1.22323,4.20539,0,-176.843,-175.917
68094,-0.0751159,0.0220513,1.0053,0.0891447,0.0023129,-0.0509923,1.25659,4.27218,0.0438301,0.435488,1.22638,4.20627,1.22711,4.20646,669,1995,1.22684,4.20644,0,-176.671,-175.757
68114,-0.0735688,0.0218065,1.00664,-0.0177259,0.0252137,-0.0586258,1.24099,4.17898,0.0437199,0.435793,1.22947,4.20157,1.22876,4.20389,669,1997,1.2285,4.20387,0,-176.501,-175.592
68136,-0.0748065,0.0213169,1.00414,-0.0635271,0.0786488,-0.00519073,1.21615,4.25959,0.04306,0.437168,1.2277,4.20998,1.22767,4.2089,668,1997,1.22744,4.20886,0,-176.626,-175.707
68156,-0.0754872,0.0216841,1.00432,-0.0329933,0.0786488,-0.0662594,1.23687,4.2974,0.0423391,0.438176,1.234,4.20979,1.23102,4.20927,668,1998,1.23081,4.20923,0,-176.572,-175.662
68176,-0.0753635,0.0236425,1.0067,-0.00245857,0.0023129,0.0100764,1.34535,4.28012,0.0420609,0.439902,1.24035,4.21569,1.23486,4.21349,669,1998,1.23464,4.21346,0,-176.53,-175.622
68196,-0.0756729,0.0226633,1.00451,0.0738773,0.00994658,-0.00519073,1.29247,4.30705,0.0425003,0.439612,1.24982,4.22639,1.24126,4.21975,666,1997,1.24103,4.21971,0,-176.683,-175.751
68216,-0.0754872,0.020399,1.00378,0.0128088,-0.0282214,-0.157863,1.16422,4.29985,0.0426496,0.438956,1.23917,4.22383,1.2364,4.21876,669,1997,1.23617,4.21872,0,-176.75,-175.824
68238,-0.074002,0.0227245,1.00718,0.0128088,0.0175803,0.00244284,1.29251,4.20114,0.0420508,0.43888,1.23995,4.21647,1.23712,4.21526,668,1997,1.2369,4.21522,0,-176.657,-175.741
68258,-0.0726405,0.020705,1.00171,0.0815105,-0.0282214,-0.0586258,1.18412,4.14676,0.0427192,0.43885,1.24062,4.19959,1.23833,4.20565,668,1997,1.2381,4.20562,0,-176.781,-175.848
68278,-0.0755491,0.0220513,1.00384,0.020442,0.0862825,-0.0662594,1.25841,4.30295,0.0436166,0.439217,1.23903,4.20952,1.23821,4.21076,668,1997,1.23799,4.21072,0,-176.913,-175.975
68298,-0.0742495,0.0222961,1.00378,-0.0711613,0.0328474,0.0177101,1.27246,4.22943,0.0438269,0.439309,1.24096,4.20764,1.23951,4.20954,668,1997,1.23926,4.20948,0,-176.75,-175.819
68318,-0.0757348,0.0220513,1.00603,-0.0635271,-0.0740228,0.00244284,1.25567,4.30413,0.0427854,0.439172,1.23891,4.21506,1.23817,4.21342,668,1997,1.23793,4.21338,0,-176.753,-175.82
68340,-0.0727643,0.0213169,1.0067,0.0509768,0.0328474,0.00244284,1.21306,4.13324,0.0428126,0.439004,1.24625,4.21268,1.24275,4.21238,669,1997,1.2425,4.21236,0,-176.679,-175.749
68360,-0.0709696,0.0219289,1.00493,-0.0787945,-0.0511222,0.0482444,1.25007,4.03863,0.0415726,0.43873,1.24444,4.20501,1.24175,4.20788,668,1997,1.24152,4.20786,0,-176.634,-175.697
68380,-0.0736307,0.0222961,1.00432,-0.0711613,0.0481145,-0.0280915,1.27176,4.19203,0.0410348,0.438807,1.25218,4.20788,1.24665,4.20921,668,1997,1.24642,4.20918,0,-176.742,-175.797
68400,-0.0714647,0.0225409,1.00469,-0.0177259,0.0252137,-0.00519073,1.28525,4.06764,0.040604,0.439021,1.25166,4.19216,1.24703,4.20014,669,1997,1.24679,4.20011,0,-176.722,-175.788
68420,-0.0761061,0.0190526,1.00712,-0.0100918,0.0633817,-0.0204579,1.08378,4.32073,0.0399899,0.439678,1.23868,4.19443,1.24035,4.20029,669,1997,1.24011,4.20024,0,-176.787,-175.85
68442,-0.0735688,0.0221125,1.00615,0.00517464,0.0023129,-0.0738931,1.25901,4.18097,0.0395438,0.439862,1.22184,4.18686,1.23021,4.19509,669,2001,1.22995,4.19503,0,-176.855,-175.922
68462,-0.0739401,0.0235201,1.0053,0.0357094,-0.0434885,-0.0891602,1.34025,4.20541,0.0402122,0.439297,1.2267,4.17934,1.23212,4.18918,668,2001,1.23186,4.18913,0,-176.891,-175.954
68482,-0.0731356,0.0205826,1.00725,-0.0329933,-0.0205877,-0.0509923,1.17065,4.15207,0.0404989,0.439389,1.23436,4.18479,1.23623,4.19086,669,1997,1.23596,4.19078,0,-177.003,-176.053
68502,-0.0754253,0.0234589,1.00591,0.020442,0.0633817,-0.0280915,1.33596,4.28699,0.0409383,0.439314,1.22975,4.20487,1.23342,4.20123,669,1997,1.23316,4.20117,0,-176.869,-175.932
68522,-0.0736307,0.0228469,1.00518,-0.0329933,-0.00532055,0.0482444,1.30206,4.18844,0.0405532,0.439543,1.24103,4.19918,1.23943,4.19826,668,1996,1.23917,4.19819,0,-176.643,-175.719
68544,-0.0740639,0.0229693,1.00518,0.05861,0.00994658,-0.0128243,1.30904,4.21298,0.0414201,0.439589,1.24166,4.213,1.24035,4.20621,667,1996,1.24009,4.20615,0,-176.578,-175.657
68564,-0.0717123,0.0215617,1.00731,-0.193298,-0.0511222,-0.0433587,1.22625,4.07121,0.040348,0.43849,1.25507,4.20473,1.248,4.20179,669,1996,1.24774,4.20174,0,-176.509,-175.584
68584,-0.0671328,0.0221125,1.00359,0.0509768,-0.00532055,-0.00519073,1.26221,3.82602,0.0412301,0.438399,1.23524,4.19118,1.23771,4.19455,668,1996,1.23744,4.19453,0,-176.671,-175.744
68604,-0.0755491,0.019787,1.00554,-0.0329933,0.200786,0.0253437,1.12732,4.29589,0.0395474,0.44014,1.25895,4.15781,1.25102,4.17442,668,1997,1.25075,4.1744,0,-176.639,-175.7
68624,-0.0720217,0.0220513,1.00718,-0.0177259,0.0175803,0.0100764,1.25423,4.08916,0.0402768,0.440706,1.23495,4.18234,1.23827,4.18678,669,2001,1.238,4.18677,0,-176.707,-175.772
68646,-0.0825421,0.0169107,1.00323,0.0357094,0.0710154,-0.134962,0.965703,4.70283,0.0401971,0.44234,1.18697,4.23499,1.21029,4.21626,668,1997,1.20999,4.21625,0,-176.685,-175.783
68666,-0.0636672,0.025356,1.00907,0.0280762,0.0328474,0.0787787,1.43943,3.60915,0.0409419,0.440371,1.20021,4.18366,1.21487,4.18901,669,1997,1.21457,4.189,0,-176.647,-175.743
68686,-0.0770962,0.0238872,1.00518,-0.116962,0.0023129,-0.0586258,1.36133,4.38472,0.0402362,0.44231,1.23726,4.16453,1.23425,4.1767,668,2001,1.23397,4.1767,0,-176.608,-175.686
68706,-0.0760442,0.0199094,1.00579,0.020442,-0.0663893,-0.127328,1.13402,4.32288,0.040355,0.441562,1.23681,4.20957,1.23468,4.20063,668,1997,1.23442,4.20062,0,-176.545,-175.632
68726,-0.0715266,0.0169719,1.0028,-0.0177259,0.0175803,-0.0509923,0.969608,4.07922,0.0399394,0.440097,1.18632,4.2153,1.2056,4.20428,669,1996,1.20535,4.20427,0,-176.708,-175.81
68748,-0.0736926,0.0245604,1.00828,-0.0253592,-0.127458,-0.0662594,1.39538,4.17893,0.0391116,0.43964,1.19614,4.19614,1.20797,4.19376,668,1997,1.20772,4.19379,0,-176.671,-175.772
68768,-0.0778389,0.0248052,1.00566,-0.0100918,-0.0282214,0.0177101,1.41294,4.42456,0.0394288,0.43993,1.24786,4.21166,1.23634,4.20241,669,1997,1.23607,4.20244,0,-176.602,-175.674
68788,-0.0728262,0.0215617,1.00542,-0.0635271,-0.0358551,-0.0280915,1.22855,4.14195,0.0383262,0.438343,1.26654,4.22293,1.24833,4.20944,669,1997,1.24808,4.20948,0,-176.768,-175.818
68808,-0.0732594,0.0169107,1.01084,-0.0558939,-0.0282214,-0.0967938,0.958437,4.14463,0.0373457,0.438862,1.23275,4.21247,1.23082,4.20502,669,1997,1.23054,4.20507,0,-176.766,-175.838
68827,-0.07295,0.0201542,1.00645,0.0433426,-0.0282214,-0.00519073,1.14719,4.14484,0.0371592,0.438084,1.2001,4.19186,1.21187,4.1936,669,1997,1.21158,4.19366,0,-176.807,-175.894
68849,-0.0746208,0.0243768,1.00499,0.0433426,-0.00532055,-0.0586258,1.38948,4.24518,0.038026,0.439046,1.21018,4.20361,1.21622,4.20048,669,1997,1.21594,4.20054,0,-176.785,-175.875
68869,-0.0736307,0.0227245,1.00633,-0.00245857,-0.0816565,-0.0204579,1.2936,4.18366,0.0382669,0.438009,1.26014,4.19246,1.24462,4.19377,669,1997,1.24433,4.19386,0,-176.584,-175.662
68889,-0.0704746,0.0181959,1.00499,-0.0635271,-0.0511222,-0.0280915,1.03725,4.01061,0.0383704,0.436864,1.24881,4.173,1.24047,4.18179,669,1997,1.24016,4.18186,0,-176.614,-175.686
68909,-0.0720217,0.0161152,1.00512,0.0128088,-0.0282214,-0.142595,0.918552,4.09801,0.0372831,0.43691,1.19003,4.14931,1.20731,4.16653,669,2001,1.207,4.16661,0,-176.641,-175.737
68929,-0.076663,0.0215005,1.00317,-0.0329933,-0.0740228,0.0558779,1.22781,4.3691,0.0373713,0.437018,1.16903,4.16181,1.1924,4.17096,669,1997,1.19207,4.17106,0,-176.578,-175.699
68951,-0.075054,0.0262127,1.00652,0.05861,-0.0511222,-0.0357251,1.49182,4.26311,0.0381466,0.437156,1.20997,4.18082,1.21301,4.18049,669,1997,1.21267,4.18058,0,-176.675,-175.771
68971,-0.0727643,0.0219289,1.00548,0.020442,0.0404809,-0.00519073,1.24939,4.13816,0.0384791,0.436668,1.25361,4.17638,1.23819,4.17744,669,1995,1.23784,4.17756,0,-176.835,-175.887
68991,-0.0736307,0.0181959,1.0067,0.0738773,-0.0663893,-0.0433587,1.0355,4.18253,0.0384146,0.437294,1.22843,4.18924,1.22574,4.18448,669,1997,1.22542,4.18463,0,-176.74,-175.811
69011,-0.0751778,0.0206438,1.00773,-0.139863,0.0710154,-0.0357251,1.17356,4.26552,0.0377548,0.437569,1.21935,4.19439,1.22035,4.18759,669,1997,1.22003,4.18774,0,-176.639,-175.724
69031,-0.0697938,0.0244992,1.0039,-0.0482597,-0.0282214,0.0100764,1.39797,3.97578,0.0375682,0.437142,1.22558,4.16576,1.22341,4.1715,669,1997,1.2231,4.17165,0,-176.669,-175.747
69053,-0.0736926,0.0226633,1.00609,-0.116962,0.0252137,-0.0357251,1.29043,4.18818,0.0369999,0.437051,1.23874,4.14138,1.23099,4.15575,669,1997,1.23072,4.15591,0,-176.738,-175.811
69073,-0.0753016,0.0224185,1.00372,-0.0635271,-0.0740228,-0.0128243,1.27952,4.28939,0.0371645,0.437158,1.24774,4.16879,1.23708,4.16915,668,1998,1.23682,4.16933,0,-176.772,-175.836
69093,-0.0730118,0.0202154,1.0067,-0.0558939,0.0175803,0.155115,1.1504,4.14734,0.0368253,0.437464,1.24472,4.1806,1.23681,4.17564,668,1998,1.23654,4.17584,0,-176.641,-175.713
69113,-0.0727643,0.019787,1.00481,-0.0177259,-0.0358551,0.0406108,1.12814,4.14109,0.0359822,0.436625,1.22251,4.17895,1.22468,4.17445,668,1997,1.22442,4.17465,0,-176.612,-175.703
69133,-0.0677516,0.0226021,1.00785,0.0128088,0.0328474,-0.0738931,1.2847,3.84488,0.0360246,0.435603,1.22773,4.15381,1.22728,4.15977,669,1997,1.22703,4.15998,0,-176.537,-175.628
69155,-0.0736307,0.0224185,1.00153,-0.0558939,0.0939159,-0.0891602,1.28231,4.20369,0.0354564,0.437053,1.2412,4.1377,1.23489,4.14932,668,1997,1.23464,4.14955,0,-176.57,-175.653
69175,-0.0753635,0.0215005,1.0042,-0.0482597,0.0175803,-0.0280915,1.22655,4.29091,0.0351324,0.437939,1.23443,4.18247,1.23159,4.17354,668,1998,1.23136,4.17378,0,-176.683,-175.764
69195,-0.07295,0.0210722,1.00603,0.0433426,0.0786488,-0.0433587,1.19993,4.14651,0.0349153,0.438505,1.23317,4.17431,1.23117,4.16976,668,1997,1.23095,4.16999,0,-176.588,-175.672
69215,-0.0743733,0.0227245,1.00554,-0.0177259,-0.165626,-0.150229,1.29462,4.22901,0.0349882,0.439147,1.22334,4.21595,1.22574,4.19425,668,1997,1.2255,4.19448,0,-176.748,-175.824
69235,-0.0683705,0.0226021,1.00366,-0.0406265,0.0557482,-0.0662594,1.29007,3.89607,0.0349391,0.437849,1.2368,4.1724,1.23312,4.17097,668,1997,1.23288,4.17121,0,-176.809,-175.874
69257,-0.0762298,0.020705,1.00554,-0.0558939,0.0557482,0.0635116,1.1796,4.33437,0.0346761,0.438674,1.23765,4.18822,1.23421,4.17983,668,1998,1.23399,4.18007,0,-176.695,-175.765
69277,-0.070784,0.0205826,1.00153,-0.00245857,-0.104557,-0.0280915,1.17733,4.04187,0.0353598,0.439713,1.21104,4.20255,1.21961,4.1896,669,1997,1.21938,4.18985,0,-176.491,-175.587
69297,-0.0743733,0.0224797,1.00396,0.05861,0.0786488,-0.112061,1.2827,4.23567,0.0347458,0.439942,1.21739,4.19132,1.2218,4.18436,668,1997,1.22156,4.18461,0,-176.394,-175.497
69317,-0.0739401,0.0207662,1.00505,0.0357094,0.0328474,-0.0128243,1.18366,4.20667,0.0349561,0.441042,1.2168,4.19657,1.22095,4.18832,668,1997,1.22071,4.18858,0,-176.576,-175.666
69337,-0.0727024,0.020093,1.00621,0.020442,-0.0434885,-0.0815266,1.14399,4.13183,0.0346474,0.441241,1.21716,4.18642,1.22053,4.18303,668,1997,1.22032,4.18331,0,-176.675,-175.758
69359,-0.0754872,0.0206438,1.00219,-0.0864277,-0.0511222,-0.0509923,1.18004,4.30658,0.0334685,0.441562,1.2158,4.19947,1.21882,4.19065,668,1997,1.21861,4.19091,0,-176.803,-175.882
69379,-0.074002,0.0199094,1.00676,-0.00245857,0.0404809,-0.0509923,1.13292,4.20316,0.0328544,0.440662,1.1992,4.21196,1.20846,4.19855,668,1997,1.20825,4.19881,0,-176.74,-175.836
69399,-0.0727643,0.0209498,1.00718,0.0509768,-0.0969236,-0.0433587,1.1916,4.13128,0.0339045,0.43999,1.19023,4.19373,1.20224,4.18924,669,1998,1.20204,4.1895,0,-176.707,-175.809
69419,-0.0739401,0.0218065,1.00384,0.0891447,0.0633817,-0.0280915,1.24445,4.21166,0.0343744,0.440098,1.20077,4.18701,1.2068,4.18573,668,1997,1.20659,4.18598,0,-176.74,-175.837
69439,-0.0776532,0.0240708,1.00682,-0.0787945,-0.00532055,0.0100764,1.36955,4.40908,0.0337756,0.4408,1.22622,4.21215,1.22032,4.20035,669,1997,1.22012,4.20061,0,-176.729,-175.814
69461,-0.0715885,0.0190526,1.00359,-0.0253592,0.0175803,-0.119695,1.0876,4.07938,0.0334211,0.44045,1.21533,4.21155,1.21463,4.2015,669,2001,1.21444,4.20178,0,-176.671,-175.765
69481,-0.0704127,0.0189914,1.00566,0.0509768,-0.0511222,-0.0433587,1.08187,4.00438,0.0333719,0.440725,1.19476,4.18232,1.20264,4.18595,668,1997,1.20245,4.18623,0,-176.484,-175.607
69501,-0.0731356,0.0202154,1.00731,-0.0482597,0.0786488,0.0482444,1.1497,4.15185,0.0327121,0.44126,1.17598,4.1632,1.19007,4.17434,669,1996,1.18988,4.17461,0,-176.365,-175.506
69521,-0.0731975,0.0215005,1.00414,0.05861,0.0252137,-0.0128243,1.22662,4.16828,0.0322201,0.442436,1.19563,4.17282,1.19904,4.17874,668,1997,1.19887,4.17899,0,-176.468,-175.591
69541,-0.0757967,0.0216229,1.00311,0.0280762,-0.0511222,-0.0891602,1.23487,4.32016,0.0328732,0.442009,1.2112,4.1725,1.20766,4.17712,669,1996,1.20751,4.17739,0,-176.71,-175.808
69563,-0.0725168,0.020093,1.00335,-0.0406265,-0.0129542,-0.0204579,1.14725,4.13301,0.0323508,0.441063,1.20067,4.16841,1.20142,4.17352,668,1997,1.20129,4.17377,0,-176.774,-175.87
69583,-0.075611,0.0182571,1.00658,0.0280762,0.0557482,-0.0280915,1.0391,4.29512,0.0323932,0.442559,1.18905,4.16463,1.19441,4.17065,669,1997,1.19429,4.17089,0,-176.811,-175.91
69603,-0.0733832,0.0249276,1.00639,-0.0100918,0.0557482,-0.0357251,1.41888,4.16918,0.0331685,0.443522,1.19701,4.15594,1.1979,4.16487,669,1997,1.19777,4.16512,0,-176.779,-175.877
69623,-0.075054,0.0246216,1.00591,0.0357094,0.0328474,-0.104427,1.40215,4.26585,0.0331651,0.443919,1.23704,4.16209,1.22071,4.16687,668,1997,1.22061,4.16711,0,-176.626,-175.715
69643,-0.0724549,0.0202154,1.00499,-0.0329933,-0.0740228,-0.00519073,1.15235,4.12276,0.0326274,0.444103,1.24786,4.17238,1.22898,4.17189,668,1998,1.22892,4.17214,0,-176.578,-175.662
69665,-0.0701033,0.0172167,0.99897,0.0433426,0.0404809,0.0253437,0.987365,4.01359,0.0324561,0.443783,1.19788,4.14872,1.20228,4.15762,669,2001,1.20224,4.15791,0,-176.807,-175.898
69685,-0.0749303,0.0227245,1.00505,0.020442,0.00994658,0.0253437,1.29525,4.26262,0.0330939,0.443753,1.18451,4.14322,1.19372,4.15226,667,1998,1.19368,4.15255,0,-176.687,-175.794
69705,-0.0759823,0.0232753,1.00402,0.0662441,0.00994658,-0.0586258,1.328,4.32663,0.0329532,0.444165,1.21385,4.16354,1.20899,4.16225,667,1997,1.20895,4.16255,0,-176.484,-175.596
69725,-0.0736926,0.0224185,1.00286,-0.0329933,-0.0282214,-0.0128243,1.2806,4.20161,0.0332704,0.444929,1.24604,4.17884,1.22815,4.17088,669,1998,1.22812,4.17117,0,-176.52,-175.617
69745,-0.0705983,0.0191138,1.00408,-0.0635271,0.0404809,-0.0357251,1.09056,4.0212,0.0326564,0.444884,1.23015,4.15904,1.221,4.15987,669,1998,1.22099,4.16016,0,-176.48,-175.581
69767,-0.0733832,0.020093,1.00755,-0.0635271,0.0175803,0.0864123,1.14247,4.16486,0.0315385,0.445739,1.21361,4.15613,1.21182,4.15763,669,1997,1.21182,4.15792,0,-176.449,-175.559
69786,-0.0738163,0.0245604,1.00268,0.0433426,0.0175803,-0.0433587,1.40316,4.2092,0.0319473,0.445205,1.24839,4.16425,1.23206,4.16113,669,1997,1.23205,4.16143,0,-176.545,-175.633
69806,-0.0756729,0.0246828,1.0081,-0.0253592,-0.00532055,-0.0509923,1.40258,4.29158,0.0316386,0.446091,1.27838,4.18282,1.25144,4.17196,669,1997,1.25142,4.17226,0,-176.543,-175.61
69826,-0.0724549,0.0205214,1.00226,-0.0329933,-0.0663893,-0.0204579,1.17298,4.13396,0.0314062,0.445512,1.278,4.18679,1.25502,4.17489,669,1996,1.255,4.1752,0,-176.582,-175.644
69846,-0.0728262,0.0207662,1.00232,0.00517464,0.0710154,-0.0509923,1.18689,4.1548,0.0317082,0.445772,1.25115,4.18555,1.24285,4.17518,669,1997,1.24282,4.17549,0,-176.653,-175.722
69868,-0.073445,0.0230917,1.00165,-0.0558939,0.139718,-0.180763,1.32065,4.19255,0.0317048,0.446322,1.25039,4.18679,1.24361,4.17689,669,1997,1.24358,4.1772,0,-176.614,-175.682
69888,-0.0730118,0.0262127,1.00299,-0.0558939,0.0557482,-0.142595,1.49707,4.16206,0.0308923,0.446475,1.27807,4.18442,1.26048,4.17655,669,1997,1.26046,4.1769,0,-176.564,-175.614
69908,-0.073445,0.0239484,1.00761,-0.0482597,0.0633817,0.0329772,1.36152,4.16776,0.029866,0.446552,1.29623,4.18329,1.27353,4.17657,669,1998,1.27352,4.17689,0,-176.495,-175.533
69928,-0.0763536,0.0207662,1.00919,0.0128088,-0.0663893,-0.0128243,1.17881,4.32573,0.0291909,0.446873,1.29139,4.20226,1.27428,4.18799,669,1997,1.27425,4.18831,0,-176.58,-175.62
69948,-0.0689893,0.018869,1.00445,-0.0711613,-0.0969236,-0.142595,1.0762,3.92844,0.0289585,0.446018,1.26297,4.17907,1.26075,4.17605,669,1997,1.26071,4.17638,0,-176.578,-175.636
69970,-0.0749922,0.0218065,1.00621,0.0738773,-0.0205877,-0.00519073,1.24151,4.26133,0.029062,0.445881,1.23497,4.17891,1.24552,4.17584,669,1997,1.24547,4.1762,0,-176.736,-175.788
69990,-0.0759204,0.0235813,1.00432,0.0357094,-0.0205877,-0.0357251,1.34504,4.32178,0.0279441,0.445179,1.24242,4.20206,1.24869,4.18911,669,1997,1.24864,4.18947,0,-176.734,-175.784
70010,-0.0755491,0.0185631,1.00353,-0.13223,0.00994658,-0.112061,1.05972,4.30455,0.0275896,0.445592,1.22531,4.2294,1.23881,4.20664,667,1998,1.23876,4.20701,0,-176.606,-175.679
70030,-0.0712172,0.0186855,1.00505,0.00517464,0.0252137,-0.0128243,1.06509,4.05245,0.0274488,0.44686,1.18961,4.2128,1.21698,4.20066,669,1998,1.21693,4.20103,0,-176.697,-175.776
70050,-0.0703508,0.0197258,1.00615,-0.0329933,0.0939159,0.0177101,1.12315,3.99889,0.026331,0.447669,1.17368,4.19462,1.20418,4.19225,668,1998,1.20411,4.1926,0,-176.529,-175.636
70072,-0.0744352,0.0251724,1.00597,-0.0711613,0.0481145,-0.0662594,1.43342,4.23049,0.0262818,0.448983,1.21394,4.19959,1.22362,4.19584,668,1997,1.22354,4.19619,0,-176.568,-175.664
70092,-0.0748684,0.0214393,1.00396,0.020442,0.0557482,-0.0357251,1.22335,4.26386,0.0269044,0.449365,1.24083,4.21805,1.23869,4.20724,669,1997,1.23862,4.20757,0,-176.606,-175.692
70112,-0.0676898,0.020705,1.00353,-0.0329933,-0.0434885,-0.0357251,1.18196,3.85802,0.0263667,0.448052,1.23238,4.19152,1.23421,4.19334,669,1997,1.2341,4.19364,0,-176.576,-175.669
70132,-0.0756729,0.0219901,1.00408,-0.0635271,0.0481145,0.0406108,1.25462,4.30894,0.0267297,0.448725,1.2348,4.19555,1.23584,4.19551,669,1997,1.23575,4.19579,0,-176.742,-175.818
70152,-0.0746208,0.0220513,1.00341,-0.0482597,-0.0511222,0.0329772,1.25895,4.25207,0.025108,0.449076,1.23425,4.19825,1.23508,4.19745,668,1997,1.23502,4.19773,0,-176.689,-175.768
70174,-0.0731356,0.0216229,1.00785,-0.0558939,0.00994658,-0.0738931,1.22906,4.14948,0.0243566,0.44984,1.22586,4.19269,1.23014,4.19479,666,1997,1.23007,4.19504,0,-176.606,-175.689
70194,-0.0754872,0.0213781,1.00792,-0.124596,0.0481145,-0.0433587,1.21508,4.28218,0.0235593,0.450619,1.22742,4.19569,1.23064,4.19643,668,1997,1.23055,4.19665,0,-176.501,-175.593
70214,-0.0712791,0.0201542,1.00554,0.0357094,-0.0511222,0.0253437,1.14823,4.05389,0.0231284,0.449703,1.22584,4.1983,1.22951,4.19781,668,1997,1.22941,4.19802,0,-176.578,-175.664
70234,-0.0767249,0.0231529,1.00366,0.0509768,-0.00532055,-0.0128243,1.3215,4.37034,0.02198,0.449002,1.22042,4.21178,1.22564,4.20514,668,1998,1.22551,4.20533,0,-176.742,-175.824
70254,-0.0720217,0.0218065,1.00311,0.0357094,-0.0282214,-0.0128243,1.24535,4.10574,0.0224805,0.448239,1.22548,4.22322,1.22842,4.2128,669,1997,1.22829,4.21298,0,-176.653,-175.746
70276,-0.075054,0.0237648,1.00104,0.0357094,0.0328474,0.00244284,1.35996,4.28659,0.0219886,0.449155,1.22838,4.21235,1.22956,4.2083,668,1996,1.2294,4.20847,0,-176.52,-175.616
70296,-0.0746827,0.0240708,1.00445,-0.0787945,0.0328474,-0.0662594,1.37279,4.25102,0.0217562,0.448927,1.2516,4.20943,1.24306,4.20722,668,1998,1.2429,4.20738,0,-176.514,-175.599
70316,-0.0744352,0.0183795,1.00232,0.0357094,0.0175803,-0.112061,1.05051,4.24646,0.0208673,0.449645,1.23815,4.21814,1.23666,4.2131,669,1997,1.2365,4.21323,0,-176.649,-175.734
70336,-0.0738782,0.0195422,1.00213,-0.0711613,-0.0663893,-0.0280915,1.11716,4.21547,0.0203296,0.449828,1.21884,4.22599,1.22583,4.2187,669,1996,1.22566,4.21883,0,-176.813,-175.891
70356,-0.0722692,0.0200318,1.00372,0.0433426,0.00994658,-0.112061,1.14334,4.11747,0.0207842,0.44963,1.20529,4.19945,1.2177,4.20457,666,1996,1.21754,4.20468,0,-176.685,-175.776
70378,-0.0723311,0.0245604,1.0056,0.0280762,-0.0205877,-0.00519073,1.39909,4.11287,0.0206893,0.449646,1.21473,4.18785,1.22162,4.19742,669,1994,1.22145,4.1975,0,-176.62,-175.712
70398,-0.0758585,0.0254784,1.00487,-0.0711613,0.0328474,-0.0586258,1.45241,4.31573,0.0202737,0.450547,1.24143,4.18953,1.2362,4.1976,668,2001,1.23605,4.19766,0,-176.781,-175.85
70418,-0.0759204,0.0237648,1.00603,0.00517464,0.0023129,0.0253437,1.35321,4.31447,0.018423,0.450777,1.27245,4.20742,1.25455,4.20716,668,1997,1.25438,4.20723,0,-176.846,-175.899
70438,-0.0728262,0.0185631,1.00676,-0.0406265,-0.180893,-0.0280915,1.05632,4.13671,0.0178853,0.449846,1.25379,4.20238,1.24651,4.20427,669,1996,1.24632,4.20433,0,-176.803,-175.857
70458,-0.0718979,0.0205826,1.00323,-0.0253592,-0.0282214,-0.112061,1.17533,4.09832,0.0166605,0.448534,1.245,4.1691,1.24243,4.18445,669,1996,1.24225,4.1845,0,-176.732,-175.788
70480,-0.0727643,0.0226633,1.00554,-0.0100918,0.0252137,-0.0662594,1.29114,4.13785,0.0174511,0.448839,1.2467,4.17553,1.2445,4.18641,668,2001,1.24431,4.18644,0,-176.566,-175.638
70500,-0.0721455,0.0206438,1.00457,-0.0100918,0.0023129,0.0558779,1.17726,4.10692,0.0168828,0.448641,1.24333,4.16135,1.2434,4.1769,668,1997,1.24321,4.17692,0,-176.675,-175.738
70520,-0.0741258,0.0211946,1.00451,-0.0253592,0.0328474,-0.0662594,1.20873,4.21945,0.0149863,0.449359,1.23285,4.15815,1.23699,4.17319,669,1994,1.23678,4.1732,0,-176.775,-175.839
70540,-0.0767249,0.0202766,1.00737,-0.00245857,-0.0663893,0.0406108,1.15311,4.35458,0.0150593,0.450657,1.21688,4.18698,1.22778,4.18831,668,1997,1.22753,4.18832,0,-176.707,-175.785
70560,-0.0748684,0.019175,1.0056,-0.00245857,0.0557482,-0.0738931,1.09239,4.25712,0.0155902,0.449742,1.20751,4.20057,1.22176,4.19562,669,1998,1.22148,4.1956,0,-176.651,-175.742
70582,-0.0768487,0.0108522,1.00871,0.0357094,-0.0740228,-0.0738931,0.616393,4.35644,0.0156785,0.450002,1.11276,4.24465,1.16539,4.22215,662,1998,1.1651,4.22213,0,-176.61,-175.758
70602,-0.0704746,0.030007,1.00293,0.0357094,0.0175803,-0.00519073,1.71375,4.01772,0.0167896,0.448827,1.14304,4.20773,1.17545,4.20359,668,1997,1.17515,4.20356,0,-176.602,-175.739
70622,-0.078272,0.0330669,1.00317,-0.0482597,0.0252137,-0.0204579,1.88792,4.45904,0.0177175,0.44956,1.29383,4.21741,1.25901,4.20972,669,2000,1.2587,4.20966,0,-176.798,-175.841
70642,-0.0722073,0.0155032,1.00627,-0.0100918,-0.112191,-0.0586258,0.88266,4.10387,0.0163707,0.449164,1.29231,4.2376,1.26329,4.22302,668,1997,1.26298,4.22295,0,-176.867,-175.902
70662,-0.0721455,0.0106074,1.00262,-0.0787945,0.0939159,-0.0357251,0.606147,4.1155,0.0157566,0.448874,1.18834,4.1974,1.20712,4.20159,662,1996,1.20681,4.20152,0,-176.707,-175.806
70684,-0.0768487,0.0212557,1.0056,0.00517464,0.10155,-0.0280915,1.2109,4.36911,0.0167761,0.450157,1.15804,4.18921,1.18701,4.19686,669,1997,1.1867,4.1968,0,-176.539,-175.664
70704,-0.0735688,0.0333729,1.00548,0.00517464,0.139718,-0.188397,1.901,4.18245,0.016788,0.450188,1.25586,4.1937,1.23929,4.19901,668,1997,1.23898,4.19894,0,-176.697,-175.762
70723,-0.0783339,0.0185019,1.00195,-0.0406265,-0.0205877,-0.119695,1.05789,4.46961,0.0156244,0.450952,1.2923,4.25638,1.26322,4.23507,669,1998,1.26292,4.23502,0,-176.913,-175.953
70743,-0.0644099,0.014218,1.00219,0.0433426,0.0710154,-0.0204579,0.812795,3.6769,0.0158958,0.448906,1.21765,4.19732,1.22435,4.2039,667,2000,1.22406,4.20383,0,-176.987,-176.055
70763,-0.0770344,0.0137897,1.00633,0.0815105,0.0633817,0.0100764,0.785067,4.37702,0.0166863,0.451701,1.12988,4.18635,1.173,4.19727,667,1994,1.17269,4.1972,0,-176.72,-175.853
70785,-0.0720217,0.0301906,1.00761,-0.0329933,0.00994658,-0.0280915,1.71621,4.08659,0.0172173,0.450617,1.18266,4.19436,1.19753,4.20063,667,1997,1.19722,4.20054,0,-176.604,-175.718
70805,-0.0770344,0.028783,1.01035,0.0662441,0.0557482,-0.0128243,1.63181,4.35834,0.0181452,0.451961,1.26972,4.20714,1.24645,4.20773,669,1997,1.24617,4.20764,0,-176.861,-175.904
70825,-0.07295,0.0189914,1.00676,0.00517464,-0.0663893,-0.0815266,1.0807,4.14369,0.0187526,0.450969,1.26998,4.21866,1.25054,4.21432,669,1997,1.25023,4.21421,0,-176.878,-175.924
70845,-0.0743733,0.0170943,1.00518,-0.0177259,0.0404809,0.00244284,0.974294,4.23101,0.0190545,0.450909,1.19535,4.22258,1.21013,4.21735,669,1997,1.20984,4.21723,0,-176.751,-175.849
70865,-0.0715885,0.0241932,1.0042,0.157846,0.116817,-0.0357251,1.3801,4.07647,0.0198909,0.451505,1.18846,4.18727,1.20402,4.19804,669,1997,1.20373,4.1979,0,-176.636,-175.736
70887,-0.0763536,0.0296398,1.00445,0.00517464,-0.0205877,0.00244284,1.69023,4.34513,0.0198875,0.453169,1.25289,4.22114,1.23888,4.21712,669,1997,1.23859,4.21697,0,-176.634,-175.706
70907,-0.0741258,0.019175,1.00244,0.104412,-0.0663893,0.0635116,1.09584,4.2283,0.0205711,0.453032,1.27017,4.23121,1.25164,4.22384,669,1997,1.25135,4.22369,0,-176.594,-175.671
70927,-0.0703508,0.0170331,1.00792,0.0357094,-0.00532055,0.0100764,0.96817,3.99211,0.0210258,0.452941,1.21922,4.21845,1.22506,4.21781,669,1997,1.22479,4.21766,0,-176.571,-175.673
70947,-0.0725168,0.0192362,1.00718,0.0128088,-0.0129542,-0.0280915,1.09416,4.11741,0.0206407,0.452407,1.18466,4.1648,1.20399,4.18656,668,1995,1.20372,4.18641,0,-176.759,-175.858
70967,-0.0764155,0.0249888,1.00262,-0.13223,-0.0740228,-0.0738931,1.42771,4.35707,0.0201946,0.453171,1.20749,4.16682,1.21426,4.18509,668,1997,1.21398,4.18494,0,-176.545,-175.648
70989,-0.0760442,0.0227857,1.00828,-0.0635271,0.0481145,-0.0815266,1.29458,4.31197,0.019718,0.454225,1.23857,4.19353,1.23131,4.19867,668,1997,1.23103,4.19851,0,-176.422,-175.516
71009,-0.0737545,0.0225409,1.00664,0.119678,-0.00532055,0.0253437,1.28277,4.18942,0.0207222,0.453798,1.24144,4.20252,1.23442,4.20318,669,1997,1.23415,4.203,0,-176.755,-175.821
71029,-0.0715266,0.0219289,1.00536,-0.0940619,-0.0205877,-0.0204579,1.24954,4.06851,0.0202761,0.453539,1.2538,4.19734,1.24246,4.20009,668,1997,1.2422,4.19988,0,-176.837,-175.895
71049,-0.0709078,0.0184407,1.0042,0.020442,-0.0129542,-0.00519073,1.05203,4.03833,0.0209445,0.453738,1.2336,4.18887,1.23286,4.19497,669,1997,1.2326,4.19477,0,-176.736,-175.801
71069,-0.0731975,0.0210722,1.00639,0.104412,-0.119824,-0.0509923,1.1995,4.15903,0.0218114,0.45325,1.20247,4.17904,1.21514,4.1882,668,1997,1.21486,4.18801,0,-176.697,-175.776
71091,-0.0736307,0.0270695,1.00518,0.0128088,0.00994658,0.0100764,1.54261,4.18801,0.0233347,0.452151,1.2339,4.17999,1.23216,4.18697,667,1997,1.23188,4.18679,0,-176.872,-175.934
71111,-0.0764774,0.0224797,1.00372,-0.0100918,0.0328474,-0.0357251,1.28301,4.3561,0.0237283,0.452732,1.27227,4.1996,1.25536,4.19728,669,2000,1.25508,4.1971,0,-176.809,-175.858
71131,-0.0704127,0.0202154,1.00633,-0.0177259,-0.0663893,-0.0891602,1.15081,4.00163,0.0239387,0.452686,1.25683,4.20079,1.24898,4.19874,668,1998,1.2487,4.19859,0,-176.736,-175.791
71151,-0.0738782,0.0176451,1.00688,-0.0329933,0.109183,0.0100764,1.00398,4.19582,0.0235689,0.452977,1.22132,4.16096,1.22956,4.17555,669,1997,1.22927,4.17539,0,-176.738,-175.812
71171,-0.0764774,0.0249888,1.00469,0.020442,-0.0663893,-0.0815266,1.42478,4.35164,0.0240999,0.453939,1.23768,4.18429,1.23792,4.18717,668,1997,1.23766,4.187,0,-176.547,-175.638
71193,-0.0735688,0.0215005,1.00633,-0.0177259,-0.0282214,-0.0128243,1.22395,4.18027,0.024295,0.453924,1.25243,4.18223,1.24694,4.1854,669,2000,1.24668,4.18525,0,-176.712,-175.778
71213,-0.0741258,0.0198482,1.00524,0.05861,0.0252137,0.0100764,1.13115,4.21651,0.023574,0.454383,1.23558,4.18708,1.23809,4.18762,669,1997,1.23783,4.18746,0,-176.734,-175.8
71233,-0.0736926,0.0196646,1.00445,0.0509768,0.0862825,-0.0662594,1.12157,4.19526,0.024273,0.45504,1.21525,4.18133,1.22653,4.18414,668,2001,1.22629,4.18398,0,-176.63,-175.715
71253,-0.0742495,0.0215617,1.00256,0.0891447,-0.0892901,-0.0586258,1.23205,4.23461,0.0246055,0.455147,1.21564,4.17733,1.22539,4.18097,668,1997,1.22516,4.18084,0,-176.775,-175.852
71273,-0.0739401,0.0252948,1.00591,-0.0406265,0.0023129,-0.0128243,1.44047,4.20269,0.0242051,0.454323,1.23889,4.18851,1.23723,4.18627,668,1997,1.23701,4.18615,0,-176.675,-175.752
71295,-0.0741258,0.0172167,1.00499,-0.00245857,0.0175803,-0.0204579,0.981447,4.21773,0.0238048,0.454858,1.24528,4.19781,1.24163,4.19187,669,2001,1.2414,4.19175,0,-176.539,-175.619
71315,-0.0708459,0.018869,1.00402,-0.0558939,0.0786488,-0.0662594,1.07666,4.03551,0.023832,0.455194,1.20438,4.18536,1.21846,4.18531,668,1997,1.21821,4.1852,0,-176.661,-175.743
71335,-0.0755491,0.0218677,1.00499,-0.0177259,0.0023129,0.0558779,1.24651,4.29804,0.023508,0.455867,1.20966,4.18457,1.21942,4.18458,668,1997,1.21915,4.18446,0,-176.796,-175.867
71355,-0.0759204,0.025662,1.00238,-0.0406265,-0.0205877,0.0864123,1.46651,4.32992,0.0223138,0.455165,1.23562,4.20747,1.23247,4.1974,668,1997,1.23222,4.19732,0,-176.835,-175.89
71375,-0.0759204,0.023826,1.00572,0.0433426,-0.0740228,-0.0204579,1.35711,4.31577,0.0228906,0.455486,1.25939,4.22195,1.24708,4.20691,669,1997,1.24682,4.20686,0,-176.705,-175.759
71397,-0.0743114,0.020093,1.00639,-0.0100918,0.00994658,-0.0586258,1.14378,4.22218,0.0234368,0.455257,1.25257,4.22409,1.24509,4.20987,666,1997,1.24486,4.2098,0,-176.411,-175.498
71417,-0.0731975,0.0204602,1.00585,0.0128088,0.0557482,0.0482444,1.16531,4.16134,0.0229755,0.455242,1.24267,4.21496,1.2404,4.20641,668,1997,1.24016,4.20638,0,-176.541,-175.617
71437,-0.0715885,0.0199094,1.00487,-0.0253592,-0.0129542,-0.112061,1.13505,4.07415,0.0224072,0.45564,1.23148,4.20184,1.2341,4.20019,669,1999,1.23385,4.20018,0,-176.641,-175.716
71457,-0.0758585,0.0233365,1.00518,-0.109328,0.0404809,-0.0891602,1.32996,4.31465,0.0220069,0.456373,1.23881,4.21117,1.23789,4.20583,668,1997,1.23767,4.20581,0,-176.44,-175.527
71477,-0.0752397,0.0234589,1.00706,0.0662441,0.0404809,0.0864123,1.33443,4.27159,0.0218966,0.456893,1.26661,4.22152,1.25416,4.21284,668,1997,1.25394,4.21285,0,-176.478,-175.551
71499,-0.0709078,0.0199094,1.00445,-0.0253592,0.0557482,-0.0891602,1.13553,4.03724,0.0212826,0.457794,1.26326,4.20963,1.2541,4.20754,669,2001,1.25389,4.20754,0,-176.675,-175.731
71519,-0.0715266,0.0203378,1.00116,-0.0406265,-0.0358551,-0.0509923,1.16376,4.08564,0.0218899,0.457321,1.2572,4.19822,1.25241,4.20099,669,1997,1.25218,4.20101,0,-176.705,-175.758
71539,-0.0743114,0.020093,1.00426,0.020442,-0.0205877,0.00244284,1.1462,4.2311,0.0215201,0.457001,1.24808,4.20595,1.248,4.20506,668,2001,1.2478,4.20508,0,-176.497,-175.571
71559,-0.0757967,0.0229081,1.00749,0.020442,-0.0282214,-0.0128243,1.30256,4.30133,0.0223106,0.456208,1.25014,4.21493,1.24976,4.21011,668,1997,1.24957,4.21014,0,-176.47,-175.541
71579,-0.074002,0.0208274,1.00359,-0.124596,-0.0205877,0.0635116,1.18888,4.21628,0.0208111,0.455643,1.25146,4.21791,1.25041,4.21237,669,2001,1.25021,4.21239,0,-176.683,-175.737
71601,-0.075611,0.0205214,1.00615,-0.13223,0.0481145,-0.0128243,1.16844,4.29674,0.0194795,0.454163,1.2373,4.2171,1.2421,4.21213,669,1997,1.24189,4.21218,0,-176.846,-175.898
71621,-0.0757967,0.0239484,1.00694,0.0357094,-0.0434885,-0.0509923,1.36243,4.30356,0.0192318,0.454652,1.24632,4.2174,1.24683,4.21328,669,1997,1.24663,4.21331,0,-176.681,-175.746
71641,-0.074559,0.0237648,1.00451,-0.0940619,-0.0587556,0.0787787,1.35526,4.24378,0.0196101,0.454347,1.25816,4.23103,1.2541,4.22183,669,1997,1.25389,4.22187,0,-176.411,-175.49
71660,-0.0715266,0.0205826,1.00153,-0.109328,0.0710154,0.0253437,1.17733,4.08414,0.0193472,0.453614,1.27427,4.21464,1.26451,4.21347,669,1997,1.26431,4.21348,0,-176.52,-175.583
71680,-0.0720836,0.0185631,1.00755,-0.0558939,-0.00532055,-0.0891602,1.0555,4.09147,0.0183515,0.452821,1.24881,4.19984,1.25145,4.20487,669,1997,1.25126,4.20487,0,-176.557,-175.625
71702,-0.0732594,0.0185631,1.00524,0.0662441,-0.00532055,-0.0586258,1.05792,4.16751,0.0186535,0.453157,1.20552,4.21015,1.22655,4.21046,669,1997,1.22634,4.21045,0,-176.643,-175.729
71722,-0.0715885,0.0224185,1.00597,-0.0558939,0.0175803,-0.119695,1.27665,4.06952,0.0194593,0.453372,1.20787,4.19925,1.22574,4.20452,669,1996,1.22553,4.20448,0,-176.835,-175.908
71742,-0.0728262,0.0207662,1.00286,0.0509768,-0.0205877,-0.0586258,1.18625,4.15254,0.0186009,0.452319,1.2044,4.18131,1.22137,4.19308,669,1997,1.22114,4.19301,0,-176.63,-175.72
71762,-0.0735069,0.0220513,1.00037,-0.0329933,-0.0282214,-0.0204579,1.26278,4.20151,0.0189182,0.453082,1.20574,4.18542,1.22015,4.19443,669,1997,1.21992,4.19435,0,-176.434,-175.538
71782,-0.075611,0.0217453,1.0067,-0.0558939,-0.0129542,-0.0891602,1.23743,4.2943,0.018411,0.452701,1.21585,4.19226,1.22413,4.1969,669,1997,1.22392,4.19683,0,-176.503,-175.595
71804,-0.0726405,0.0195422,1.00658,-0.0635271,-0.0587556,-0.134962,1.11223,4.12687,0.0175832,0.452198,1.19711,4.19052,1.21198,4.19524,669,1997,1.21174,4.19518,0,-176.57,-175.67
71824,-0.0728881,0.020093,1.00627,0.05861,-0.0587556,-0.0662594,1.14392,4.14209,0.0177783,0.451328,1.1995,4.18633,1.21156,4.19191,669,1997,1.21133,4.19184,0,-176.576,-175.679
71844,-0.0763536,0.0235813,1.00749,-0.0329933,0.0862825,-0.0204579,1.34082,4.33275,0.0179581,0.452046,1.20996,4.18972,1.21582,4.19325,669,1997,1.2156,4.19317,0,-176.641,-175.735
71864,-0.0746827,0.0218065,1.00323,0.0280762,-0.00532055,0.0558779,1.2452,4.25638,0.0164891,0.452153,1.23237,4.20824,1.22736,4.20372,669,1997,1.22713,4.20363,0,-176.751,-175.827
71884,-0.0730737,0.0202154,1.00834,-0.0100918,-0.0129542,-0.0357251,1.14852,4.14411,0.0165163,0.452307,1.22502,4.20676,1.22386,4.2036,669,1997,1.22363,4.20351,0,-176.791,-175.867
71906,-0.0719598,0.0199094,1.00195,0.0509768,-0.0511222,0.0940459,1.13835,4.1071,0.0162839,0.452338,1.21492,4.188,1.21795,4.19328,668,1997,1.21771,4.19319,0,-176.596,-175.688
71926,-0.074002,0.021011,1.00901,-0.0711613,0.0481145,-0.0815266,1.19292,4.19372,0.015853,0.452781,1.20998,4.1858,1.21428,4.19137,668,1997,1.21403,4.19127,0,-176.596,-175.691
71946,-0.075611,0.021011,1.00858,-0.0711613,0.00994658,-0.0586258,1.19342,4.28637,0.0156817,0.453285,1.20415,4.19283,1.21011,4.19482,667,1997,1.20986,4.19473,0,-176.775,-175.864
71966,-0.0732594,0.0199706,1.00195,-0.0558939,-0.0969236,0.0100764,1.14185,4.18101,0.0151745,0.45295,1.20757,4.19851,1.21099,4.19768,669,1997,1.21075,4.19758,0,-176.549,-175.665
71986,-0.0766012,0.0207662,1.00718,0.112045,0.132084,-0.104427,1.18116,4.34832,0.015904,0.454538,1.20662,4.20432,1.21002,4.20155,668,1997,1.20979,4.20145,0,-176.468,-175.589
72008,-0.0725168,0.0215617,1.00469,0.020442,-0.0892901,0.00244284,1.22944,4.1274,0.0152136,0.454706,1.20737,4.21789,1.20946,4.21012,668,1997,1.20924,4.21,0,-176.628,-175.727
72028,-0.0735688,0.0204602,1.00293,-0.0329933,0.0786488,0.116947,1.1687,4.1945,0.0140499,0.455043,1.21819,4.18855,1.21483,4.19403,668,1997,1.21462,4.19392,0,-176.659,-175.746
72048,-0.0724549,0.0205826,1.00195,0.0815105,0.0252137,-0.0891602,1.17683,4.1352,0.014245,0.455272,1.19774,4.19627,1.20319,4.19805,668,1997,1.20302,4.19794,0,-176.445,-175.56
72068,-0.0725786,0.025968,1.00372,-0.101695,0.12445,0.0864123,1.48201,4.13448,0.0146233,0.455838,1.22859,4.1555,1.21984,4.17437,668,1997,1.21965,4.17427,0,-176.361,-175.465
72088,-0.0787671,0.0155032,1.00226,-0.0635271,-0.0358551,0.00244284,0.886197,4.4931,0.0125742,0.458433,1.21514,4.21639,1.21254,4.20772,668,1997,1.21237,4.20761,0,-176.306,-175.424
72110,-0.0677516,0.0210722,1.00487,0.0128088,0.0252137,-0.0967938,1.20132,3.85638,0.0124334,0.457106,1.20502,4.19091,1.20644,4.19391,669,1997,1.20629,4.19379,0,-176.309,-175.436
72130,-0.0730118,0.0252948,1.00816,-0.0635271,0.154985,-0.0280915,1.43725,4.14089,0.0128422,0.458144,1.24194,4.15578,1.22751,4.17299,669,1997,1.22739,4.17287,0,-176.549,-175.636
72150,-0.0781483,0.0190526,1.00396,0.05861,-0.0205877,-0.104427,1.0872,4.45013,0.0127167,0.458023,1.25531,4.19376,1.23742,4.19224,669,1997,1.23731,4.19214,0,-176.594,-175.665
72170,-0.0712172,0.0181347,1.00293,0.020442,-0.0282214,0.0406108,1.0359,4.06106,0.0135225,0.457443,1.21729,4.19665,1.21791,4.194,669,1997,1.2178,4.19393,0,-176.466,-175.57
72190,-0.0727643,0.0216841,1.00499,0.0128088,-0.00532055,-0.0586258,1.23604,4.14018,0.012939,0.457795,1.19729,4.17549,1.2058,4.18191,668,1997,1.20569,4.18184,0,-176.514,-175.625
72212,-0.0792622,0.0236425,1.00591,0.0128088,-0.0434885,-0.0509923,1.34641,4.50417,0.0124776,0.458604,1.2292,4.23563,1.2229,4.21576,669,1997,1.22278,4.21571,0,-176.725,-175.802
72232,-0.0698557,0.0226633,1.00767,0.020442,-0.0663893,-0.00519073,1.28841,3.96462,0.0123368,0.457826,1.24383,4.24335,1.23203,4.22298,669,1997,1.23192,4.22291,0,-176.831,-175.896
72252,-0.0725786,0.0191138,1.00426,-0.0635271,0.0786488,-0.112061,1.09036,4.13286,0.0121197,0.457414,1.22981,4.20933,1.2256,4.20568,668,1996,1.2255,4.20562,0,-176.779,-175.857
72272,-0.0727643,0.0192974,1.00505,0.00517464,0.0481145,-0.0891602,1.09997,4.14013,0.0116583,0.458422,1.19835,4.19586,1.20765,4.19878,668,1996,1.20758,4.19872,0,-176.655,-175.761
72292,-0.0770344,0.0216229,1.00426,-0.0406265,0.0557482,-0.142595,1.23345,4.3854,0.0119909,0.459095,1.19739,4.20845,1.20572,4.20567,668,1997,1.20566,4.20562,0,-176.382,-175.505
72314,-0.0769725,0.0242544,1.00378,-0.0482597,0.0404809,-0.00519073,1.38418,4.38375,0.0122623,0.458408,1.2259,4.22511,1.22108,4.21534,668,1997,1.22105,4.21528,0,-176.396,-175.501
72334,-0.0741877,0.0187466,1.00785,-0.13223,0.00994658,-0.0738931,1.06561,4.2092,0.0114803,0.459325,1.21488,4.23015,1.21509,4.22027,666,2001,1.2151,4.2202,0,-176.637,-175.733
72354,-0.0708459,0.0181959,1.0028,-0.0253592,-0.0205877,-0.142595,1.03952,4.04044,0.0111105,0.45876,1.19257,4.21256,1.20204,4.21148,669,1997,1.20207,4.21144,0,-176.537,-175.65
72374,-0.0738163,0.0192974,1.0042,-0.0635271,0.0404809,-0.127328,1.1009,4.20333,0.0100842,0.459264,1.15899,4.21607,1.18063,4.21381,668,1996,1.18065,4.21375,0,-176.732,-175.847
72394,-0.0733213,0.0220513,1.00548,-0.00245857,-0.0511222,0.0177101,1.25636,4.16972,0.0101419,0.458242,1.17202,4.22258,1.18497,4.2176,668,2000,1.18501,4.21756,0,-176.74,-175.856
72416,-0.0743114,0.0232141,1.0067,-0.0635271,0.0862825,-0.0738931,1.32098,4.22063,0.0108409,0.457907,1.20836,4.23036,1.20425,4.22285,668,1997,1.20432,4.22281,0,-176.614,-175.727
72436,-0.0776532,0.0215005,1.00773,-0.0253592,-0.0587556,-0.0967938,1.22225,4.40535,0.0104253,0.458243,1.2084,4.24854,1.20436,4.23466,669,1997,1.20443,4.23461,0,-176.917,-176.003
72456,-0.0665139,0.0252948,1.00664,0.00517464,0.0328474,-0.0509923,1.43943,3.77916,0.010941,0.457007,1.24909,4.18971,1.22807,4.20272,669,1997,1.22816,4.20267,0,-176.807,-175.879
72476,-0.0854507,0.0164211,1.00572,-0.0329933,0.0862825,0.0177101,0.935424,4.85579,0.0102659,0.459022,1.26751,4.21615,1.24172,4.21632,668,1997,1.24181,4.21625,0,-176.703,-175.77
72496,-0.065957,0.0171555,1.00341,0.00517464,-0.150359,-0.0891602,0.979501,3.76025,0.00930067,0.456412,1.19637,4.23241,1.20331,4.22616,669,2000,1.2034,4.22611,0,-176.699,-175.801
72518,-0.071836,0.025356,1.00238,0.05861,0.12445,0.0329772,1.44904,4.09783,0.00966371,0.456626,1.20034,4.11764,1.20433,4.15991,668,1997,1.20442,4.15985,0,-176.667,-175.768
72538,-0.0829753,0.0277427,1.00767,0.0280762,-0.00532055,-0.0204579,1.57704,4.70554,0.0101642,0.457467,1.27557,4.20428,1.24738,4.20439,669,1997,1.24748,4.20434,0,-176.649,-175.721
72558,-0.070784,0.0211946,1.0039,0.0509768,-0.112191,-0.0891602,1.20946,4.0323,0.0102371,0.455742,1.29476,4.24226,1.2628,4.2265,669,1997,1.26292,4.22642,0,-176.61,-175.668
72578,-0.0716504,0.0151972,1.00408,0.0815105,-0.0205877,-0.0357251,0.86713,4.08119,0.0106918,0.456185,1.21957,4.22204,1.22403,4.2171,668,1994,1.22413,4.21702,0,-176.74,-175.815
72598,-0.0720217,0.0245604,1.00585,-0.00245857,0.10155,0.0558779,1.39875,4.09435,0.0117724,0.456964,1.20619,4.19398,1.2159,4.20191,669,1997,1.21599,4.20182,0,-176.499,-175.599
72619,-0.0740639,0.0260904,1.00232,-0.0329933,0.0328474,0.0482444,1.49108,4.22463,0.0115858,0.457728,1.26728,4.20603,1.25005,4.20835,669,1997,1.25016,4.20827,0,-176.468,-175.548
72639,-0.0749303,0.0205826,1.00457,-0.116962,-0.0282214,-0.0662594,1.17377,4.26487,0.0111549,0.457011,1.28063,4.19258,1.26062,4.19987,669,1998,1.26074,4.19979,0,-176.774,-175.821
72659,-0.0740639,0.0180735,1.00633,-0.0177259,-0.00532055,0.0635116,1.02891,4.20858,0.010663,0.456629,1.24214,4.21653,1.24133,4.2128,669,1997,1.24143,4.21269,0,-176.809,-175.867
72679,-0.0735069,0.0175839,0.999335,-0.0100918,0.0710154,-0.0509923,1.00805,4.20622,0.0105223,0.456538,1.20515,4.21085,1.22043,4.21001,669,1997,1.22052,4.20991,0,-176.738,-175.819
72699,-0.0714028,0.0226633,1.00408,0.0128088,-0.00532055,-0.0662594,1.29301,4.06657,0.0108853,0.456569,1.20245,4.18854,1.21711,4.1972,669,1998,1.21719,4.1971,0,-176.687,-175.783
72721,-0.0839654,0.0240708,1.00822,-0.0940619,0.154985,0.0329772,1.36765,4.75931,0.0106377,0.457516,1.27672,4.18372,1.25875,4.19257,669,1997,1.25883,4.19248,0,-176.555,-175.622
72741,-0.0769106,0.0136673,1.00579,-0.0329933,-0.173259,-0.165496,0.778524,4.37239,0.0092297,0.458998,1.2104,4.3066,1.22292,4.26423,666,2000,1.22297,4.26413,0,-176.742,-175.831
72761,-0.0641623,0.0158704,1.00755,-0.0711613,0.154985,-0.0280915,0.902417,3.64331,0.00930267,0.458372,1.14458,4.17262,1.18318,4.1925,669,1997,1.18322,4.19242,0,-176.712,-175.836
72781,-0.0725786,0.0260292,1.00871,0.05861,0.0557482,-0.0204579,1.47816,4.1141,0.00884128,0.460022,1.16663,4.12721,1.19006,4.16391,668,1997,1.1901,4.16383,0,-176.639,-175.752
72801,-0.0845224,0.0248664,1.00609,-0.0787945,0.0023129,-0.0280915,1.41583,4.80073,0.00902111,0.46161,1.2345,4.22586,1.22661,4.21631,669,1993,1.22668,4.21624,0,-176.489,-175.578
72823,-0.0710315,0.0199706,1.00572,-0.0177259,-0.142725,-0.157863,1.13757,4.03914,0.00848339,0.459213,1.23867,4.2647,1.23019,4.23979,669,1997,1.23025,4.23971,0,-176.529,-175.617
72843,-0.0720836,0.0156256,1.00353,0.00517464,-0.00532055,-0.0662594,0.892055,4.10799,0.00817468,0.457489,1.19479,4.20331,1.20604,4.20659,669,1997,1.20607,4.2065,0,-176.6,-175.704
72863,-0.0732594,0.0214393,1.00548,0.0433426,0.0710154,-0.0967938,1.2215,4.16627,0.00824764,0.457901,1.16915,4.19062,1.18937,4.19893,669,1997,1.18941,4.19883,0,-176.667,-175.782
72883,-0.0746208,0.0233365,1.00311,-0.0177259,0.0786488,0.0406108,1.3327,4.25323,0.00850381,0.459123,1.20257,4.19059,1.20598,4.19829,668,1996,1.20601,4.19817,0,-176.671,-175.768
72903,-0.0751778,0.0226633,1.00201,0.0662441,0.10155,-0.0280915,1.29568,4.28959,0.00964548,0.459627,1.23488,4.20781,1.22459,4.20748,669,1997,1.2246,4.20735,0,-176.649,-175.737
72925,-0.0730118,0.0202766,1.00311,0.0357094,0.0557482,-0.0662594,1.15801,4.16212,0.00897036,0.459964,1.25006,4.21896,1.23463,4.2143,669,1997,1.23462,4.21418,0,-176.783,-175.851
72945,-0.0701033,0.0189914,1.00652,0.0128088,-0.104557,-0.00519073,1.08096,3.98348,0.00887538,0.459903,1.2078,4.18392,1.21215,4.19476,668,1996,1.21214,4.19463,0,-176.911,-175.993
72965,-0.0737545,0.020399,1.00329,0.0738773,0.116817,0.0177101,1.16478,4.20353,0.00965064,0.459461,1.18967,4.17332,1.2012,4.1867,668,1998,1.20118,4.18658,0,-176.803,-175.903
72985,-0.0737545,0.0260904,1.00274,-0.0787945,-0.0740228,-0.0891602,1.49044,4.20527,0.00987627,0.459538,1.21999,4.17347,1.217,4.18488,668,1998,1.21699,4.18477,0,-176.636,-175.725
73005,-0.07295,0.0221125,1.00213,-0.0406265,-0.0205877,-0.0586258,1.26405,4.16247,0.010392,0.458408,1.24464,4.16341,1.232,4.17704,668,1997,1.23199,4.17696,0,-176.744,-175.812
73027,-0.074559,0.0187466,1.00432,-0.0558939,0.0862825,-0.0586258,1.06935,4.24499,0.00893824,0.458989,1.22717,4.15574,1.22316,4.17051,668,1997,1.22316,4.17045,0,-176.809,-175.883
73047,-0.0761061,0.0200318,1.00615,-0.0100918,0.0557482,0.0253437,1.14057,4.32481,0.00907227,0.459249,1.20849,4.19453,1.21286,4.19079,668,1997,1.21285,4.19071,0,-176.746,-175.835
73067,-0.0717123,0.0216841,1.00645,0.020442,0.0023129,-0.0891602,1.23425,4.07463,0.00867195,0.458639,1.21448,4.20746,1.21556,4.19847,668,1997,1.21557,4.1984,0,-176.705,-175.789
73087,-0.0693606,0.0224797,1.00487,0.0128088,0.0786488,-0.0509923,1.28153,3.94756,0.00975255,0.457464,1.23344,4.14117,1.22673,4.16047,669,1997,1.22674,4.16041,0,-176.636,-175.717
73107,-0.0761061,0.0183795,1.00682,-0.0253592,0.0328474,-0.0738931,1.04582,4.32208,0.00916903,0.458792,1.20832,4.16602,1.21298,4.17212,669,1997,1.21297,4.17205,0,-176.661,-175.757
73129,-0.071836,0.0215617,1.00457,-0.0329933,0.116817,-0.119695,1.22959,4.08928,0.00864657,0.459129,1.20565,4.15799,1.21037,4.16643,668,1997,1.21034,4.16636,0,-176.665,-175.763
73149,-0.0730118,0.0226633,1.00305,0.0128088,-0.104557,0.0406108,1.29435,4.16216,0.00810885,0.460076,1.22717,4.17106,1.22185,4.17259,669,1997,1.22183,4.17254,0,-176.61,-175.702
73169,-0.0742495,0.0233365,1.00712,-0.00245857,0.0328474,-0.0357251,1.32739,4.21534,0.0079528,0.459725,1.24928,4.17236,1.2353,4.17239,668,1998,1.23528,4.17237,0,-176.6,-175.674
73189,-0.0744971,0.0189914,1.00566,-0.00245857,-0.0587556,-0.119695,1.08187,4.23584,0.00747615,0.459023,1.22608,4.1846,1.22374,4.17853,668,1997,1.22369,4.17853,0,-176.736,-175.809
73209,-0.072393,0.0209498,1.00749,0.0357094,-0.00532055,-0.0891602,1.19124,4.10903,0.00782393,0.458184,1.20444,4.18195,1.21162,4.17686,668,1996,1.21157,4.17685,0,-176.805,-175.881
73231,-0.0726405,0.0231529,1.00305,-0.116962,-0.0740228,-0.0204579,1.3223,4.14102,0.00658392,0.45649,1.21374,4.17633,1.21538,4.17286,668,1996,1.21533,4.17283,0,-176.474,-175.574
73251,-0.075611,0.0226021,1.00049,-0.0940619,0.0481145,0.0558779,1.29415,4.32075,0.00560346,0.456551,1.22578,4.17566,1.22174,4.17203,668,1997,1.22168,4.17201,0,-176.472,-175.572
73271,-0.0744352,0.0196034,1.0053,0.0280762,0.0481145,-0.0662594,1.11713,4.23382,0.0060123,0.456414,1.23365,4.18807,1.22708,4.17903,669,1997,1.22703,4.17902,0,-176.639,-175.728
73291,-0.0725168,0.0211334,1.00524,-0.0177259,0.0557482,0.0329772,1.20437,4.1252,0.00565778,0.456201,1.21336,4.19399,1.21584,4.18299,668,1997,1.21579,4.18298,0,-176.572,-175.674
73311,-0.0733213,0.0229693,1.00749,-0.00245857,-0.0511222,-0.0433587,1.30603,4.16135,0.00641778,0.456018,1.21234,4.19627,1.21512,4.18524,669,1997,1.21506,4.18524,0,-176.537,-175.638
73333,-0.0753635,0.0207662,1.00445,-0.0558939,0.109183,-0.00519073,1.18438,4.28994,0.00658234,0.457087,1.22542,4.19669,1.22245,4.18673,668,1997,1.2224,4.18674,0,-176.645,-175.73
73353,-0.0746827,0.0213169,1.00475,-0.13223,-0.0282214,0.0177101,1.21541,4.25,0.00497592,0.456935,1.21706,4.22553,1.21722,4.20428,668,1997,1.21717,4.20431,0,-176.738,-175.82
73373,-0.0720836,0.0215617,1.00457,0.0128088,0.116817,-0.119695,1.22959,4.10333,0.00526263,0.456447,1.22369,4.1933,1.22132,4.18796,668,2001,1.22124,4.18801,0,-176.6,-175.69
73393,-0.0731356,0.0205826,1.00128,-0.0100918,0.0633817,-0.0433587,1.17762,4.1767,0.00489285,0.457654,1.20973,4.20381,1.21349,4.19496,668,1996,1.21341,4.19502,0,-176.736,-175.83
73413,-0.0731975,0.0204602,1.00652,0.0815105,0.0252137,-0.0280915,1.16453,4.15858,0.00485894,0.458066,1.19326,4.19106,1.20339,4.1887,668,1997,1.20329,4.18876,0,-176.774,-175.871
73435,-0.0743114,0.0213781,1.00195,0.05861,-0.0663893,-0.180763,1.22231,4.24071,0.00482504,0.45822,1.18657,4.19664,1.19814,4.19193,668,1997,1.19806,4.19198,0,-176.798,-175.895
73455,-0.0743733,0.0224797,1.00347,-0.0558939,0.0252137,0.0177101,1.28332,4.23772,0.00547816,0.457793,1.18239,4.19198,1.19424,4.18943,668,1997,1.19418,4.18949,0,-176.996,-176.079
73475,-0.0748065,0.0198482,1.0039,-0.0406265,0.00994658,-0.0433587,1.13265,4.26075,0.00454349,0.458221,1.18319,4.19659,1.19283,4.19228,667,1997,1.19276,4.19236,0,-176.839,-175.932
73495,-0.0753016,0.0225409,1.00201,0.00517464,0.0328474,-0.112061,1.28869,4.29664,0.00455539,0.458404,1.19304,4.20209,1.19689,4.19581,669,1997,1.1968,4.19592,0,-176.413,-175.547
73515,-0.0740639,0.0216229,1.00524,-0.0100918,0.0252137,0.00244284,1.23226,4.21285,0.00523905,0.459443,1.20924,4.2034,1.20593,4.19759,669,1997,1.20585,4.1977,0,-176.438,-175.565
73537,-0.0740639,0.020399,1.00317,0.020442,-0.0358551,-0.0280915,1.16492,4.22161,0.00515934,0.459184,1.21204,4.20849,1.20776,4.20112,669,1997,1.20769,4.20124,0,-176.632,-175.733
73556,-0.0747446,0.0218065,1.00195,0.0128088,-0.0663893,-0.0357251,1.24679,4.2653,0.00482009,0.459215,1.21593,4.20572,1.21026,4.20028,669,2000,1.21021,4.20039,0,-176.736,-175.825
73576,-0.0737545,0.0223573,1.00366,0.05861,-0.0892901,-0.112061,1.2761,4.20184,0.00576329,0.458895,1.21068,4.19826,1.20815,4.19654,669,1997,1.2081,4.19665,0,-176.547,-175.656
73596,-0.0704746,0.0213781,1.00019,0.0433426,0.0939159,-0.0128243,1.22446,4.02956,0.00630953,0.45949,1.22627,4.17715,1.21761,4.18497,669,1997,1.21754,4.18507,0,-176.653,-175.746
73616,-0.0738782,0.0221125,1.0039,-0.0100918,0.00994658,-0.0891602,1.26183,4.20787,0.00648937,0.460117,1.23123,4.17246,1.22146,4.18137,668,1998,1.22142,4.18145,0,-176.815,-175.89
73638,-0.0738163,0.0208886,1.00305,-0.00245857,0.0786488,-0.0357251,1.19302,4.20802,0.00625699,0.459995,1.2379,4.16228,1.22651,4.17396,669,1997,1.22647,4.17404,0,-176.732,-175.805
73658,-0.071836,0.0206438,1.00585,-0.0177259,-0.0282214,-0.0433587,1.17576,4.08419,0.00718492,0.460469,1.23339,4.17467,1.2258,4.17964,669,1997,1.22576,4.17971,0,-176.766,-175.835
73678,-0.074002,0.0226633,1.00378,-0.00245857,0.0862825,0.00244284,1.29341,4.21535,0.00745636,0.460515,1.23615,4.17467,1.22857,4.17872,669,1997,1.22852,4.17878,0,-176.604,-175.687
73698,-0.0753635,0.0219901,1.00226,0.020442,-0.0587556,-0.0357251,1.2569,4.29917,0.00704078,0.460729,1.23359,4.19275,1.22797,4.18845,669,1997,1.22791,4.18851,0,-176.497,-175.593
73718,-0.075611,0.0203378,1.00439,0.0662441,0.0252137,-0.142595,1.16002,4.30428,0.00755649,0.459921,1.22355,4.20367,1.22329,4.19482,669,1996,1.22324,4.1949,0,-176.811,-175.89
73740,-0.0743733,0.0206438,1.00518,0.0433426,0.10155,-0.0509923,1.17654,4.23073,0.00753785,0.460944,1.22657,4.21053,1.22525,4.20037,669,1997,1.22519,4.20044,0,-176.92,-175.997
73760,-0.0741258,0.0215617,1.00749,-0.0100918,0.00994658,-0.134962,1.22603,4.20698,0.00816043,0.4618,1.21878,4.20362,1.22126,4.19778,667,1997,1.22123,4.19784,0,-176.911,-175.985
73780,-0.0741877,0.0216229,1.00372,-0.00245857,-0.0587556,0.0177101,1.23412,4.22624,0.00815706,0.461724,1.21931,4.19495,1.22119,4.19322,669,1997,1.22115,4.19327,0,-177.014,-176.075
73800,-0.0761061,0.021011,1.00463,-0.00245857,0.0328474,-0.0662594,1.19812,4.33125,0.00789415,0.461694,1.21661,4.2047,1.21952,4.19892,669,1997,1.21948,4.199,0,-176.755,-175.845
73820,-0.0717741,0.0189302,1.00505,-0.0253592,0.00994658,-0.0891602,1.07904,4.08402,0.00787551,0.462167,1.20646,4.20215,1.21354,4.19845,666,1998,1.21349,4.19851,0,-176.559,-175.672
73842,-0.0731975,0.0206438,1.00572,0.020442,0.10155,-0.0357251,1.1759,4.16182,0.00785688,0.461939,1.2128,4.19722,1.2164,4.196,668,1997,1.21635,4.19607,0,-176.549,-175.656
73862,-0.0735688,0.0218677,1.00566,-0.00245857,0.139718,-0.00519073,1.24568,4.18301,0.00815885,0.462016,1.21915,4.19419,1.21987,4.19448,669,1997,1.21981,4.19453,0,-176.501,-175.597
73882,-0.0733832,0.0202766,1.00493,-0.0940619,0.00994658,0.0940459,1.1559,4.17564,0.00714784,0.462627,1.21141,4.18896,1.21491,4.19168,667,1997,1.21486,4.19173,0,-176.549,-175.648
73902,-0.0725168,0.0230917,1.00621,-0.0329933,-0.0511222,-0.0433587,1.31466,4.12105,0.00609104,0.46194,1.22318,4.18043,1.22075,4.18611,668,1997,1.22067,4.18617,0,-176.476,-175.58
73922,-0.0741258,0.0226021,1.00737,-0.178031,0.0481145,-0.119695,1.28532,4.20739,0.00463729,0.461376,1.2179,4.18074,1.21736,4.18527,668,1997,1.21726,4.18534,0,-176.63,-175.726
73944,-0.0727643,0.0230917,1.00572,0.0433426,0.0328474,-0.0586258,1.31529,4.13706,0.00463392,0.461163,1.22314,4.1812,1.22048,4.18463,668,1997,1.22036,4.18471,0,-176.736,-175.827
73964,-0.0761061,0.0215005,1.00439,-0.00245857,0.0252137,-0.00519073,1.22632,4.33225,0.00446261,0.460904,1.23551,4.1897,1.22813,4.18874,668,1997,1.22801,4.1888,0,-176.708,-175.792
73984,-0.0733832,0.0218677,1.00238,0.0433426,0.0786488,-0.0357251,1.24976,4.18611,0.00442871,0.461118,1.23177,4.19897,1.22711,4.1942,668,1997,1.227,4.19426,0,-176.649,-175.735
74004,-0.0746208,0.0212557,1.00311,-0.0177259,0.0481145,-0.0815266,1.21391,4.25343,0.00415053,0.461882,1.22234,4.19104,1.22239,4.19035,668,1997,1.22225,4.19041,0,-176.541,-175.633
74024,-0.0735688,0.0204602,1.00761,-0.0482597,-0.0129542,-0.0509923,1.16327,4.17508,0.00410135,0.460523,1.21249,4.19179,1.21679,4.19019,668,1997,1.21664,4.19025,0,-176.697,-175.773
74046,-0.0723311,0.0191138,1.00238,0.0662441,0.0710154,-0.104427,1.09241,4.12654,0.00373157,0.461562,1.20651,4.18638,1.21274,4.18765,669,2001,1.21259,4.1877,0,-176.687,-175.779
74066,-0.0748684,0.0208886,1.00548,0.0128088,0.0862825,0.00244284,1.19013,4.25749,0.0047969,0.462356,1.20909,4.18468,1.21388,4.18651,668,1997,1.21374,4.18659,0,-176.516,-175.622
74086,-0.0731356,0.0221125,1.00396,0.0128088,0.0710154,-0.0891602,1.26175,4.16547,0.00491567,0.463227,1.21233,4.1905,1.21525,4.18985,668,2001,1.2151,4.18997,0,-176.559,-175.666
74106,-0.0733832,0.0236425,1.00153,0.0662441,0.0557482,-0.127328,1.3523,4.18949,0.00537031,0.464312,1.22318,4.18744,1.22136,4.18838,669,2001,1.2212,4.18849,0,-176.584,-175.679
74126,-0.0725168,0.0217453,1.00451,-0.0100918,-0.0511222,-0.0128243,1.24013,4.12813,0.00532114,0.463243,1.23488,4.17775,1.22851,4.18201,669,1997,1.22833,4.18212,0,-176.835,-175.897
74148,-0.0738163,0.0216841,1.00226,-0.0406265,-0.0663893,-0.0357251,1.23942,4.21126,0.00556205,0.462557,1.23169,4.17143,1.22766,4.17712,668,1996,1.22749,4.17724,0,-176.703,-175.784
74168,-0.0714028,0.0212557,0.999822,-0.0177259,-0.0358551,-0.0509923,1.2179,4.08396,0.00557394,0.461824,1.22463,4.17094,1.22415,4.17561,669,1996,1.22398,4.17575,0,-176.645,-175.736
74188,-0.0725168,0.0225409,1.00676,-0.0558939,-0.0358551,-0.0357251,1.28261,4.11887,0.00569271,0.460924,1.22587,4.16701,1.22519,4.17187,668,1997,1.225,4.17199,0,-176.503,-175.593
74208,-0.0740639,0.0220513,1.0039,0.0357094,-0.00532055,-0.0738931,1.25834,4.21841,0.0054298,0.460253,1.22568,4.15407,1.22521,4.16303,668,1997,1.225,4.16314,0,-176.6,-175.675
74228,-0.0737545,0.0210722,1.00609,0.0128088,-0.0358551,-0.0586258,1.19986,4.19183,0.0055791,0.459612,1.22961,4.16442,1.2279,4.16706,668,1997,1.22768,4.16719,0,-176.934,-175.992
74250,-0.0722073,0.0200318,1.00451,-0.0329933,0.0481145,-0.0433587,1.14244,4.11073,0.00620168,0.459567,1.23753,4.15205,1.23338,4.15897,669,1996,1.23319,4.15914,0,-177.005,-176.058
74270,-0.0743114,0.0201542,1.00682,-0.0100918,-0.0663893,0.0177101,1.14678,4.22039,0.00613725,0.460041,1.22461,4.15457,1.22673,4.15911,668,1996,1.22652,4.15925,0,-176.835,-175.905
74290,-0.0735069,0.0212557,1.00408,0.020442,0.0404809,-0.00519073,1.21273,4.18611,0.00611861,0.458774,1.22364,4.14774,1.2261,4.15317,669,2001,1.22588,4.15331,0,-176.596,-175.68
74310,-0.0749303,0.0235201,1.00396,-0.0177259,-0.00532055,0.0558779,1.34204,4.26718,0.00608471,0.459568,1.22848,4.16897,1.22867,4.16433,668,2001,1.22845,4.16446,0,-176.608,-175.693
74330,-0.0735688,0.0215005,1.00579,0.0128088,0.0557482,-0.0509923,1.22462,4.18253,0.00627981,0.461355,1.23436,4.17818,1.23247,4.1704,668,1997,1.23223,4.17055,0,-176.535,-175.619
74352,-0.0716504,0.0211334,1.00591,0.00517464,-0.0434885,-0.00519073,1.20356,4.07338,0.00676499,0.460729,1.23233,4.17377,1.23194,4.16802,668,1997,1.23169,4.16818,0,-176.558,-175.635
74372,-0.0739401,0.0208274,1.0067,0.0738773,-0.150359,-0.134962,1.18521,4.19983,0.00663948,0.459325,1.2218,4.16979,1.2261,4.16518,668,1997,1.22585,4.16533,0,-176.657,-175.737
74392,-0.0730118,0.0204602,1.0053,-0.0940619,-0.00532055,-0.0662594,1.16594,4.15307,0.00691092,0.458471,1.21887,4.17525,1.22417,4.168,668,2001,1.22392,4.16817,0,-176.596,-175.688
74412,-0.0739401,0.0202154,1.00743,0.0662441,-0.0129542,0.0253437,1.14956,4.19685,0.00678541,0.458303,1.2069,4.16832,1.21671,4.16428,668,1996,1.21648,4.16448,0,-176.708,-175.792
74432,-0.0743733,0.0209498,1.00469,-0.0787945,0.0023129,0.0406108,1.19456,4.23275,0.00614082,0.458716,1.21104,4.17075,1.21778,4.1659,668,2001,1.21754,4.1661,0,-176.775,-175.852
74454,-0.075054,0.0235201,1.00451,0.0357094,0.0710154,-0.0433587,1.34131,4.27188,0.006626,0.459556,1.23159,4.16471,1.22913,4.16273,669,1997,1.22886,4.16293,0,-176.775,-175.848
74474,-0.0730737,0.0216841,1.00499,0.0433426,-0.0587556,-0.180763,1.23604,4.15773,0.00669897,0.459923,1.23473,4.17472,1.23156,4.16839,669,1997,1.23128,4.16862,0,-176.705,-175.774
74493,-0.0716504,0.0216841,1.00505,-0.0787945,0.0328474,0.00244284,1.23597,4.07677,0.00634446,0.459114,1.24165,4.17243,1.23615,4.16706,669,1997,1.23586,4.16729,0,-176.489,-175.564
74513,-0.0733832,0.0213781,1.00798,0.0433426,0.0557482,-0.0738931,1.215,4.163,0.0060052,0.459267,1.23709,4.17127,1.23432,4.16663,669,1999,1.23403,4.16684,0,-176.56,-175.64
74533,-0.0744352,0.0225409,1.00408,0.020442,0.0633817,-0.0128243,1.28603,4.23867,0.00661252,0.460153,1.23849,4.17531,1.23593,4.16926,669,1998,1.23561,4.1695,0,-176.639,-175.715
74555,-0.0754253,0.0205826,1.00505,-0.0100918,-0.00532055,-0.127328,1.1732,4.29088,0.00792213,0.460322,1.22177,4.1883,1.22732,4.17717,669,1998,1.22701,4.17741,0,-176.679,-175.761
74575,-0.07295,0.0216841,1.00737,-0.0558939,0.00994658,-0.0509923,1.23313,4.14097,0.00746075,0.460246,1.23558,4.19672,1.2347,4.18325,667,1997,1.2344,4.18352,0,-176.675,-175.75
74595,-0.0732594,0.0200318,1.00445,-0.0100918,0.0404809,0.0177101,1.14251,4.17066,0.00701463,0.460872,1.23311,4.19563,1.23347,4.18433,669,1997,1.23316,4.1846,0,-176.438,-175.531
74615,-0.0744352,0.0212557,1.00426,-0.0177259,0.0328474,-0.0204579,1.21251,4.23802,0.00695019,0.460522,1.23123,4.20384,1.23243,4.19015,669,1997,1.2321,4.19045,0,-176.514,-175.6
74635,-0.0731356,0.0197258,1.00566,0.0433426,0.0633817,-0.0509923,1.1237,4.15864,0.00688576,0.46182,1.22484,4.19989,1.22888,4.19013,669,2000,1.22854,4.19041,0,-176.612,-175.689
74657,-0.0736307,0.020705,1.00658,-0.0100918,-0.0129542,-0.0662594,1.17839,4.18283,0.00602743,0.461286,1.22373,4.1978,1.22746,4.18984,669,1997,1.2271,4.19012,0,-176.712,-175.788
74677,-0.0736926,0.0208886,1.00475,-0.0635271,0.0328474,-0.157863,1.191,4.1939,0.00550497,0.46121,1.2289,4.19412,1.22996,4.18865,669,1997,1.22958,4.18893,0,-176.846,-175.912
74697,-0.0741877,0.0207662,1.00493,0.0509768,0.0252137,-0.0128243,1.1838,4.22122,0.00577641,0.460615,1.22387,4.19727,1.2273,4.19095,669,1997,1.2269,4.19123,0,-176.738,-175.814
74717,-0.0754253,0.0205214,1.00609,-0.0711613,0.10155,0.0177101,1.16851,4.28649,0.00566617,0.461211,1.21794,4.19651,1.22358,4.19167,669,1997,1.22316,4.19193,0,-176.499,-175.595
74737,-0.0704127,0.019787,1.00268,0.00517464,-0.0358551,-0.119695,1.13053,4.01619,0.00578493,0.461364,1.20461,4.19497,1.21535,4.19185,669,1997,1.21492,4.19212,0,-176.699,-175.789
74759,-0.0773438,0.0222961,1.00755,-0.0406265,0.0404809,-0.00519073,1.26769,4.38859,0.0059953,0.46138,1.19397,4.21642,1.20787,4.20453,668,1997,1.20743,4.20481,0,-176.738,-175.832
74779,-0.0722692,0.0192974,1.00457,-0.0177259,0.0481145,0.0100764,1.1005,4.11405,0.00564079,0.46251,1.19032,4.21555,1.20401,4.20634,669,1998,1.20358,4.20661,0,-176.582,-175.694
74799,-0.0738163,0.0224797,1.00548,-0.0787945,0.0175803,-0.0967938,1.28076,4.19773,0.00496566,0.462557,1.18313,4.20378,1.19739,4.20078,668,1998,1.19698,4.20103,0,-176.854,-175.95
74819,-0.073445,0.0218065,1.0084,-0.0329933,0.0328474,-0.119695,1.23882,4.1647,0.00465695,0.462801,1.19705,4.20012,1.20327,4.19949,668,1997,1.20289,4.19974,0,-176.746,-175.84
74839,-0.0738163,0.0227245,1.00426,0.0357094,-0.0511222,0.0482444,1.29627,4.20278,0.0043635,0.462939,1.21432,4.20762,1.21204,4.20413,669,1997,1.21166,4.20434,0,-176.614,-175.711
74861,-0.0727643,0.0218677,1.00609,-0.00245857,0.0404809,0.0406108,1.24515,4.13568,0.00486395,0.46323,1.21658,4.21396,1.21352,4.20883,669,1995,1.21312,4.20901,0,-176.516,-175.623
74881,-0.0763536,0.0226021,1.0008,0.0662441,0.0175803,0.0635116,1.29376,4.3617,0.00437203,0.463337,1.22606,4.23065,1.21896,4.21957,668,1998,1.21858,4.21973,0,-176.478,-175.581
74901,-0.0725786,0.0218677,1.00524,-0.0558939,0.0252137,0.0482444,1.2462,4.12864,0.00374271,0.464895,1.22567,4.23273,1.21921,4.22344,668,1997,1.21883,4.22357,0,-176.833,-175.91
74921,-0.07295,0.0226021,1.00743,0.0509768,0.0252137,0.0100764,1.28524,4.14064,0.0036172,0.465872,1.21909,4.23091,1.21596,4.22469,669,1997,1.21557,4.2248,0,-176.962,-176.034
74941,-0.073445,0.0221737,1.00445,-0.0406265,0.0481145,-0.119695,1.26463,4.181,0.00356803,0.465369,1.21896,4.22875,1.2161,4.22449,669,1997,1.2157,4.22458,0,-176.796,-175.876
74963,-0.0730737,0.0202766,1.00384,0.0509768,-0.0129542,0.0406108,1.15716,4.16262,0.00438909,0.465751,1.21667,4.21511,1.21539,4.21796,668,1997,1.215,4.21804,0,-176.772,-175.853
74983,-0.0738782,0.0221125,1.00512,-0.0177259,-0.00532055,-0.00519073,1.2603,4.20279,0.004859,0.466454,1.2182,4.21051,1.21646,4.21587,668,1997,1.21608,4.21593,0,-176.807,-175.886
75003,-0.0736926,0.0209498,1.00524,-0.0100918,-0.00532055,-0.0128243,1.19391,4.19187,0.00583272,0.466271,1.22412,4.20903,1.22051,4.21485,668,1997,1.22014,4.2149,0,-176.708,-175.796
75023,-0.0730118,0.0216229,1.00536,-0.0406265,-0.0740228,-0.00519073,1.23211,4.15272,0.00479118,0.465462,1.21665,4.20029,1.21621,4.20933,668,1995,1.21583,4.20937,0,-176.545,-175.647
75043,-0.0753016,0.0205826,1.00414,0.0433426,-0.0282214,-0.0357251,1.17427,4.28774,0.00480308,0.465493,1.2174,4.20025,1.21663,4.20859,669,1997,1.21625,4.20863,0,-176.306,-175.423
75065,-0.0728881,0.0237036,1.00682,0.0815105,-0.00532055,-0.0662594,1.34867,4.13952,0.00510506,0.465372,1.21122,4.1963,1.213,4.20556,668,1997,1.21265,4.20558,0,-176.371,-175.491
75085,-0.0732594,0.019787,1.00676,0.0815105,-0.0129542,-0.0662594,1.12596,4.16114,0.00603298,0.465861,1.21452,4.19354,1.21515,4.20342,668,1997,1.21482,4.20343,0,-176.641,-175.74
75105,-0.0717741,0.0198482,1.0053,-0.0329933,-0.0282214,0.0100764,1.13108,4.08296,0.00596854,0.466365,1.20116,4.18609,1.20723,4.19849,668,1994,1.20692,4.19846,0,-176.641,-175.74
75125,-0.0733832,0.0223573,1.00475,0.0433426,-0.0511222,-0.0891602,1.27471,4.17622,0.00653006,0.466869,1.19397,4.18194,1.20224,4.1949,668,1997,1.20192,4.19486,0,-176.57,-175.679
75145,-0.0751778,0.0221125,1.00451,-0.0406265,0.0481145,-0.0357251,1.26107,4.27903,0.00658776,0.46861,1.20788,4.17826,1.20902,4.19183,668,1997,1.20872,4.1918,0,-176.478,-175.596
75167,-0.0710315,0.0222961,1.00773,0.0128088,-0.119824,-0.0128243,1.26746,4.03093,0.0077905,0.466595,1.20733,4.18037,1.20875,4.19083,669,1996,1.20847,4.19081,0,-176.58,-175.695
75187,-0.0727643,0.0218677,0.999517,0.05861,-0.241962,0.0635116,1.25333,4.16276,0.00748179,0.466092,1.20623,4.1738,1.20763,4.18508,668,1996,1.20736,4.18502,0,-176.75,-175.852
75207,-0.0754253,0.0219901,1.00718,0.0357094,0.109183,-0.0891602,1.25075,4.28172,0.00764635,0.46507,1.20849,4.17274,1.20851,4.18231,668,1997,1.20827,4.18224,0,-176.71,-175.811
75227,-0.0716504,0.0205826,1.00025,-0.0635271,0.0939159,-0.0509923,1.17884,4.09639,0.00831474,0.463009,1.22306,4.15988,1.21701,4.17289,668,1997,1.2168,4.17283,0,-176.772,-175.855
75247,-0.0723311,0.0216841,1.00919,0.0128088,-0.0816565,0.0329772,1.2309,4.09856,0.00840297,0.463513,1.22048,4.16834,1.21603,4.1762,668,1996,1.21583,4.17614,0,-176.71,-175.8
75269,-0.072393,0.0205214,1.00609,-0.0100918,-0.119824,0.0100764,1.16851,4.11476,0.00778892,0.46443,1.20712,4.15968,1.20854,4.17019,669,1997,1.20833,4.17016,0,-176.434,-175.55
75289,-0.0744971,0.0186243,1.00171,0.020442,0.116817,-0.0204579,1.06515,4.25253,0.00764815,0.463957,1.19771,4.15334,1.20281,4.16444,669,1997,1.20262,4.16442,0,-176.426,-175.545
75309,-0.0738163,0.0208274,1.00128,-0.0177259,0.0786488,-0.0662594,1.19162,4.21541,0.0074005,0.464278,1.20563,4.16443,1.20636,4.16931,668,1997,1.2062,4.16931,0,-176.405,-175.522
75329,-0.0738782,0.0220513,1.00591,0.020442,-0.0358551,-0.0204579,1.25583,4.19951,0.00805362,0.463439,1.21046,4.17272,1.20906,4.17287,668,1996,1.20892,4.17289,0,-176.48,-175.589
75349,-0.0747446,0.0215617,1.00548,-0.00245857,-0.0892901,0.0177101,1.22847,4.25041,0.00846246,0.462401,1.21749,4.1715,1.21323,4.17124,668,1994,1.21313,4.17129,0,-176.509,-175.612
75371,-0.0764774,0.0198482,1.00505,-0.0864277,0.0328474,-0.0433587,1.13135,4.35056,0.00881024,0.461424,1.22186,4.17753,1.21634,4.17381,669,1997,1.21627,4.17383,0,-176.43,-175.534
75391,-0.0742495,0.0178899,1.00384,-0.0253592,0.223687,0.0253437,1.02099,4.22955,0.00682213,0.463944,1.19915,4.18271,1.20292,4.17787,669,1997,1.20285,4.17788,0,-176.695,-175.791
75411,-0.0722073,0.0234589,1.00621,0.0509768,-0.0282214,-0.0357251,1.33555,4.10349,0.00646762,0.46628,1.20925,4.17774,1.20761,4.17632,669,1997,1.20757,4.17632,0,-176.83,-175.915
75430,-0.0753016,0.0205826,1.00274,-0.0558939,0.116817,-0.00519073,1.1759,4.2937,0.00646424,0.467548,1.20775,4.17931,1.20676,4.17723,669,1997,1.20673,4.17725,0,-176.732,-175.823
75450,-0.0748065,0.019787,1.00353,-0.0864277,0.0557482,-0.0586258,1.12957,4.2623,0.00525477,0.468999,1.20628,4.18615,1.20537,4.18167,669,1997,1.20534,4.18168,0,-176.6,-175.697
75472,-0.0749922,0.019175,1.00676,0.0357094,0.10155,0.0253437,1.09114,4.25925,0.0050682,0.470831,1.19964,4.19491,1.2015,4.1877,669,1997,1.20149,4.18773,0,-176.691,-175.788
75492,-0.0738163,0.0211334,1.00469,-0.0406265,0.0175803,0.0406108,1.20502,4.20115,0.00475948,0.471717,1.19845,4.20738,1.20016,4.19594,669,1997,1.20017,4.19598,0,-176.796,-175.892
75512,-0.0732594,0.0221125,1.00359,-0.0177259,0.0023129,-0.0509923,1.26221,4.17401,0.0046645,0.471336,1.20319,4.1996,1.20232,4.19255,669,2001,1.20233,4.19259,0,-176.736,-175.836
75532,-0.0719598,0.0206438,1.00177,0.05861,-0.0358551,-0.00519073,1.18055,4.10779,0.00417259,0.470848,1.20179,4.19104,1.20106,4.18819,669,1997,1.2011,4.18825,0,-176.736,-175.84
75552,-0.0752397,0.0192362,1.00536,0.0662441,0.0633817,0.0253437,1.09615,4.27918,0.0045967,0.471291,1.18925,4.18725,1.19377,4.18627,669,2001,1.19382,4.18633,0,-176.683,-175.804
75574,-0.0748684,0.0197258,1.00439,0.0433426,-0.0205877,0.0253437,1.12513,4.26221,0.00379944,0.470681,1.18204,4.20361,1.18827,4.1955,669,1998,1.18833,4.19557,0,-176.576,-175.708
75594,-0.0744352,0.0199706,1.00238,-0.0406265,-0.0434885,0.00244284,1.14137,4.24607,0.00434569,0.470758,1.18105,4.19724,1.18659,4.19279,669,1997,1.18665,4.19288,0,-176.639,-175.768
75614,-0.0744971,0.0208886,1.0025,-0.00245857,-0.0587556,-0.0280915,1.19367,4.249,0.00402171,0.470086,1.19267,4.18576,1.19206,4.18619,669,1997,1.19216,4.18628,0,-176.904,-175.999
75634,-0.0712172,0.0211946,1.00645,-0.0329933,0.00994658,0.0940459,1.20639,4.04664,0.00433894,0.469384,1.18942,4.17069,1.18988,4.17705,667,1997,1.18999,4.17717,0,-176.871,-175.962
75654,-0.0743733,0.0192362,1.00536,0.0128088,0.0328474,-0.241832,1.09615,4.23008,0.0042745,0.470316,1.16938,4.17702,1.17762,4.17995,669,1998,1.17774,4.18006,0,-176.604,-175.736
75676,-0.0739401,0.0220513,1.0025,0.0509768,0.00994658,-0.0357251,1.26009,4.21724,0.00410319,0.470851,1.16996,4.18301,1.17608,4.18287,667,1997,1.17621,4.18298,0,-176.457,-175.599
75696,-0.0730737,0.0222961,1.00664,-0.0100918,-0.0587556,-0.0586258,1.26884,4.15091,0.00408456,0.468424,1.17666,4.17844,1.17846,4.17901,668,1997,1.17861,4.17913,0,-176.39,-175.525
75716,-0.0733213,0.0221125,1.00609,0.0280762,-0.0816565,-0.00519073,1.25908,4.1672,0.00519569,0.465509,1.18035,4.17327,1.18011,4.17449,669,1998,1.18027,4.17462,0,-176.438,-175.574
75736,-0.074002,0.0219901,1.00792,-0.0177259,0.00994658,0.0406108,1.24985,4.19818,0.00407782,0.465326,1.19459,4.17403,1.18717,4.17435,667,1997,1.18736,4.17448,0,-176.663,-175.776
75756,-0.0726405,0.020399,1.00481,-0.0177259,0.132084,-0.0280915,1.16302,4.13402,0.00361643,0.467448,1.19451,4.16862,1.18731,4.17169,669,1997,1.18751,4.17184,0,-176.697,-175.807
75778,-0.0738163,0.020399,1.00341,-0.0100918,0.132084,-0.0509923,1.16464,4.20654,0.00312451,0.470869,1.19398,4.17292,1.18712,4.17483,668,1997,1.18736,4.17497,0,-176.746,-175.858
75798,-0.0725168,0.0216229,1.00493,-0.0100918,-0.0129542,0.0787787,1.23263,4.1264,0.00307534,0.472243,1.20338,4.18626,1.19269,4.18269,669,1997,1.19294,4.18283,0,-176.675,-175.786
75818,-0.0756729,0.020093,1.00335,0.00517464,-0.150359,-0.0128243,1.14725,4.31223,0.00342311,0.470564,1.20429,4.18772,1.19426,4.1828,668,1997,1.19452,4.18295,0,-176.604,-175.72
75838,-0.0739401,0.0228469,1.00426,0.0280762,-0.0205877,-0.0509923,1.30325,4.20979,0.00303807,0.470076,1.20578,4.19714,1.19558,4.18841,668,1996,1.19587,4.18857,0,-176.772,-175.869
75858,-0.0751778,0.0210722,1.00505,0.05861,0.0175803,0.00244284,1.2011,4.2768,0.00407286,0.470428,1.19714,4.19719,1.19189,4.18938,668,1997,1.1922,4.18955,0,-176.841,-175.935
75880,-0.0730118,0.0225409,1.00268,0.0280762,-0.0663893,-0.0204579,1.28783,4.16368,0.00504659,0.469054,1.1948,4.19024,1.19101,4.18564,669,1997,1.19131,4.18582,0,-176.681,-175.792
75900,-0.0748065,0.0216841,1.00627,0.0128088,0.0633817,-0.112061,1.23447,4.25058,0.00611193,0.468887,1.20554,4.19384,1.1978,4.18803,668,1997,1.1981,4.18822,0,-176.628,-175.737
75920,-0.0744352,0.0223573,1.0053,0.05861,-0.0282214,-0.0357251,1.27402,4.23357,0.00639863,0.468887,1.20631,4.19918,1.19892,4.19176,668,1998,1.1992,4.19195,0,-176.835,-175.939
75940,-0.0724549,0.0195422,1.00274,0.00517464,-0.0282214,-0.00519073,1.11648,4.13204,0.00721969,0.468155,1.20013,4.197,1.19644,4.19109,669,1999,1.19672,4.19127,0,-176.85,-175.954
75960,-0.0710934,0.0221737,1.00006,0.00517464,0.0328474,-0.00519073,1.27017,4.06525,0.00762853,0.467316,1.20575,4.19038,1.20006,4.18748,669,1999,1.20035,4.18766,0,-176.598,-175.705
75982,-0.0749303,0.0214393,1.00658,0.05861,-0.0511222,-0.0815266,1.22017,4.25633,0.00744196,0.467163,1.20732,4.2018,1.20139,4.19436,668,1997,1.20171,4.1945,0,-176.525,-175.639
76002,-0.0735688,0.0215005,1.00359,0.0815105,-0.0892901,-0.0204579,1.22729,4.19163,0.00893477,0.466645,1.20498,4.20651,1.2011,4.19801,668,1997,1.20141,4.19816,0,-176.667,-175.777
76022,-0.0726405,0.0222349,1.00542,0.112045,0.0252137,-0.0509923,1.26689,4.13137,0.0107024,0.465164,1.20469,4.20445,1.20195,4.19744,668,2001,1.20228,4.19759,0,-176.742,-175.844
76042,-0.083656,0.0226633,1.01558,-0.361238,2.71224,-0.203664,1.27837,4.7078,0.00735551,0.4966,1.22917,4.18972,1.21479,4.2025,668,2000,1.21514,4.20262,0,-176.718,-175.81
76062,-0.0769725,0.0222961,1.00396,0.0433426,-0.119824,-0.0662594,1.27223,4.38315,0.00723,0.501471,1.22678,4.22325,1.21506,4.2227,668,1997,1.21542,4.22282,0,-176.815,-175.9
76084,-0.07722,0.0205826,1.01011,0.0280762,-0.0587556,-0.0509923,1.16733,4.37071,0.00704343,0.50367,1.20624,4.24823,1.20452,4.23788,669,2001,1.20486,4.238,0,-176.848,-175.947
76104,-0.0773438,0.0208274,1.00487,0.0891447,-0.150359,-0.0280915,1.18736,4.40037,0.00798663,0.506525,1.20216,4.25016,1.20262,4.24117,668,1996,1.20296,4.24126,0,-176.854,-175.953
76124,-0.0753016,0.0226021,1.00767,-0.0329933,0.170252,-0.0815266,1.28493,4.2726,0.00902143,0.506327,1.2125,4.23437,1.20879,4.23314,668,1996,1.20912,4.23322,0,-176.885,-175.969
76144,-0.0721455,0.0208886,1.00098,-0.0100918,-0.180893,-0.0738931,1.19548,4.12157,0.00865164,0.505793,1.22107,4.23514,1.21422,4.23372,668,1997,1.21455,4.23381,0,-176.889,-175.971
76164,-0.0735688,0.0207662,1.00445,-0.124596,0.475595,-0.0509923,1.18438,4.18815,0.00802232,0.507946,1.215,4.22115,1.21121,4.22685,668,2001,1.21151,4.22691,0,-176.996,-176.083
76186,-0.0781483,0.0223573,1.00566,0.00517464,0.0786488,0.0177101,1.27356,4.44233,0.00876704,0.509992,1.21137,4.22674,1.20992,4.2302,669,1997,1.21022,4.23024,0,-177.148,-176.217
76206,-0.0749922,0.0214393,1.0084,-0.0253592,0.300023,-0.0128243,1.21797,4.25215,0.00876367,0.509535,1.21604,4.23949,1.21293,4.23725,668,1997,1.21321,4.2373,0,-176.679,-175.78
76226,-0.0735688,0.0214393,1.00274,0.0128088,0.0404809,-0.0662594,1.22484,4.19518,0.00879083,0.510268,1.21893,4.23234,1.21517,4.23391,668,1997,1.21541,4.23394,0,-176.748,-175.839
76246,-0.0743114,0.0207662,1.00487,-0.0787945,-0.0740228,-0.00519073,1.18388,4.22849,0.00939815,0.510223,1.21828,4.23755,1.21567,4.2368,668,1996,1.2159,4.23682,0,-176.761,-175.856
76266,-0.0746827,0.0192362,1.00658,0.0509768,-0.119824,0.0406108,1.09482,4.2425,0.00934898,0.509017,1.21299,4.22524,1.21318,4.22936,668,1997,1.21342,4.22936,0,-176.8,-175.9
76288,-0.0739401,0.0189914,1.00542,-0.00245857,0.0481145,-0.0509923,1.08213,4.2053,0.01017,0.509201,1.2,4.22016,1.20623,4.2261,669,1997,1.20644,4.22607,0,-177.158,-176.236
76308,-0.075611,0.0213169,1.00305,-0.0177259,0.0023129,-0.0433587,1.21748,4.30991,0.00963232,0.509583,1.19582,4.23496,1.20283,4.234,668,1996,1.20301,4.23396,0,-177.031,-176.118
76328,-0.0728881,0.0202154,1.00268,-0.116962,0.12445,-0.0433587,1.155,4.15686,0.00915567,0.511033,1.19464,4.23306,1.20113,4.2338,669,1997,1.20128,4.23373,0,-176.866,-175.965
76348,-0.0738782,0.0231529,1.00609,0.0128088,0.10155,-0.0280915,1.3183,4.19864,0.00841947,0.511064,1.20566,4.22623,1.20619,4.22987,669,1997,1.20634,4.22979,0,-176.892,-175.982
76368,-0.0731356,0.0237648,1.00219,-0.13223,-0.00532055,-0.0204579,1.35839,4.17262,0.00820236,0.511905,1.21584,4.22078,1.21186,4.22677,669,1997,1.21197,4.22669,0,-176.957,-176.038
76389,-0.074002,0.0216841,1.00627,0.134946,0.0633817,-0.0891602,1.23447,4.20503,0.00743563,0.511936,1.2173,4.22915,1.21304,4.23115,669,1998,1.21318,4.23108,0,-176.922,-176.005
76409,-0.0741258,0.0190526,1.00426,-0.0787945,-0.0892901,-0.0280915,1.08687,4.22065,0.00859257,0.513295,1.22139,4.24185,1.21666,4.23883,669,1998,1.21679,4.23876,0,-176.714,-175.804
76429,-0.0760442,0.0233365,1.00396,0.00517464,0.0175803,-0.104427,1.33157,4.33039,0.00840599,0.513891,1.23462,4.23972,1.22479,4.23807,669,1997,1.22491,4.238,0,-176.785,-175.867
76449,-0.0751778,0.0226021,1.00518,-0.124596,0.0404809,-0.0357251,1.28812,4.27615,0.00702858,0.512456,1.24093,4.2406,1.22916,4.23841,669,1997,1.22929,4.23834,0,-176.826,-175.904
76469,-0.0768487,0.0223573,1.00524,-0.0100918,0.00994658,-0.127328,1.27409,4.37058,0.0056359,0.51638,1.23515,4.25336,1.2269,4.24752,667,1997,1.22702,4.24742,0,-176.722,-175.803
76491,-0.0783339,0.0215617,1.00414,-0.162764,0.0481145,-0.0662594,1.23011,4.45963,0.00425848,0.517007,1.21847,4.27142,1.21804,4.25892,669,1997,1.21814,4.25881,0,-176.777,-175.86
76511,-0.0748065,0.0223573,1.00347,-0.0329933,0.0023129,-0.119695,1.27633,4.26232,0.00376656,0.516946,1.22498,4.27373,1.22189,4.26212,669,1993,1.22199,4.26199,0,-176.71,-175.797
76531,-0.074559,0.0214393,1.00652,0.020442,-0.0358551,-0.0204579,1.22025,4.23557,0.00309143,0.516259,1.20382,4.2664,1.20994,4.25928,669,1997,1.21001,4.25914,0,-176.882,-175.967
76551,-0.0738163,0.0192362,1.00463,-0.0253592,-0.0358551,0.0329772,1.09694,4.20156,0.00322547,0.516245,1.19489,4.26151,1.20433,4.25766,669,1998,1.2044,4.25752,0,-177.087,-176.16
76571,-0.0743733,0.021011,1.00323,-0.0177259,-0.0434885,-0.0204579,1.19979,4.23888,0.00360378,0.515375,1.19669,4.24734,1.20455,4.24983,669,1997,1.20461,4.24969,0,-176.824,-175.919
76593,-0.0722073,0.0211946,1.00317,0.00517464,-0.00532055,0.0482444,1.21034,4.11609,0.00245537,0.515375,1.19678,4.23676,1.20324,4.2438,669,1997,1.20331,4.24363,0,-176.791,-175.894
76613,-0.0738782,0.0211334,1.00116,-0.0558939,-0.0129542,-0.0280915,1.20927,4.21942,0.00181078,0.515498,1.20173,4.23255,1.2052,4.24063,668,1997,1.20525,4.24048,0,-176.863,-175.959
76633,-0.0727024,0.0198482,1.00439,0.00517464,-0.0511222,-0.0357251,1.13211,4.13933,0.00283031,0.514384,1.19203,4.22823,1.19972,4.2369,669,1997,1.19975,4.23673,0,-176.634,-175.758
76653,-0.0743114,0.0202154,1.00621,0.0509768,-0.0587556,0.0558779,1.15095,4.22293,0.00307121,0.514521,1.18607,4.22508,1.19547,4.23421,668,1997,1.19548,4.23404,0,-176.689,-175.815
76673,-0.0733832,0.0205826,1.00487,-0.0635271,0.0328474,0.0177101,1.17341,4.17587,0.0027167,0.514476,1.18578,4.22157,1.19399,4.231,668,2000,1.19401,4.23079,0,-176.906,-176.009
76695,-0.0759823,0.0209498,1.00512,-0.0329933,-0.0129542,-0.0204579,1.19405,4.32215,0.0018889,0.514049,1.18105,4.22962,1.18982,4.23421,668,1997,1.18982,4.23401,0,-176.91,-176.017
76715,-0.0747446,0.0205826,1.00414,-0.0711613,0.0023129,0.0253437,1.17427,4.25614,0.000526752,0.514019,1.19697,4.23254,1.19735,4.23523,668,1997,1.19735,4.23501,0,-176.785,-175.903
76735,-0.075611,0.0224797,1.00335,0.0280762,-0.0511222,-0.00519073,1.28348,4.3085,0.000523384,0.513622,1.19694,4.24482,1.19715,4.24175,669,1997,1.19714,4.24152,0,-176.775,-175.892
76755,-0.0762298,0.0220513,1.00621,-0.0406265,0.0404809,-0.0204579,1.25545,4.33138,0.000138336,0.513332,1.2019,4.24547,1.19973,4.24252,668,1997,1.19972,4.2423,0,-176.874,-175.973
76775,-0.0757967,0.0221125,1.0039,0.0815105,-0.0282214,-0.0662594,1.26183,4.31673,0.000806721,0.513638,1.20843,4.25273,1.2041,4.24734,668,1997,1.20408,4.24715,0,-176.882,-175.98
76797,-0.0731975,0.0213781,1.00219,-0.0482597,-0.0434885,-0.0509923,1.22201,4.17636,0.000391138,0.513013,1.2188,4.24644,1.21045,4.24418,668,1995,1.21041,4.24398,0,-176.843,-175.934
76817,-0.0761061,0.0207662,1.00457,0.0509768,0.116817,-0.0357251,1.18423,4.33153,-0.000116049,0.514479,1.2207,4.24624,1.21261,4.24496,669,1997,1.21256,4.24477,0,-176.952,-176.031
76837,-0.0744352,0.0190526,1.00092,-0.0558939,-0.0205877,-0.0815266,1.0905,4.25232,-0.0004553,0.514952,1.21268,4.2565,1.20902,4.25148,669,1998,1.20895,4.25127,0,-176.963,-176.049
76857,-0.0738782,0.0208886,1.00329,-0.0100918,-0.0205877,-0.0891602,1.19273,4.21052,-0.000244925,0.515396,1.1922,4.24433,1.19775,4.24539,668,1997,1.19771,4.24518,0,-177.045,-176.133
76877,-0.0727024,0.020399,1.00554,0.0815105,-0.0587556,0.0787787,1.16217,4.13454,-0.000294094,0.514831,1.18252,4.23463,1.1914,4.2396,668,1997,1.19133,4.2394,0,-176.987,-176.091
76899,-0.0751159,0.0214393,1.00493,-0.0406265,0.0252137,0.0329772,1.22217,4.27378,-0.000404331,0.515335,1.1788,4.23762,1.18803,4.24091,668,1997,1.18796,4.24069,0,-176.826,-175.943
76919,-0.0743733,0.0209498,1.00767,-0.0558939,0.147351,0.0864123,1.19102,4.22027,-0.00132373,0.516664,1.19312,4.22383,1.19461,4.23299,668,1997,1.19455,4.23276,0,-176.947,-176.039
76939,-0.070784,0.0201542,1.00195,-0.0482597,0.0710154,-0.0738931,1.15235,4.0402,-0.00247214,0.517199,1.18987,4.20395,1.19202,4.22067,669,1996,1.19196,4.22045,0,-176.792,-175.901
76959,-0.0744971,0.0208886,1.0039,0.0509768,0.0633817,0.0406108,1.19201,4.2431,-0.00388009,0.517505,1.19031,4.18347,1.19141,4.20628,669,1996,1.19136,4.20604,0,-176.796,-175.906
76979,-0.0768487,0.0215617,1.00426,-0.0940619,0.0175803,-0.0586258,1.22996,4.37488,-0.00403613,0.517215,1.188,4.19559,1.18968,4.20992,668,2001,1.18964,4.20967,0,-176.984,-176.081
77001,-0.0770344,0.021011,1.00487,-0.0406265,-0.0129542,0.0558779,1.19783,4.38281,-0.00425324,0.517734,1.18809,4.22454,1.18932,4.2247,668,1996,1.18929,4.22448,0,-176.952,-176.053
77021,-0.076168,0.0216841,1.00597,0.0891447,0.0862825,-0.0433587,1.23485,4.32895,-0.00297417,0.518788,1.19525,4.24757,1.19367,4.23834,669,2000,1.19364,4.23814,0,-176.761,-175.875
77041,-0.07722,0.0211334,1.00572,0.0433426,0.0939159,0.00244284,1.20378,4.38962,-0.00247372,0.519934,1.20361,4.2739,1.19889,4.25511,668,1996,1.19885,4.25491,0,-176.826,-175.933
77061,-0.0735688,0.0230305,1.00609,0.0280762,-0.00532055,-0.112061,1.31133,4.18113,-0.00148472,0.520011,1.19638,4.2704,1.19537,4.25559,669,1997,1.19536,4.25541,0,-176.987,-176.081
77081,-0.0741877,0.0211334,1.00493,0.0738773,-0.00532055,0.0177101,1.20473,4.22118,-0.00125909,0.520454,1.1931,4.27185,1.19365,4.25852,668,2001,1.19366,4.25833,0,-177.022,-176.117
77103,-0.0744352,0.0197258,1.00676,0.00517464,0.0023129,-0.104427,1.12247,4.22769,-0.00114032,0.520989,1.19293,4.27249,1.19361,4.26095,668,1996,1.1936,4.26078,0,-176.931,-176.031
77123,-0.0736307,0.0228469,1.00633,-0.0100918,-0.0892901,-0.104427,1.30057,4.18365,-0.000380333,0.520195,1.20254,4.26818,1.19907,4.25996,668,2001,1.19907,4.25976,0,-176.859,-175.951
77143,-0.0759204,0.0192362,1.00499,0.020442,0.0633817,-0.0357251,1.09654,4.31931,-0.00107072,0.520104,1.20601,4.27609,1.20135,4.2656,668,1999,1.20134,4.26539,0,-176.948,-176.036
77163,-0.0738163,0.0210722,1.00372,-0.0100918,0.0404809,-0.0509923,1.2027,4.20521,-0.00188326,0.521066,1.19478,4.27202,1.1949,4.26548,668,1997,1.19491,4.26528,0,-176.75,-175.863
77183,-0.0727024,0.0225409,1.00366,0.00517464,0.00994658,-0.0815266,1.28658,4.14209,-0.00200876,0.520761,1.20723,4.26799,1.20196,4.26436,666,1997,1.20194,4.26415,0,-176.883,-175.976
77205,-0.0754872,0.0215617,1.00469,-0.0711613,-0.00532055,-0.0815266,1.22944,4.29585,-0.00228694,0.520579,1.19876,4.26993,1.19748,4.26612,668,1996,1.19746,4.26593,0,-176.948,-176.042
77225,-0.0749303,0.0223573,1.00293,-0.0177259,0.0404809,-0.0509923,1.27703,4.27167,-0.00314527,0.520961,1.1958,4.26877,1.19535,4.2665,669,2001,1.19531,4.26628,0,-176.757,-175.877
77245,-0.0738163,0.0231529,1.00658,-0.0787945,0.0557482,0.0711452,1.31766,4.19312,-0.00385093,0.521145,1.20435,4.25176,1.19986,4.25744,669,2001,1.19983,4.25719,0,-176.661,-175.782
77265,-0.0739401,0.021011,1.00767,-0.0787945,-0.0511222,0.0100764,1.1945,4.19577,-0.00495354,0.521069,1.2098,4.24546,1.20331,4.25341,669,1997,1.20329,4.25318,0,-176.624,-175.74
77285,-0.075054,0.0222961,1.00293,-0.0329933,-0.0434885,-0.0128243,1.27354,4.27871,-0.00529279,0.520672,1.21818,4.24539,1.20885,4.25231,669,1997,1.20884,4.25207,0,-176.598,-175.713
77307,-0.0740639,0.0229081,1.00579,0.0967779,-0.142725,0.116947,1.30476,4.21045,-0.00483814,0.520566,1.20757,4.23961,1.20409,4.24854,669,1997,1.20407,4.24831,0,-176.579,-175.702
77326,-0.0735069,0.020705,1.00426,0.0128088,-0.0434885,-0.00519073,1.1811,4.1854,-0.00461251,0.520215,1.21052,4.22979,1.20648,4.24176,669,1997,1.20646,4.24153,0,-176.522,-175.638
77346,-0.0746208,0.020705,1.0084,-0.0253592,0.116817,-0.0204579,1.17626,4.23123,-0.0034403,0.520857,1.20133,4.22677,1.20224,4.23883,669,1997,1.20221,4.2386,0,-176.744,-175.844
77366,-0.0723311,0.0234589,1.00652,0.134946,-0.0587556,0.101679,1.33515,4.10926,-0.00251237,0.521453,1.20988,4.21964,1.20756,4.23353,669,1997,1.20752,4.2333,0,-176.954,-176.039
77386,-0.0723311,0.020093,1.00207,-0.116962,0.0481145,-0.0662594,1.14871,4.12771,-0.00246994,0.522201,1.2094,4.21042,1.2079,4.22668,669,1997,1.20782,4.22642,0,-176.783,-175.88
77408,-0.0730118,0.0216841,1.00408,0.0128088,0.0175803,0.0329772,1.23717,4.15798,-0.00348095,0.522873,1.21136,4.21071,1.20889,4.22489,669,1997,1.2088,4.22466,0,-176.677,-175.782
77428,-0.0747446,0.0214393,1.00572,-0.0253592,-0.00532055,0.00244284,1.22121,4.2494,-0.00414081,0.522599,1.21769,4.21014,1.2129,4.22218,669,1997,1.21281,4.22196,0,-176.553,-175.666
77448,-0.0749303,0.0223573,1.00226,-0.0177259,-0.0740228,-0.0204579,1.27788,4.27451,-0.00457166,0.522706,1.22466,4.21093,1.21756,4.22063,669,1997,1.21745,4.22042,0,-176.532,-175.642
77468,-0.0738782,0.0213781,1.00414,0.020442,0.0557482,0.0177101,1.21964,4.20692,-0.0046819,0.52347,1.23853,4.2111,1.22684,4.21932,669,1998,1.22671,4.21912,0,-176.757,-175.841
77488,-0.0722073,0.0217453,1.00335,-0.0100918,-0.0129542,-0.0586258,1.24156,4.1153,-0.00492954,0.522707,1.23459,4.21379,1.22628,4.21929,669,1997,1.22615,4.21906,0,-176.708,-175.79
77510,-0.0742495,0.0214393,1.00378,0.020442,-0.226695,-0.0433587,1.22358,4.22951,-0.00507031,0.5237,1.23007,4.22871,1.22516,4.22724,669,1997,1.22503,4.22704,0,-176.846,-175.913
77530,-0.075054,0.0221737,1.00609,-0.0329933,0.154985,-0.0891602,1.26257,4.26532,-0.00556223,0.522311,1.21974,4.22496,1.21999,4.22402,669,2001,1.21986,4.22384,0,-176.922,-175.992
77550,-0.0748684,0.0204602,1.00445,0.020442,0.0939159,0.0635116,1.16693,4.26189,-0.00579461,0.523991,1.21905,4.22389,1.22006,4.22361,668,1997,1.21994,4.22345,0,-176.985,-176.051
77570,-0.0731975,0.0216229,1.00524,0.0128088,0.0939159,-0.104427,1.23226,4.16375,-0.00538576,0.525854,1.20758,4.2298,1.21392,4.22733,668,1997,1.21379,4.22718,0,-176.985,-176.057
77590,-0.07295,0.0197258,1.00725,0.0662441,-0.0740228,-0.0509923,1.12193,4.14163,-0.00474791,0.527244,1.19626,4.2238,1.2074,4.22415,668,1997,1.20724,4.22401,0,-177.024,-176.103
77612,-0.0738782,0.0192362,1.00524,-0.0406265,0.116817,-0.0891602,1.09628,4.20253,-0.0052551,0.529229,1.19287,4.2153,1.20419,4.21937,668,1997,1.20401,4.21923,0,-176.866,-175.967
77632,-0.0747446,0.021011,1.00353,0.0662441,0.0328474,-0.150229,1.19943,4.25868,-0.00539587,0.531916,1.1857,4.23417,1.19886,4.23028,669,1998,1.19867,4.23017,0,-176.828,-175.935
77652,-0.0731356,0.0207662,1.00213,0.0280762,0.0481145,-0.0204579,1.18711,4.17315,-0.00538397,0.531947,1.19237,4.23352,1.20123,4.22985,669,1997,1.20105,4.22974,0,-176.724,-175.833
77672,-0.0743114,0.0195422,1.00207,-0.139863,0.0175803,-0.119695,1.11723,4.24036,-0.00583009,0.531306,1.18039,4.23027,1.19324,4.22756,668,1997,1.19305,4.22746,0,-176.748,-175.857
77692,-0.0720836,0.0204602,1.00451,-0.0100918,-0.0434885,-0.0967938,1.16686,4.10367,-0.0071159,0.530742,1.18126,4.22965,1.19171,4.22683,669,1997,1.1915,4.22674,0,-176.844,-175.948
77714,-0.0731975,0.0221125,1.00128,0.0815105,-0.409901,0.0100764,1.26513,4.18008,-0.0061269,0.526651,1.18824,4.23107,1.19482,4.22583,668,1997,1.19462,4.22576,0,-176.759,-175.873
77734,-0.0757967,0.0206438,1.00305,-0.0329933,0.0023129,0.0787787,1.17904,4.32051,-0.00564172,0.523842,1.20151,4.21803,1.20211,4.21706,668,1997,1.20188,4.21702,0,-176.757,-175.857
77754,-0.0759204,0.0221737,1.00323,0.119678,0.0175803,-0.0357251,1.26616,4.32662,-0.00512601,0.52485,1.21093,4.22541,1.20767,4.2213,669,1998,1.20743,4.22128,0,-176.891,-175.975
77774,-0.0724549,0.0213169,1.00542,0.020442,0.10155,-0.0662594,1.2146,4.12093,-0.00508358,0.527492,1.21508,4.2216,1.21058,4.22019,668,1997,1.21037,4.22019,0,-176.933,-176.02
77794,-0.0730737,0.0216229,1.00402,0.00517464,0.0481145,0.109313,1.23375,4.16175,-0.00533122,0.530011,1.20608,4.21217,1.20579,4.21537,669,1998,1.2056,4.21539,0,-176.891,-175.988
77816,-0.074559,0.0214393,1.00372,0.00517464,0.12445,0.0177101,1.22365,4.24733,-0.00466284,0.53221,1.2098,4.22342,1.20828,4.22176,668,1997,1.20809,4.22178,0,-176.919,-176.006
77836,-0.0731356,0.020093,1.00165,0.0662441,0.300023,-0.0280915,1.1492,4.17522,-0.0046204,0.534577,1.20867,4.22505,1.20813,4.22339,668,1997,1.20793,4.22341,0,-176.887,-175.973
77856,-0.0733213,0.0206438,1.0042,0.0357094,0.132084,-0.0738931,1.17768,4.17513,-0.00399782,0.538593,1.21483,4.22817,1.21224,4.22656,668,2001,1.21206,4.22661,0,-176.545,-175.656
77876,-0.0757348,0.0208274,1.00463,0.112045,-0.0892901,-0.0280915,1.18765,4.31021,-0.00351264,0.540242,1.20533,4.2354,1.20744,4.23095,668,1996,1.20725,4.23105,0,-176.419,-175.548
77896,-0.0748684,0.020705,1.00481,0.0815105,-0.0892901,0.155115,1.18046,4.26033,-0.00253892,0.537953,1.20376,4.23536,1.20682,4.22996,668,2001,1.20664,4.23007,0,-176.494,-175.618
77918,-0.0735688,0.0208886,1.00609,0.104412,0.0404809,0.0329772,1.18941,4.18133,-0.00159572,0.537648,1.20507,4.22906,1.20767,4.22645,668,1997,1.20749,4.22657,0,-176.549,-175.663
77938,-0.074559,0.0214393,1.0028,0.0967779,0.0252137,0.0482444,1.22476,4.25118,-0.000545653,0.536656,1.20463,4.23447,1.20773,4.22903,668,1997,1.20758,4.22916,0,-176.718,-175.819
77958,-0.0744352,0.0208274,1.00256,-0.0329933,0.0939159,-0.150229,1.1901,4.24523,0.000443343,0.537404,1.20141,4.23703,1.2059,4.23105,668,1996,1.20572,4.23121,0,-176.878,-175.97
77978,-0.0762917,0.0222961,1.00633,-0.00245857,0.0557482,0.00244284,1.26923,4.33433,0.000470508,0.537664,1.20032,4.2476,1.20468,4.23751,669,1997,1.20451,4.23767,0,-176.673,-175.779
77998,-0.0739401,0.0211946,1.00505,0.0433426,0.0252137,-0.0662594,1.20807,4.20664,0.000512939,0.538428,1.19058,4.24413,1.19843,4.23687,668,1997,1.19825,4.23701,0,-176.685,-175.791
78020,-0.0741877,0.0216229,1.0028,0.0433426,-0.0129542,-0.142595,1.23525,4.23007,0.00139506,0.538627,1.19281,4.24897,1.19902,4.24024,668,1997,1.19884,4.24039,0,-176.687,-175.799
78040,-0.0736926,0.0233365,1.00439,-0.101695,0.0404809,0.0329772,1.331,4.19519,0.00104055,0.539574,1.20255,4.24644,1.20346,4.23988,668,1997,1.20326,4.24005,0,-176.726,-175.835
78060,-0.0739401,0.021011,1.00183,-0.0787945,0.0862825,0.0177101,1.20146,4.22014,0.000655499,0.540735,1.20083,4.24112,1.20211,4.2378,668,2001,1.2019,4.23799,0,-176.757,-175.861
78080,-0.0746208,0.0217453,1.00347,-0.101695,0.154985,0.00244284,1.24141,4.25184,0.00112541,0.541621,1.20393,4.2305,1.20372,4.23213,668,1996,1.20352,4.23233,0,-176.759,-175.865
78100,-0.0764774,0.0217453,1.00718,0.05861,-0.0129542,-0.104427,1.23684,4.34123,0.000587689,0.541056,1.20687,4.23761,1.20512,4.23528,669,1997,1.20496,4.2355,0,-176.919,-176.012
78122,-0.0751778,0.0212557,1.00725,0.0509768,0.00994658,-0.0433587,1.20892,4.26752,0.00110341,0.541087,1.20606,4.24241,1.205,4.23799,666,1997,1.20484,4.23823,0,-176.957,-176.053
78142,-0.0736307,0.0206438,1.00652,0.0128088,0.0710154,-0.0891602,1.17498,4.18309,0.0012069,0.542385,1.20986,4.24296,1.20727,4.23909,669,1996,1.20712,4.23932,0,-176.855,-175.953
78162,-0.073445,0.0212557,1.00067,0.112045,0.10155,-0.0891602,1.21686,4.19679,0.00137147,0.543485,1.2085,4.24297,1.20682,4.23973,668,1997,1.20664,4.23997,0,-176.712,-175.811
78182,-0.0743733,0.0224797,1.00226,0.05861,-0.0205877,-0.0433587,1.28488,4.24284,0.0023452,0.543272,1.21118,4.24836,1.2088,4.24292,668,1997,1.20863,4.24317,0,-176.549,-175.66
78202,-0.0806237,0.0211334,1.00846,-0.2391,1.07102,-0.0815266,1.20052,4.56991,0.000799844,0.557822,1.21379,4.26084,1.20996,4.25634,668,1997,1.20979,4.2566,0,-176.687,-175.795
78224,-0.0726405,0.0204602,1.00384,-0.0177259,0.376359,0.0406108,1.16764,4.13801,0.000430063,0.556005,1.20267,4.25243,1.20374,4.25162,669,1997,1.20357,4.25188,0,-176.53,-175.656
78244,-0.0767868,0.0209498,1.00329,-0.139863,0.109183,-0.0509923,1.19622,4.37565,-0.0012985,0.562784,1.1948,4.25846,1.19816,4.25763,669,1996,1.19799,4.25789,0,-176.54,-175.668
78263,-0.077777,0.020093,1.00639,0.127313,-1.09692,-0.0662594,1.14378,4.41832,-0.00174461,0.554846,1.18165,4.28262,1.18991,4.26789,669,1997,1.18975,4.26815,0,-176.598,-175.729
78283,-0.0740639,0.019481,1.0067,-0.139863,0.338191,-0.0509923,1.10862,4.20695,-0.0012289,0.543701,1.18518,4.24245,1.19102,4.24165,669,1997,1.19084,4.2419,0,-176.818,-175.924
78303,-0.0744971,0.0186855,1.00761,0.0280762,-0.241962,0.0100764,1.06239,4.22771,5.01779e-05,0.544297,1.17462,4.24707,1.1846,4.24467,669,1998,1.18441,4.24493,0,-176.891,-175.997
78325,-0.0739401,0.0240708,1.00505,-0.0635271,0.80384,-0.00519073,1.37196,4.20637,-0.0011593,0.543214,1.1837,4.22348,1.18774,4.2306,669,1997,1.18756,4.23088,0,-176.822,-175.936
78345,-0.0795716,0.0223573,1.00585,0.0128088,-0.211427,-0.0891602,1.27332,4.52209,-0.003239,0.560665,1.18893,4.29095,1.18906,4.27546,669,1997,1.18889,4.27576,0,-176.82,-175.932
78365,-0.0746208,0.0225409,1.00664,-0.116962,0.857275,-0.0433587,1.28277,4.23846,-0.00305916,0.559841,1.19718,4.26292,1.19369,4.26097,669,1997,1.19351,4.26124,0,-176.924,-176.022
78385,-0.0727643,0.0210722,1.00335,0.0815105,-0.188527,0.0558779,1.20314,4.14699,-0.00283353,0.563063,1.19521,4.27128,1.19272,4.26757,669,1997,1.19256,4.26783,0,-176.822,-175.935
78405,-0.0766012,0.0221737,1.00542,-0.0635271,0.307657,-0.0509923,1.26341,4.35579,-0.00321858,0.568223,1.19959,4.26176,1.19488,4.26439,669,1997,1.19472,4.26466,0,-176.465,-175.609
78427,-0.0771581,0.0195422,1.00487,0.020442,0.10155,-0.0815266,1.11412,4.38996,-0.00305401,0.570269,1.20723,4.26785,1.19989,4.26813,669,1997,1.19978,4.26839,0,-176.626,-175.752
78447,-0.0737545,0.0194198,1.00688,-0.0100918,-0.0816565,0.0864123,1.10493,4.18868,-0.00311845,0.568423,1.1912,4.25753,1.19135,4.26132,669,1997,1.19126,4.26159,0,-176.791,-175.903
78467,-0.0722692,0.0207662,1.00055,-0.0253592,0.109183,-0.127328,1.18899,4.13038,-0.0045722,0.569996,1.19684,4.25619,1.19383,4.26053,669,1997,1.19374,4.26081,0,-176.811,-175.921
78487,-0.0782102,0.0218065,1.00378,-0.0100918,-0.0434885,-0.0509923,1.24452,4.4542,-0.00552213,0.569645,1.20266,4.2658,1.19711,4.26494,669,1997,1.19703,4.26522,0,-176.977,-176.076
78507,-0.0760442,0.019787,1.00706,0.0357094,-0.119824,-0.0280915,1.12562,4.31743,-0.00564764,0.568836,1.19347,4.26642,1.19245,4.26488,669,1997,1.19238,4.26516,0,-176.866,-175.978
78529,-0.0744971,0.0197258,1.00846,0.0509768,-0.394634,0.00244284,1.12058,4.22407,-0.00558994,0.56444,1.18198,4.25858,1.18584,4.2586,668,1997,1.18577,4.2589,0,-176.842,-175.96
78549,-0.0721455,0.0218065,1.00025,0.0815105,-0.257229,0.0177101,1.24891,4.12449,-0.00395972,0.554104,1.1899,4.24275,1.1904,4.24503,668,1996,1.19033,4.24533,0,-176.747,-175.868
78569,-0.0762298,0.0208886,1.00542,0.0815105,-0.0511222,-0.0738931,1.1902,4.33488,-0.00313867,0.556013,1.19246,4.23698,1.19209,4.24177,668,1997,1.19203,4.24206,0,-176.702,-175.829
78589,-0.0728881,0.0208886,1.00256,0.0662441,-0.127458,0.0100764,1.1936,4.1573,-0.00129471,0.5518,1.2052,4.22632,1.20002,4.23304,668,1997,1.19999,4.23335,0,-176.598,-175.722
78609,-0.0738163,0.0204602,1.00293,-0.0711613,0.0404809,-0.0280915,1.1687,4.20857,-0.00117594,0.552686,1.20198,4.23972,1.19878,4.23999,668,1997,1.19879,4.2403,0,-176.669,-175.787
78631,-0.0727643,0.021011,1.00439,-0.0177259,0.170252,0.0100764,1.19841,4.14274,-0.00104191,0.55548,1.19259,4.23799,1.19375,4.23982,668,1997,1.19376,4.24013,0,-176.872,-175.98
78651,-0.0746827,0.0219901,1.00621,0.0280762,-0.272496,0.0177101,1.25196,4.2438,-0.00112162,0.558824,1.19951,4.25806,1.19747,4.25214,668,1997,1.19747,4.25248,0,-176.903,-176.006
78671,-0.0775913,0.0211334,1.00493,-0.109328,0.758038,-0.0128243,1.20473,4.4141,-0.00216315,0.568672,1.20253,4.25431,1.19892,4.25421,668,1997,1.19892,4.25455,0,-176.931,-176.036
78691,-0.0789528,0.0215005,1.0056,0.0509768,-0.845015,-0.0280915,1.22484,4.48823,-0.00273141,0.56881,1.19723,4.28215,1.19593,4.27002,669,2001,1.19592,4.27036,0,-176.69,-175.815
78711,-0.0694844,0.0218677,0.999213,0.150213,0.0175803,0.00244284,1.25371,3.97695,5.91206e-05,0.550719,1.19601,4.23783,1.19633,4.23848,669,1997,1.19631,4.23884,0,-176.689,-175.801
78733,-0.0783339,0.0217453,1.007,-0.0711613,0.71987,0.0635116,1.23706,4.447,-0.00194425,0.572093,1.20284,4.26273,1.19941,4.2612,668,1997,1.19938,4.26157,0,-176.661,-175.777
78753,-0.0782102,0.0200318,1.01011,-0.0406265,-0.608374,-0.0128243,1.13611,4.42658,-0.00254304,0.567926,1.2044,4.29066,1.20055,4.2758,668,1997,1.20055,4.27618,0,-176.755,-175.865
78773,-0.0720217,0.0214393,1.00414,0.0815105,-0.127458,-0.0509923,1.22313,4.10156,4.90121e-05,0.549682,1.21619,4.25626,1.20891,4.25052,669,1997,1.20892,4.25092,0,-176.8,-175.896
78793,-0.0724549,0.0216841,1.00524,0.0357094,-0.188527,-0.119695,1.23574,4.12164,0.000412055,0.549759,1.21196,4.26139,1.20743,4.25422,668,1997,1.20742,4.25462,0,-176.608,-175.721
78813,-0.0746208,0.0234589,1.00554,0.0128088,-0.0129542,-0.0357251,1.33644,4.24297,0.000958306,0.547728,1.22085,4.25513,1.2133,4.25036,669,1997,1.21328,4.25077,0,-176.641,-175.748
78835,-0.0748684,0.0224797,1.0067,-0.0100918,0.292389,0.0940459,1.27921,4.25222,0.00153509,0.550309,1.2296,4.25257,1.21966,4.25039,669,1997,1.21964,4.25081,0,-176.829,-175.917
78855,-0.0727643,0.0211946,1.0042,0.0357094,-0.119824,-0.0204579,1.2091,4.14348,0.00128745,0.5506,1.22114,4.25137,1.21601,4.25011,668,1997,1.21601,4.2505,0,-176.896,-175.983
78875,-0.0732594,0.021011,1.00341,-0.0406265,0.109183,0.0329772,1.19957,4.17486,0.00166576,0.550585,1.21954,4.25543,1.21609,4.25252,668,1997,1.21608,4.25292,0,-176.961,-176.034
78895,-0.0762298,0.0204602,1.00548,-0.0329933,-0.0282214,0.00244284,1.16573,4.33465,0.000624221,0.551303,1.21257,4.25799,1.21217,4.25454,669,1996,1.21215,4.25491,0,-176.724,-175.82
78915,-0.0764155,0.0229693,1.00128,0.00517464,0.132084,-0.0433587,1.31413,4.36308,0.000437642,0.551761,1.21212,4.26058,1.21199,4.2566,668,2001,1.21196,4.25699,0,-176.789,-175.883
78937,-0.0723311,0.0216841,1.00445,-0.0635271,0.109183,-0.0433587,1.23672,4.11786,-0.000206952,0.55393,1.20348,4.26251,1.20683,4.25947,668,2001,1.20681,4.25984,0,-176.859,-175.956
78957,-0.0738782,0.0208886,1.00323,-0.0100918,0.238954,-0.00519073,1.1928,4.21077,-0.00118742,0.558785,1.20342,4.24461,1.20609,4.25141,669,1996,1.20609,4.25176,0,-176.928,-176.024
78977,-0.0740639,0.0211334,1.00402,0.104412,0.246588,-0.119695,1.20583,4.21798,-0.00135873,0.56448,1.20662,4.25102,1.20778,4.25657,668,1996,1.20777,4.25693,0,-176.733,-175.842
78997,-0.075611,0.0213169,1.00585,0.0433426,-0.112191,-0.00519073,1.21409,4.29797,-0.000812478,0.566649,1.21551,4.27436,1.21314,4.27012,668,2001,1.21314,4.27048,0,-176.573,-175.687
79017,-0.0754253,0.0205214,1.00536,0.119678,-0.00532055,0.0635116,1.16936,4.28959,0.000176517,0.566313,1.21513,4.27025,1.21394,4.26812,669,1996,1.21395,4.26846,0,-176.713,-175.823
79039,-0.0726405,0.0218065,1.00658,0.0662441,-0.157992,-0.0815266,1.24106,4.12668,0.00151666,0.565245,1.20847,4.26035,1.21086,4.26241,668,2001,1.21084,4.26273,0,-177.166,-176.24
79059,-0.0756729,0.021011,1.00566,0.0280762,-0.104557,-0.0586258,1.19689,4.30228,0.00259726,0.564161,1.19966,4.25732,1.20601,4.2598,668,1996,1.20598,4.2601,0,-177.159,-176.23
79079,-0.0754872,0.0196034,1.00366,0.020442,-0.226695,-0.0280915,1.11896,4.30043,0.00338778,0.561368,1.19365,4.27147,1.2023,4.26652,668,1996,1.20226,4.2668,0,-176.837,-175.94
79099,-0.0736307,0.0219289,1.00524,0.0738773,-0.0282214,0.0100764,1.24969,4.18827,0.00468213,0.559948,1.19965,4.26538,1.20528,4.26316,668,1996,1.20524,4.26342,0,-176.673,-175.791
79119,-0.0756729,0.0219901,1.00664,0.020442,-0.0434885,-0.0662594,1.25143,4.29804,0.00495357,0.559399,1.21055,4.26324,1.21105,4.26169,668,2001,1.21098,4.26192,0,-176.824,-175.927
79141,-0.0726405,0.0208886,1.00268,0.05861,-0.0511222,-0.0815266,1.19345,4.14273,0.0060189,0.560499,1.21556,4.27255,1.21448,4.26796,668,1996,1.21438,4.26816,0,-177.019,-176.098
79161,-0.0731975,0.0217453,1.00341,0.0433426,0.307657,-0.0967938,1.24148,4.17128,0.00610714,0.562713,1.2059,4.27319,1.20897,4.2699,669,1997,1.20887,4.27009,0,-176.926,-176.014
79181,-0.0769725,0.0207662,1.00676,0.020442,-0.0587556,0.0406108,1.18166,4.37116,0.00735568,0.569889,1.21864,4.29285,1.21671,4.28462,669,1997,1.21659,4.28479,0,-176.794,-175.889
79200,-0.075054,0.0215617,1.00931,-0.00245857,0.0633817,-0.0280915,1.22381,4.2518,0.00666528,0.570348,1.2177,4.28914,1.2161,4.28382,669,1997,1.21598,4.28399,0,-176.829,-175.922
79220,-0.0764774,0.0208274,1.00706,0.0433426,0.116817,-0.0891602,1.18478,4.34184,0.00583749,0.572211,1.21454,4.27725,1.21424,4.27844,669,1997,1.21411,4.2786,0,-176.778,-175.88
79242,-0.076663,0.0213781,1.00615,-0.0406265,-0.0511222,-0.0891602,1.21721,4.35622,0.00526923,0.569677,1.20986,4.27404,1.21134,4.27543,669,1997,1.21122,4.27555,0,-176.737,-175.846
79262,-0.0806237,0.0203378,1.00621,0.0509768,-0.19616,-0.0128243,1.15792,4.58016,0.00624296,0.569326,1.19997,4.2875,1.20594,4.28275,669,1997,1.2058,4.28285,0,-176.787,-175.891
79282,-0.072393,0.0208886,0.999517,0.00517464,0.0175803,-0.0586258,1.19723,4.14168,0.00723196,0.555388,1.19902,4.26896,1.20501,4.26752,669,1997,1.20487,4.26759,0,-176.748,-175.854
79302,-0.074559,0.0222961,1.0081,-0.0787945,0.254221,-0.0586258,1.267,4.22887,0.00672477,0.560747,1.20312,4.27129,1.20617,4.27164,669,1997,1.20603,4.27168,0,-176.6,-175.723
79322,-0.0706602,0.0218677,1.00518,0.00517464,-0.974786,-0.0357251,1.24628,4.02012,0.00708781,0.549282,1.21548,4.25854,1.21319,4.26,669,1997,1.21302,4.26002,0,-176.449,-175.572
79344,-0.082604,0.0215005,1.01175,-0.0711613,-0.0969236,0.0177101,1.2174,4.6665,0.00703864,0.551115,1.22239,4.25215,1.21742,4.25607,669,1997,1.21726,4.25607,0,-176.768,-175.859
79364,-0.0733832,0.0222349,1.00767,-0.0406265,0.170252,0.00244284,1.26406,4.16417,0.00927954,0.536901,1.22996,4.22355,1.22348,4.23364,669,1997,1.22332,4.23364,0,-176.928,-176
79384,-0.0718979,0.0215617,1.00445,0.104412,-0.364099,-0.0509923,1.22974,4.09329,0.00808533,0.538093,1.22797,4.21572,1.22275,4.22848,669,2001,1.22258,4.22848,0,-176.728,-175.821
79404,-0.0775913,0.0219901,1.00743,0.0815105,-0.646542,-0.0204579,1.25045,4.40314,0.00930334,0.533483,1.22735,4.22303,1.22377,4.22866,669,1997,1.22359,4.22865,0,-176.692,-175.783
79424,-0.0613775,0.0234589,0.997022,0.0128088,-0.0205877,0.0253437,1.34786,3.52176,0.00957478,0.511056,1.22808,4.17907,1.2249,4.19402,670,1997,1.22471,4.194,0,-176.526,-175.623
79446,-0.0757348,0.0177063,1.00408,0.104412,-0.661809,-0.0662594,1.01027,4.31281,0.0071134,0.527483,1.205,4.24389,1.21118,4.23625,669,1998,1.21099,4.23623,0,-176.492,-175.612
79466,-0.0693606,0.0208274,1.0084,-0.139863,1.17789,-0.127328,1.18321,3.93393,0.00808712,0.530217,1.19748,4.20612,1.20659,4.21659,668,1997,1.20639,4.21655,0,-176.689,-175.804
79486,-0.069175,0.0293338,1.01254,-0.0100918,0.742771,-0.00519073,1.65942,3.90664,0.00513719,0.546416,1.20376,4.23078,1.20734,4.237,669,1997,1.20713,4.23695,0,-176.561,-175.69
79506,-0.0712172,0.0206438,1.00408,0.134946,-0.524405,-0.127328,1.17783,4.05621,0.00408039,0.556447,1.19782,4.27225,1.20285,4.26443,668,1997,1.20263,4.26436,0,-176.353,-175.505
79526,-0.0817995,0.020093,1.01771,-0.0406265,0.406893,-0.00519073,1.13106,4.59442,0.00433656,0.562737,1.20062,4.27054,1.20413,4.26639,668,1997,1.20392,4.26633,0,-176.217,-175.382
79548,-0.0756729,0.0206438,1.00676,-0.0635271,-0.0816565,-0.0738931,1.1747,4.29765,0.00463853,0.555959,1.20638,4.25606,1.20717,4.25569,668,1995,1.20697,4.25562,0,-176.391,-175.543
79568,-0.0744352,0.0232753,1.00536,-0.15513,0.338191,0.00244284,1.32623,4.23323,0.00394814,0.556982,1.2107,4.25265,1.20912,4.25425,668,1996,1.2089,4.25419,0,-176.448,-175.589
79588,-0.0770962,0.0207662,1.00335,0.0357094,-0.135092,-0.0815266,1.18567,4.39297,0.00347149,0.557838,1.21066,4.26773,1.2092,4.26301,668,1997,1.209,4.26294,0,-176.383,-175.525
79608,-0.0752397,0.0184407,1.00293,0.0815105,-0.127458,-0.0128243,1.05337,4.28958,0.00484217,0.552296,1.20289,4.26611,1.20555,4.26041,669,1997,1.20536,4.26035,0,-176.323,-175.477
79628,-0.0738163,0.0194198,1.00286,0.0662441,-0.150359,-0.00519073,1.10936,4.20891,0.00650292,0.549365,1.19405,4.26378,1.20068,4.25863,668,1997,1.20047,4.25856,0,-176.452,-175.598
79650,-0.0751159,0.0214393,1.00439,0.0433426,0.20842,-0.00519073,1.22283,4.2761,0.00602626,0.55045,1.19274,4.26193,1.19859,4.25866,668,1998,1.19839,4.25854,0,-176.608,-175.743
79670,-0.0755491,0.021011,1.00579,-0.0100918,0.00994658,-0.0509923,1.19674,4.29475,0.00643511,0.554206,1.19416,4.2657,1.1988,4.26295,667,1997,1.19862,4.26285,0,-176.326,-175.487
79690,-0.0753016,0.0218065,1.00664,0.0815105,0.0710154,0.0100764,1.24099,4.27705,0.00679815,0.555321,1.20444,4.27213,1.20425,4.26763,668,1997,1.20407,4.26755,0,-176.136,-175.313
79710,-0.0749303,0.0216841,1.00682,-0.0329933,0.109183,-0.00519073,1.2338,4.25528,0.00728333,0.555749,1.20229,4.26011,1.20302,4.26154,668,1997,1.20286,4.26147,0,-176.289,-175.453
79730,-0.0744352,0.0213169,1.00469,0.0357094,0.0939159,-0.0662594,1.21549,4.23622,0.00680668,0.557368,1.19608,4.25896,1.19896,4.26139,668,1997,1.1988,4.2613,0,-176.28,-175.442
79752,-0.0743733,0.0208886,1.00652,0.0357094,-0.0434885,-0.0738931,1.18891,4.22511,0.00689491,0.558086,1.19779,4.26161,1.19938,4.26302,668,1997,1.19922,4.26293,0,-176.195,-175.365
79772,-0.0736307,0.0196034,1.00025,0.05861,-0.142725,-0.00519073,1.12277,4.20928,0.00799078,0.556361,1.20762,4.25374,1.20527,4.25779,668,2001,1.20513,4.25768,0,-176.192,-175.351
79792,-0.0735069,0.0236425,1.00749,-0.00245857,-0.0740228,0.0253437,1.3443,4.17179,0.0078042,0.554331,1.20495,4.23821,1.20347,4.24749,668,1997,1.20334,4.24739,0,-176.258,-175.414
79812,-0.0767868,0.0202766,1.0039,-0.0787945,0.0557482,0.00244284,1.15709,4.37307,0.00714435,0.554789,1.22075,4.25598,1.21254,4.25649,668,1997,1.21244,4.25636,0,-176.497,-175.642
79832,-0.0748684,0.0207662,1.00487,0.0433426,-0.0587556,0.0177101,1.18388,4.26006,0.00717151,0.555049,1.21801,4.26433,1.21188,4.26149,668,2001,1.21176,4.26136,0,-176.553,-175.688
79854,-0.0746208,0.0216841,1.00524,0.0280762,-0.0587556,-0.0280915,1.23574,4.24441,0.0069086,0.554744,1.20414,4.26649,1.20436,4.26304,668,1996,1.20424,4.2629,0,-176.381,-175.53
79874,-0.078272,0.0200318,1.00372,-0.109328,0.238954,-0.165496,1.14334,4.45814,0.00656935,0.555065,1.20481,4.27911,1.20454,4.27072,669,1997,1.20446,4.27058,0,-176.444,-175.592
79894,-0.0701651,0.0252948,1.00274,0.05861,-0.142725,-0.0204579,1.44501,4.00138,0.00653545,0.554577,1.21228,4.26841,1.20827,4.26607,668,1996,1.20817,4.26593,0,-176.545,-175.68
79914,-0.0830991,0.0207662,1.00493,-0.13223,0.223687,0.116947,1.1838,4.72609,0.00570766,0.558043,1.23674,4.27948,1.22275,4.27351,668,2001,1.22267,4.27336,0,-176.413,-175.543
79934,-0.0676279,0.0209498,1.00688,-0.0100918,-0.49387,-0.0509923,1.19196,3.84171,0.00468139,0.55525,1.22055,4.29794,1.21455,4.28498,669,2000,1.21448,4.28483,0,-176.344,-175.488
79956,-0.076663,0.0196646,1.00019,-0.0558939,0.483229,-0.150229,1.12634,4.38224,0.00451008,0.554624,1.21469,4.24201,1.21194,4.25347,668,1997,1.21185,4.25332,0,-176.448,-175.58
79976,-0.0793241,0.0223573,1.00609,0.05861,-0.226695,0.0482444,1.27302,4.50699,0.00450671,0.556945,1.20662,4.29327,1.20747,4.28282,668,1997,1.20738,4.28267,0,-176.311,-175.458
79996,-0.0741877,0.0210722,1.00402,0.00517464,-0.0358551,-0.0738931,1.20233,4.22501,0.00462548,0.552579,1.20186,4.28307,1.20485,4.27697,669,1997,1.20477,4.27678,0,-176.232,-175.384
80016,-0.074559,0.0199706,1.00725,-0.0558939,-0.0129542,-0.0891602,1.13585,4.23263,0.00326333,0.552671,1.20595,4.28005,1.2063,4.2763,669,1997,1.2062,4.27609,0,-176.376,-175.518
80036,-0.0761061,0.0206438,1.00232,0.0280762,0.0557482,0.00244284,1.1799,4.34123,0.00290882,0.55145,1.2088,4.27625,1.20794,4.2743,669,1997,1.20784,4.27409,0,-176.238,-175.395
80058,-0.0759823,0.0202154,0.999943,-0.0864277,-0.0892901,0.0100764,1.15816,4.34448,0.00244744,0.55226,1.18551,4.29537,1.19433,4.28642,668,1996,1.19421,4.28621,0,-176.101,-175.279
80078,-0.0733832,0.0218677,1.0053,-0.00245857,0.0175803,0.00244284,1.24613,4.174,0.00296315,0.551054,1.18598,4.28184,1.19352,4.27979,668,1996,1.19341,4.27956,0,-176.321,-175.483
80098,-0.0744352,0.0213781,1.00457,-0.0635271,-0.0434885,0.0253437,1.21912,4.23673,0.00289871,0.550872,1.19722,4.26991,1.19876,4.27345,669,1997,1.19867,4.27325,0,-176.618,-175.758
80118,-0.0776532,0.0234589,1.00414,-0.0940619,0.0939159,0.0406108,1.33831,4.42085,0.0026358,0.549361,1.21065,4.27011,1.20614,4.27259,669,1997,1.20604,4.27238,0,-176.518,-175.661
80138,-0.0744352,0.020093,1.00451,-0.0100918,0.0557482,-0.0738931,1.14593,4.2371,0.00234236,0.551728,1.20535,4.27649,1.20366,4.27748,669,1997,1.20355,4.27726,0,-176.473,-175.623
80159,-0.074559,0.0208274,1.00585,-0.0482597,-0.0129542,-0.0509923,1.18621,4.23843,0.00250693,0.551087,1.19635,4.2697,1.19857,4.27364,669,1998,1.19846,4.27341,0,-176.511,-175.667
80179,-0.076168,0.0213781,1.00524,0.0128088,0.0328474,-0.0586258,1.21831,4.33211,0.00236615,0.551255,1.20518,4.27133,1.20324,4.27439,669,1997,1.20316,4.27416,0,-176.524,-175.67
80199,-0.0744971,0.0228469,1.00493,0.0815105,-0.00532055,-0.0357251,1.30238,4.23857,0.00294294,0.552446,1.22074,4.26962,1.21281,4.2738,669,1999,1.21274,4.27356,0,-176.578,-175.707
80219,-0.0754253,0.0205214,0.998787,-0.0482597,0.0175803,-0.0738931,1.17705,4.3177,0.0030617,0.552508,1.22269,4.25784,1.21496,4.26686,669,1997,1.21486,4.26663,0,-176.438,-175.576
80239,-0.0738782,0.0217453,1.00299,-0.00245857,0.109183,-0.00519073,1.24201,4.21172,0.00260032,0.553516,1.21066,4.25812,1.20884,4.26671,669,1997,1.20874,4.26647,0,-176.307,-175.457
80261,-0.0771581,0.0214393,1.00645,-0.116962,0.0252137,-0.134962,1.22032,4.38292,0.00233741,0.553837,1.19546,4.26599,1.20003,4.27039,669,1999,1.19994,4.27013,0,-176.473,-175.621
80281,-0.0753635,0.0223573,1.00621,0.119678,0.00994658,-0.142595,1.27286,4.2823,0.00299052,0.552494,1.20418,4.27392,1.20476,4.27414,667,1995,1.20468,4.27387,0,-176.572,-175.709
80301,-0.0759823,0.0227857,1.00134,0.020442,0.0404809,0.0177101,1.30355,4.33819,0.00358257,0.551136,1.21517,4.27139,1.21123,4.2723,669,1997,1.21114,4.27204,0,-176.512,-175.647
80321,-0.0753635,0.0207662,1.00798,-0.0253592,-0.0892901,-0.0280915,1.18023,4.27498,0.00356394,0.550801,1.20876,4.2804,1.20819,4.27763,669,1998,1.20812,4.27737,0,-176.553,-175.684
80341,-0.0749303,0.0204602,1.00536,0.00517464,-0.150359,-0.0128243,1.16587,4.26154,0.00385065,0.548664,1.20354,4.26406,1.20544,4.26796,669,1997,1.2054,4.26768,0,-176.491,-175.626
80363,-0.076663,0.0203378,1.00226,0.0738773,0.0633817,-0.0128243,1.16249,4.37317,0.00384728,0.54842,1.20053,4.28398,1.20341,4.27917,669,1999,1.20337,4.27886,0,-176.426,-175.57
80383,-0.074002,0.0207662,1.00524,0.0509768,-0.104557,-0.0280915,1.18345,4.20942,0.00421032,0.546542,1.19816,4.28061,1.20177,4.2776,668,1997,1.20174,4.27727,0,-176.282,-175.435
80403,-0.0754253,0.0202766,1.007,-0.0482597,0.246588,-0.0357251,1.15353,4.28264,0.00335199,0.548512,1.19805,4.27519,1.20089,4.27599,668,1997,1.20085,4.27565,0,-176.477,-175.614
80423,-0.075611,0.0213169,1.00682,-0.0558939,0.147351,-0.0891602,1.21292,4.29383,0.00286007,0.553123,1.18158,4.28826,1.19072,4.2859,668,1997,1.19067,4.28557,0,-176.46,-175.614
80443,-0.073445,0.0243768,1.00378,0.127313,0.0023129,-0.0738931,1.39116,4.18357,0.00287197,0.55349,1.19302,4.28843,1.19588,4.28706,668,1997,1.19582,4.28671,0,-176.336,-175.499
80465,-0.0741877,0.0202154,1.00712,-0.0635271,-0.150359,-0.00519073,1.14991,4.21212,0.00228844,0.553139,1.18913,4.289,1.19281,4.28792,668,1997,1.19276,4.28757,0,-176.393,-175.559
80485,-0.0767249,0.0231529,1.00293,-0.0711613,0.0252137,-0.119695,1.32246,4.37351,0.00138431,0.551415,1.20122,4.28766,1.19848,4.28693,668,1997,1.19844,4.28657,0,-176.387,-175.545
80505,-0.07295,0.0211334,1.00341,-0.0177259,0.0328474,0.0329772,1.20656,4.15728,0.00164048,0.552057,1.21245,4.28925,1.20541,4.28894,669,1998,1.20534,4.28858,0,-176.26,-175.419
80525,-0.0732594,0.0174615,1.00439,0.00517464,-0.287763,-0.0586258,0.996002,4.17111,0.00290429,0.547691,1.19843,4.28281,1.19866,4.28399,668,1997,1.1986,4.28363,0,-176.291,-175.453
80545,-0.0746827,0.0215005,1.00317,0.0662441,-0.0282214,-0.0509923,1.22781,4.25666,0.00303832,0.546775,1.20231,4.27088,1.20083,4.277,668,1997,1.20078,4.27663,0,-176.289,-175.453
80567,-0.0755491,0.0222349,1.00317,0.00517464,0.116817,-0.0357251,1.26973,4.30579,0.00388992,0.546119,1.21462,4.27656,1.20831,4.27974,669,1997,1.20826,4.27937,0,-176.393,-175.545
80587,-0.0757967,0.0225409,1.00652,0.00517464,0.0786488,-0.0357251,1.28292,4.30551,0.00323006,0.549036,1.21709,4.2868,1.21012,4.28711,668,1997,1.21007,4.28671,0,-176.491,-175.636
80607,-0.0759204,0.0229693,1.00895,0.0509768,0.0175803,-0.0357251,1.30414,4.30211,0.00325723,0.550425,1.21128,4.29487,1.2075,4.29285,668,1997,1.20748,4.29245,0,-176.603,-175.744
80627,-0.0744971,0.0242544,1.00585,-0.00245857,-0.188527,-0.0280915,1.38133,4.2346,0.00423096,0.547296,1.22079,4.28133,1.2137,4.28458,668,1997,1.21368,4.28417,0,-176.413,-175.555
80647,-0.0751778,0.0202154,1.00311,-0.0406265,-0.0511222,-0.0280915,1.15451,4.28515,0.00511309,0.544197,1.22216,4.27434,1.21596,4.27942,669,1997,1.21592,4.27902,0,-176.199,-175.355
80669,-0.0735688,0.0208886,1.0039,0.0280762,0.0557482,-0.0433587,1.19201,4.19042,0.00546086,0.545541,1.21841,4.26697,1.21482,4.27578,669,1997,1.21478,4.27537,0,-176.514,-175.649
80689,-0.0738163,0.0218677,1.0025,-0.0177259,0.0328474,-0.0967938,1.24961,4.21022,0.00521322,0.546183,1.23262,4.26401,1.22352,4.27374,669,1997,1.22348,4.27331,0,-176.485,-175.613
80709,-0.0744971,0.0217453,1.0039,-0.0406265,0.0633817,-0.0738931,1.24088,4.24302,0.00559153,0.547451,1.22799,4.25958,1.22236,4.27075,669,1997,1.22231,4.27033,0,-176.256,-175.4
80729,-0.0765393,0.0192974,1.00627,0.0433426,0.00994658,-0.0433587,1.09863,4.34887,0.00490113,0.54794,1.22139,4.27508,1.21935,4.27879,667,2001,1.2193,4.27836,0,-176.383,-175.518
80749,-0.0762917,0.0199706,1.00639,-0.0482597,-0.135092,0.0406108,1.13681,4.33428,0.00546265,0.545848,1.21586,4.29453,1.21666,4.28918,668,1997,1.21659,4.28874,0,-176.436,-175.564
80771,-0.0755491,0.0233977,1.00658,-0.0329933,0.147351,-0.165496,1.33159,4.29116,0.00519974,0.547192,1.21995,4.29218,1.21878,4.28941,669,1997,1.21872,4.28897,0,-176.252,-175.398
80791,-0.0761061,0.0211334,1.0025,0.00517464,-0.0511222,-0.0738931,1.20765,4.3404,0.004204,0.54901,1.21699,4.30397,1.21707,4.29777,669,1996,1.21701,4.29734,0,-176.14,-175.302
80811,-0.0759204,0.021011,1.00767,-0.0100918,-0.157992,0.0940459,1.1945,4.30773,0.00372735,0.54672,1.21104,4.29619,1.21364,4.29349,668,2001,1.21358,4.29307,0,-176.278,-175.422
80831,-0.0762298,0.0218065,1.00633,-0.00245857,-0.257229,0.0100764,1.24136,4.33088,0.00389192,0.543301,1.21796,4.30213,1.21761,4.29627,668,1997,1.21752,4.29582,0,-176.381,-175.516
80851,-0.0760442,0.0220513,1.00481,-0.0482597,0.116817,-0.0586258,1.2572,4.32686,0.00398015,0.541576,1.22638,4.28214,1.22276,4.28522,669,1997,1.22268,4.28478,0,-176.428,-175.562
80873,-0.0749922,0.0218677,1.00652,-0.0100918,0.162618,-0.0815266,1.24462,4.26005,0.00316763,0.546157,1.22833,4.2775,1.22435,4.28461,668,1997,1.22427,4.28415,0,-176.334,-175.479
80893,-0.0728881,0.0180735,1.00341,-0.00245857,-0.0740228,-0.0891602,1.0319,4.15401,0.00305739,0.544035,1.22827,4.263,1.2253,4.27497,668,1996,1.22519,4.2745,0,-176.14,-175.304
80913,-0.0764155,0.0224797,1.00463,0.0280762,-0.0663893,-0.00519073,1.28184,4.34865,0.00288608,0.543776,1.20666,4.26457,1.2131,4.27448,669,1997,1.21297,4.274,0,-176.295,-175.449
80933,-0.0742495,0.0218065,1.00938,-0.0100918,-0.112191,-0.0433587,1.23762,4.20611,0.00317279,0.540524,1.21452,4.24791,1.21724,4.26264,669,2001,1.21711,4.26218,0,-176.499,-175.631
80953,-0.0764155,0.0212557,1.00469,-0.0100918,0.383992,-0.00519073,1.212,4.3485,0.00197858,0.544464,1.22299,4.24946,1.22175,4.26339,668,1997,1.22161,4.26293,0,-176.534,-175.664
80975,-0.0769725,0.0215617,1.00627,0.0280762,0.0557482,-0.0662594,1.22751,4.37319,0.00192941,0.547777,1.21106,4.26353,1.21529,4.27146,669,1997,1.21512,4.271,0,-176.489,-175.623
80995,-0.0748684,0.0218677,1.00426,0.0967779,0.0786488,-0.0433587,1.24741,4.26254,0.00230772,0.548221,1.21491,4.26121,1.21741,4.26956,668,2001,1.21723,4.26911,0,-176.372,-175.508
81015,-0.0746827,0.0199706,1.00493,0.0357094,-0.112191,-0.0204579,1.13846,4.24935,0.00222801,0.545671,1.20118,4.25605,1.20946,4.2646,668,1997,1.20927,4.26417,0,-176.14,-175.298
81035,-0.0717741,0.0221737,1.00025,-0.185664,1.16262,-0.0967938,1.26994,4.1033,0.00057579,0.550099,1.20319,4.2484,1.20894,4.26138,668,1996,1.20874,4.26096,0,-176.301,-175.459
81055,-0.0738782,0.0218065,1.0042,0.0280762,-0.570206,-0.0280915,1.244,4.20663,-0.00130544,0.559688,1.19748,4.29162,1.20425,4.28888,669,2001,1.20406,4.28846,0,-176.411,-175.573
81077,-0.0740639,0.0223573,1.00445,-0.139863,0.544298,-0.0738931,1.2751,4.21609,-0.00240805,0.559841,1.19741,4.27044,1.20289,4.27698,669,1997,1.20271,4.27656,0,-176.607,-175.752
81096,-0.0786434,0.0218065,1.00883,0.0738773,-0.646542,0.0864123,1.2383,4.45645,-0.00354119,0.561261,1.19261,4.28776,1.19913,4.28654,669,1997,1.19893,4.28613,0,-176.887,-176.014
81116,-0.0732594,0.0220513,1.00566,-0.00245857,-0.127458,-0.127328,1.25613,4.16546,-0.00191097,0.547598,1.20374,4.26736,1.20541,4.26947,669,1997,1.20522,4.26908,0,-176.946,-176.06
81136,-0.0762917,0.0201542,1.00554,0.0128088,-0.135092,0.0177101,1.14823,4.33792,-0.0028609,0.553934,1.20938,4.27993,1.20827,4.2789,669,1998,1.20807,4.27855,0,-177.139,-176.237
81156,-0.0684324,0.0194198,0.997266,-0.101695,0.597733,0.00244284,1.11558,3.92474,-0.00320015,0.554408,1.21592,4.25617,1.21199,4.26569,669,1997,1.21178,4.26534,0,-177.577,-176.64
81178,-0.0796335,0.0240708,1.00274,0.05861,-0.768679,-0.17313,1.37512,4.53935,-0.00508138,0.570225,1.21941,4.3092,1.21373,4.30119,669,1997,1.2135,4.30086,0,-178.154,-177.183
81198,-0.0749922,0.0204602,1.00542,-0.0558939,0.887809,-0.0891602,1.1658,4.26479,-0.00494734,0.569859,1.237,4.29213,1.22527,4.2922,669,1997,1.22505,4.29188,0,-178.461,-177.47
81218,-0.0705983,0.0224185,1.00067,-0.895588,8.613,-0.203664,1.28341,4.03457,-0.0123858,0.641814,1.23466,4.23795,1.22255,4.29154,669,1997,1.22234,4.29126,0,-178.733,-177.741
81238,-0.0701651,0.0205826,0.998118,0.302885,-3.07402,0.0787787,1.18135,4.02028,-0.0204808,0.699249,1.20622,4.49597,1.20441,4.45962,669,1997,1.20418,4.45933,0,-178.995,-178.017
81258,-0.0644717,0.0232753,0.993797,0.0891447,-0.974786,-0.0662594,1.34165,3.7108,-0.0186063,0.677005,1.2292,4.41035,1.21919,4.40499,669,1997,1.21897,4.40469,0,-178.906,-177.923
81280,-0.0811187,0.0199706,1.00694,0.234182,-1.37173,-0.0815266,1.13619,4.60487,-0.0219837,0.706716,1.22841,4.48663,1.21944,4.4609,669,1997,1.21923,4.46063,0,-178.968,-177.985
81300,-0.0759204,0.0183183,1.00457,0.24945,-2.17326,-0.134962,1.04467,4.32121,-0.0175749,0.674487,1.22697,4.4484,1.22249,4.42835,669,2001,1.22226,4.42806,0,-178.878,-177.899
81320,-0.0796335,0.021011,1.00542,-0.0253592,-0.00532055,-0.0509923,1.19718,4.52763,-0.0161279,0.661205,1.20381,4.40082,1.21072,4.39745,668,1997,1.21046,4.39717,0,-178.753,-177.793
81340,-0.0755491,0.0192974,1.00213,0.0433426,-0.333565,-0.0357251,1.10317,4.31048,-0.0150931,0.653786,1.20577,4.3854,1.21186,4.38621,668,1997,1.21157,4.38595,0,-178.534,-177.593
81360,-0.0778389,0.0260904,1.00895,-0.0711613,0.338191,-0.0509923,1.48128,4.41007,-0.0145163,0.652321,1.21663,4.38759,1.2178,4.38695,668,1997,1.2175,4.38671,0,-178.037,-177.132
81382,-0.0764155,0.0219289,1.00512,-0.0482597,-0.19616,-0.0357251,1.24984,4.34661,-0.014596,0.649268,1.22407,4.39884,1.22262,4.39262,669,1998,1.22232,4.39238,0,-177.751,-176.868
81402,-0.0626771,0.0240096,1.00317,0.0128088,-0.913718,0.0558779,1.37104,3.57412,-0.0140803,0.644627,1.22786,4.36062,1.2255,4.37073,669,1998,1.2252,4.37049,0,-177.593,-176.727
81422,-0.0873072,0.0214393,1.01315,-0.13223,0.712237,0.0558779,1.21226,4.92415,-0.0155188,0.64704,1.22,4.30702,1.22132,4.3376,668,1997,1.221,4.33736,0,-177.426,-176.573
81442,-0.079386,0.0211334,1.00378,0.0128088,-0.165626,-0.0738931,1.20612,4.52096,-0.0146672,0.649666,1.22582,4.40075,1.22538,4.38959,668,1997,1.22506,4.38936,0,-176.977,-176.158
81462,-0.071341,0.0219901,1.00128,-0.00245857,0.0252137,0.0711452,1.25813,4.07444,-0.0139988,0.642888,1.22436,4.36084,1.22532,4.36556,668,1997,1.22498,4.36534,0,-176.406,-175.628
81484,-0.076168,0.021011,1.00347,0.05861,-0.0663893,0.00244284,1.1995,4.33973,-0.0134678,0.644415,1.22223,4.33993,1.22465,4.35325,668,1997,1.22431,4.35303,0,-176.041,-175.286
81504,-0.0800667,0.0161764,1.00463,0.05861,-0.135092,0.0100764,0.922487,4.55613,-0.012662,0.64269,1.20589,4.3683,1.21611,4.36702,668,1997,1.21577,4.36679,0,-175.813,-175.079
81524,-0.0748065,0.0222349,1.00432,-0.0100918,-0.211427,0.0864123,1.26827,4.25873,-0.0114287,0.637653,1.20222,4.36674,1.21342,4.36443,669,1997,1.21307,4.36417,0,-175.599,-174.875
81544,-0.0766012,0.0239484,1.00439,-0.0177259,-0.157992,-0.0662594,1.36589,4.36008,-0.0115084,0.635332,1.21194,4.35573,1.21794,4.35719,669,1998,1.21755,4.35693,0,-175.621,-174.88
81564,-0.075611,0.0216229,1.00481,0.0509768,-0.188527,-0.0357251,1.23278,4.30234,-0.0107332,0.633623,1.21201,4.35064,1.21803,4.35328,668,1997,1.21763,4.35303,0,-175.653,-174.895
81586,-0.0790147,0.0192362,1.00463,0.0280762,0.0862825,-0.0280915,1.09694,4.49627,-0.00969838,0.633898,1.19805,4.35571,1.21013,4.35566,669,2001,1.20973,4.35538,0,-175.614,-174.844
81606,-0.0710315,0.0366163,0.992154,0.173114,-0.486237,0.0558779,2.11359,4.09223,-0.00823611,0.631975,1.20738,4.3714,1.21443,4.36405,668,1997,1.21404,4.36378,0,-176.061,-175.253
81626,-0.0715266,0.0270695,1.01017,-0.0329933,-0.0129542,-0.0815266,1.53499,4.04872,-0.00776619,0.631411,1.20199,4.3572,1.21066,4.35664,669,1998,1.21027,4.35636,0,-176.652,-175.805
81646,-0.0800048,0.0193586,1.0123,0.180748,-1.10456,-0.0662594,1.09556,4.51804,-0.0078917,0.628541,1.17913,4.36832,1.19656,4.36165,668,1997,1.19617,4.36138,0,-177.134,-176.258
81666,-0.0765393,0.0215005,1.00037,-0.0406265,0.185519,-0.00519073,1.23125,4.37423,-0.00507064,0.609747,1.19029,4.32748,1.20199,4.33095,668,2001,1.2016,4.33067,0,-177.652,-176.726
81688,-0.0759204,0.0224185,1.00487,0.0509768,-0.440435,0.0100764,1.27805,4.31955,-0.00481447,0.609198,1.2006,4.34935,1.20643,4.34313,668,1997,1.20605,4.34285,0,-177.823,-176.889
81708,-0.0769106,0.0223573,1.00238,-0.0100918,-0.0740228,-0.0891602,1.27773,4.38652,-0.00402394,0.602634,1.21721,4.3253,1.21569,4.32731,669,1997,1.21529,4.32706,0,-177.726,-176.793
81728,-0.0809331,0.0182571,1.00585,-0.0787945,0.345824,-0.00519073,1.03986,4.59951,-0.00387464,0.604405,1.20472,4.34138,1.20885,4.33685,668,1997,1.20844,4.33661,0,-177.718,-176.793
81748,-0.0747446,0.0159928,1.00232,0.0738773,-0.402267,0.0482444,0.914122,4.26422,-0.00352686,0.605459,1.17543,4.36424,1.1916,4.3517,668,1996,1.1912,4.35148,0,-177.789,-176.875
81768,-0.0501764,-0.191467,1.01455,0.104412,-2.84502,-0.516641,-10.6872,2.78233,-0.00273634,0.582696,-0.316915,4.11077,0.339842,4.19874,668,1995,0.33943,4.19853,0,-177.792,-177.637
81790,-0.0847081,-0.025132,0.98187,-0.559711,2.64353,3.03298,-1.46622,4.92922,0.00350457,0.522727,-0.0238644,3.89088,0.413296,4.03192,668,2001,0.412888,4.0317,0,-177.505,-177.294
81810,-0.0822946,0.107483,1.00006,-0.781084,5.00995,4.38412,6.13438,4.67741,-0.0075217,0.583735,0.655951,3.88425,0.728601,4.03146,666,1995,0.728206,4.03125,0,-177.474,-176.984
81830,-0.115465,0.0741304,1.0154,-0.0482597,-1.21906,1.19328,4.17553,6.47037,-0.0181968,0.651049,1.54064,4.42263,1.22108,4.34997,668,2000,1.22072,4.34975,0,-177.415,-176.509
81850,-0.077777,0.0543024,1.00031,0.05861,-0.127458,0.0406108,3.10729,4.43946,-0.0160933,0.617339,1.89534,4.4409,1.46429,4.35521,668,2001,1.46395,4.35499,0,-177.451,-176.322
81870,-0.0736926,0.0232753,1.00165,0.134946,-1.54731,0.0787787,1.33114,4.20662,-0.0147837,0.605538,1.87317,4.44685,1.50696,4.36364,668,1997,1.50664,4.36342,0,-177.428,-176.272
81892,-0.0834704,0.0198482,1.00621,0.00517464,-1.11219,0.0100764,1.13005,4.7412,-0.0153978,0.601172,1.74274,4.44428,1.47835,4.36908,668,1997,1.47805,4.36884,0,-177.369,-176.252
81912,-0.0730737,0.0139732,1.00043,-0.109328,1.26949,-0.0433587,0.800212,4.17719,-0.0144393,0.592623,1.62302,4.37595,1.44503,4.33563,666,1997,1.44472,4.33541,0,-177.454,-176.349
81932,-0.0512903,-0.0281306,1.0025,0.24945,-2.89845,0.834504,-1.60733,2.92769,-0.0132824,0.579738,1.01573,4.22264,1.12104,4.24793,668,2000,1.12077,4.2477,0,-177.416,-176.59
81952,-0.0925055,0.0303742,1.01248,-0.53681,3.5443,1.24672,1.71835,5.21802,-0.0170567,0.609402,0.941461,4.20696,1.06056,4.24493,668,1996,1.0603,4.24473,0,-177.411,-176.639
81972,-0.0835323,0.0609729,1.00128,0.226549,-2.5015,0.574962,3.48472,4.7601,-0.0176555,0.59551,1.27027,4.34145,1.23403,4.31206,668,2001,1.23377,4.31187,0,-177.389,-176.476
81994,-0.0736926,0.0240096,1.00159,-0.0482597,0.216053,-0.0357251,1.37321,4.2068,-0.0169566,0.580533,1.57109,4.36529,1.41728,4.32354,669,1997,1.417,4.32333,0,-177.299,-176.23
82014,-0.0799429,0.0207662,1.00907,-0.0558939,0.20842,-0.0204579,1.17895,4.5288,-0.0181355,0.593831,1.49955,4.36887,1.39725,4.3358,669,1997,1.39698,4.33558,0,-177.268,-176.223
82033,-0.0763536,0.0211334,1.0025,-0.0406265,0.414527,-0.134962,1.20765,4.35446,-0.0178946,0.591618,1.45873,4.35956,1.38949,4.33401,669,1997,1.3892,4.33378,0,-177.266,-176.235
82053,-0.0769725,0.0199094,1.00865,0.0128088,-0.0663893,0.0864123,1.1308,4.36309,-0.0186308,0.593588,1.42086,4.37635,1.37945,4.34823,669,1998,1.37918,4.348,0,-177.134,-176.119
82073,-0.0732594,0.0202766,1.00865,-0.00245857,0.20842,0.0864123,1.15165,4.15334,-0.01868,0.594001,1.37515,4.34901,1.36174,4.33678,669,1997,1.36147,4.33656,0,-177.207,-176.201
82095,-0.0751159,0.0205826,1.00627,0.0128088,-0.0358551,0.0711452,1.17178,4.26819,-0.0191261,0.597131,1.33097,4.33659,1.34102,4.333,669,1997,1.34076,4.33276,0,-177.26,-176.262
82115,-0.0744971,0.0225409,1.00718,-0.0711613,-0.00532055,-0.0204579,1.28207,4.22916,-0.018931,0.595101,1.29879,4.32689,1.32441,4.32756,669,1997,1.32415,4.32733,0,-177.36,-176.37
82135,-0.0747446,0.0222961,1.00353,-0.0329933,0.170252,-0.112061,1.27277,4.25856,-0.0193466,0.597361,1.29749,4.31928,1.32374,4.32448,669,1997,1.32348,4.32423,0,-177.34,-176.357
82155,-0.0753635,0.0223573,1.00104,-0.216199,1.95651,-0.0204579,1.27944,4.30434,-0.0214568,0.61669,1.30408,4.29951,1.32671,4.32074,669,1997,1.32647,4.32049,0,-177.292,-176.305
82175,-0.0808712,0.0199094,1.0067,-0.0177259,1.13972,0.0482444,1.13299,4.59199,-0.0232923,0.652324,1.27758,4.36824,1.31104,4.3728,669,1997,1.31079,4.37255,0,-177.351,-176.379
82197,-0.0700414,0.0227857,1.00159,0.0662441,-1.34883,0.0329772,1.30323,3.99918,-0.0225476,0.639087,1.27339,4.36023,1.30764,4.36292,669,1997,1.3074,4.36268,0,-177.334,-176.375
82217,-0.0760442,0.0206438,1.00761,0.150213,-2.20379,-0.0357251,1.1737,4.31502,-0.0228563,0.615836,1.26915,4.34849,1.30387,4.34575,669,1997,1.3036,4.34551,0,-177.459,-176.493
82237,-0.0709078,0.020399,1.00226,0.0891447,0.0633817,-0.00519073,1.16598,4.04599,-0.0205085,0.591882,1.27822,4.25891,1.30863,4.2844,669,1997,1.30838,4.28413,0,-177.392,-176.416
82257,-0.0768487,0.0215617,1.0053,-0.0329933,0.200786,-0.0280915,1.2287,4.3704,-0.0212447,0.597486,1.25797,4.26964,1.29514,4.2894,669,1997,1.29489,4.28911,0,-177.169,-176.222
82277,-0.0755491,0.0208886,1.00329,0.0128088,-0.188527,-0.0357251,1.19273,4.30539,-0.0221336,0.598356,1.25131,4.2971,1.28864,4.30309,668,1997,1.2884,4.30281,0,-177.29,-176.336
82299,-0.0743114,0.020399,1.00213,0.157846,0.0557482,-0.0204579,1.16613,4.24003,-0.0217094,0.59909,1.22865,4.27976,1.27326,4.29247,668,1996,1.27303,4.29217,0,-177.333,-176.387
82319,-0.0770962,0.0208274,1.00767,-0.0177259,-0.0969236,-0.0128243,1.18407,4.3742,-0.0208884,0.599899,1.23335,4.2781,1.27275,4.28974,669,1997,1.27251,4.28945,0,-177.302,-176.366
82339,-0.0846462,0.0189302,1.0053,-0.0482597,0.979412,-0.188397,1.07878,4.81211,-0.0219452,0.611823,1.21331,4.31693,1.25769,4.31499,669,1997,1.25744,4.31473,0,-177.363,-176.431
82359,-0.0741877,0.0238872,1.00426,0.0967779,-0.157992,-0.0128243,1.36257,4.22373,-0.0213531,0.60929,1.22365,4.30418,1.25979,4.30683,668,1997,1.25956,4.30659,0,-177.351,-176.414
82379,-0.0761061,0.0228469,1.00445,0.00517464,-0.822114,-0.0662594,1.30301,4.33186,-0.0207,0.60413,1.23571,4.3081,1.26395,4.30605,668,1997,1.26371,4.30581,0,-177.422,-176.488
82401,-0.0660807,0.0205214,0.998665,0.0357094,0.620634,0.00244284,1.17719,3.78489,-0.0198942,0.597916,1.2262,4.25736,1.25669,4.2744,668,1997,1.25642,4.27418,0,-177.416,-176.475
82421,-0.065957,0.0226633,0.999822,-0.162764,1.6817,-0.0586258,1.29852,3.7733,-0.0198823,0.613276,1.21884,4.2508,1.24936,4.2752,668,1997,1.24909,4.27498,0,-177.383,-176.444
82441,-0.0740639,0.0193586,1.00256,0.173114,-2.02822,0.0177101,1.1062,4.22425,-0.0209544,0.621276,1.20849,4.37058,1.24038,4.34454,668,1997,1.2401,4.34437,0,-177.392,-176.476
82461,-0.0626152,0.0196646,0.994588,0.24945,-0.730511,0.0100764,1.13268,3.60165,-0.0188204,0.605231,1.19062,4.30759,1.22787,4.30475,668,1998,1.22761,4.30458,0,-177.165,-176.272
82481,-0.0847081,0.0203378,1.01157,0.150213,-1.14273,-0.104427,1.15179,4.78579,-0.0202131,0.624758,1.18431,4.3273,1.21963,4.32214,668,1997,1.21939,4.32197,0,-177.161,-176.272
82503,-0.0764774,0.018869,1.00919,0.0891447,-0.00532055,0.0558779,1.07114,4.33288,-0.0180332,0.612865,1.20012,4.31416,1.22566,4.30939,668,1998,1.22539,4.30926,0,-177.313,-176.404
82523,-0.075611,0.0215005,1.00524,-0.0177259,-0.348832,-0.0357251,1.22528,4.30054,-0.0177923,0.615965,1.20062,4.31224,1.22331,4.30954,668,1997,1.22304,4.30941,0,-177.179,-176.283
82543,-0.0695463,0.0199706,0.999152,-0.116962,-0.0969236,-0.0433587,1.14505,3.98088,-0.0176888,0.602011,1.22735,4.25906,1.23628,4.27308,668,1997,1.23603,4.27295,0,-177.107,-176.201
82563,-0.0748065,0.0224185,1.00171,-0.0635271,0.849641,-0.0815266,1.28208,4.2698,-0.0189899,0.609752,1.22963,4.28693,1.23638,4.2902,668,1997,1.23615,4.29009,0,-176.928,-176.029
82583,-0.0714028,0.0159928,0.99903,0.0891447,-0.883183,-0.0891602,0.917129,4.08758,-0.0201383,0.61473,1.20528,4.31429,1.22125,4.30715,669,1997,1.22102,4.30704,0,-176.618,-175.745
82605,-0.0763536,0.0201542,0.999639,-0.162764,0.223687,-0.0662594,1.15501,4.36695,-0.0211951,0.618287,1.20349,4.30964,1.21781,4.30587,668,2001,1.21755,4.30579,0,-176.546,-175.68
82625,-0.0797573,0.0229081,1.00694,0.127313,-0.463336,-0.0357251,1.30326,4.52763,-0.0213664,0.623402,1.21632,4.33587,1.22354,4.32286,668,1996,1.22329,4.32279,0,-176.483,-175.622
82645,-0.0775913,0.0183795,1.00408,0.00517464,-0.219061,0.0864123,1.04867,4.41807,-0.0203927,0.61409,1.20946,4.33309,1.21932,4.31848,669,1997,1.21905,4.31842,0,-176.424,-175.566
82665,-0.0759823,0.020399,1.00512,0.0662441,0.0633817,0.0177101,1.16267,4.3222,-0.0198159,0.612823,1.19367,4.32102,1.20913,4.31242,668,1996,1.20889,4.31239,0,-176.215,-175.382
82685,-0.0756729,0.0205826,1.00858,0.119678,-0.60074,-0.157863,1.16909,4.2899,-0.0188574,0.606396,1.194,4.30772,1.2077,4.30286,668,1997,1.20748,4.30284,0,-175.936,-175.126
82707,-0.0794479,0.0207662,1.0112,-0.185664,0.597733,0.00244284,1.17647,4.49143,-0.0180669,0.603709,1.20863,4.28032,1.21462,4.28569,668,1996,1.21443,4.28566,0,-176.102,-175.274
82727,-0.0753635,0.019481,1.00633,-0.0100918,-0.211427,-0.0433587,1.10902,4.28204,-0.0185894,0.602,1.19579,4.29302,1.20608,4.2916,668,1997,1.20588,4.29161,0,-176.48,-175.632
82747,-0.0746208,0.0208274,1.00092,0.0738773,-0.0740228,-0.00519073,1.19205,4.26274,-0.0179668,0.599787,1.20431,4.30106,1.20965,4.29533,668,2001,1.20946,4.29537,0,-176.772,-175.902
82767,-0.075611,0.0197258,1.00755,0.00517464,-0.0816565,-0.0509923,1.12159,4.29086,-0.0184892,0.600092,1.19814,4.30421,1.20486,4.29749,668,1996,1.20469,4.29756,0,-176.954,-176.084
82787,-0.0746208,0.0199094,1.00366,0.0891447,0.0481145,-0.142595,1.13642,4.25123,-0.0179277,0.599665,1.20105,4.28893,1.20558,4.28905,668,1996,1.20541,4.28913,0,-177.052,-176.176
82809,-0.0779626,0.0223573,1.0095,0.0357094,0.154985,0.0177101,1.26872,4.41506,-0.0177479,0.604017,1.19659,4.29283,1.20202,4.29269,669,1997,1.20187,4.29275,0,-176.852,-175.997
82829,-0.0741877,0.0243768,1.00384,-0.0177259,0.116817,-0.112061,1.39108,4.22546,-0.0172932,0.604491,1.21574,4.28058,1.21202,4.28576,668,1997,1.21186,4.28583,0,-176.728,-175.876
82849,-0.0743733,0.021011,1.00268,0.165481,-0.692343,-0.0586258,1.20044,4.24118,-0.0180905,0.604674,1.2039,4.28842,1.20502,4.28936,668,1997,1.2049,4.28944,0,-177.133,-176.262
82869,-0.0819232,0.0226021,1.00341,-0.0100918,0.544298,0.0558779,1.29038,4.66636,-0.0174221,0.603133,1.22027,4.30336,1.21425,4.29644,668,1996,1.21412,4.29651,0,-177.313,-176.423
82889,-0.073445,0.0200318,1.00658,0.0738773,-0.150359,-0.0891602,1.14009,4.17238,-0.0180514,0.609485,1.21551,4.343,1.21165,4.32328,668,1996,1.21154,4.32336,0,-177.179,-176.302
82911,-0.0760442,0.0214393,1.0025,-0.0177259,0.0252137,0.0100764,1.22513,4.33685,-0.0179327,0.607943,1.21036,4.3082,1.20872,4.30445,668,1997,1.20861,4.30454,0,-177.171,-176.305
82931,-0.0764774,0.0232753,1.00804,-0.0406265,0.10155,0.0100764,1.32271,4.33743,-0.0182872,0.613043,1.22687,4.30054,1.21787,4.30242,669,1997,1.21777,4.30252,0,-177.351,-176.47
82951,-0.0775294,0.0204602,1.0025,-0.0711613,0.437428,-0.0433587,1.1692,4.42132,-0.0187028,0.615974,1.24384,4.30776,1.2285,4.30726,669,1997,1.22842,4.30736,0,-177.659,-176.749
82970,-0.0744352,0.0202766,1.00305,0.020442,-0.478603,-0.0433587,1.15808,4.24322,-0.0194848,0.618143,1.23617,4.33899,1.22546,4.32626,669,1997,1.22539,4.32639,0,-177.864,-176.953
82990,-0.0760442,0.0208886,1.00378,-0.0558939,0.307657,0.00244284,1.19215,4.33141,-0.0190759,0.616571,1.22932,4.31522,1.22288,4.31316,669,1996,1.22282,4.31331,0,-177.607,-176.718
83012,-0.0747446,0.0215617,1.00694,-0.0253592,0.200786,-0.0280915,1.22669,4.24427,-0.0202091,0.619609,1.22474,4.32578,1.22052,4.32093,669,1995,1.22048,4.32109,0,-177.164,-176.313
83032,-0.0751778,0.0188078,1.00475,0.020442,-0.661809,0.0406108,1.07239,4.27829,-0.0209758,0.619152,1.20859,4.34597,1.21125,4.33298,669,1997,1.2112,4.33316,0,-176.781,-175.963
83052,-0.0742495,0.0210722,1.00341,-0.0558939,0.0633817,-0.0815266,1.20306,4.23108,-0.0208876,0.61645,1.20063,4.33681,1.20602,4.32806,669,1997,1.20597,4.32821,0,-176.818,-176.003
83072,-0.0779007,0.0202766,1.00341,-0.0558939,-0.180893,-0.0509923,1.15765,4.4384,-0.0216238,0.616053,1.20254,4.34753,1.2059,4.3351,669,1997,1.20586,4.33525,0,-176.779,-175.962
83092,-0.0749922,0.0198482,1.00505,0.0433426,-0.142725,0.0177101,1.13135,4.26639,-0.021505,0.612726,1.19453,4.3486,1.2006,4.33615,669,1997,1.2006,4.33629,0,-176.603,-175.799
83114,-0.0735069,0.0242544,1.00493,0.0509768,0.193153,-0.0891602,1.38259,4.1823,-0.0207755,0.616467,1.20405,4.33726,1.20497,4.33306,669,1997,1.20496,4.33317,0,-176.341,-175.554
83134,-0.074002,0.0211946,1.00858,0.0357094,-0.0892901,0.0329772,1.20385,4.19547,-0.0201682,0.614162,1.21036,4.3275,1.20852,4.32733,669,1997,1.20851,4.32742,0,-176.581,-175.764
83154,-0.0779626,0.0209498,1.00536,-0.147496,0.338191,-0.0967938,1.19376,4.43328,-0.021454,0.617338,1.2174,4.32388,1.21209,4.32645,669,1997,1.21209,4.32655,0,-176.804,-175.954
83174,-0.0751778,0.0181347,1.00585,-0.0864277,-0.0740228,-0.0891602,1.03289,4.2737,-0.0222513,0.617964,1.18478,4.32863,1.1932,4.32948,669,1997,1.19322,4.32956,0,-176.68,-175.867
83194,-0.0773438,0.0216229,1.00518,0.020442,0.116817,-0.0204579,1.23233,4.39897,-0.0218577,0.618896,1.17544,4.32945,1.18622,4.33037,669,1997,1.18626,4.33044,0,-176.449,-175.667
83216,-0.0738782,0.0224185,1.0053,-0.0253592,0.170252,-0.0280915,1.2775,4.20201,-0.0222275,0.620332,1.18364,4.32947,1.18894,4.33124,668,1997,1.18897,4.33131,0,-176.368,-175.6
83236,-0.0780245,0.0226021,1.00652,0.0738773,-0.157992,-0.0662594,1.28641,4.43156,-0.0212538,0.621218,1.19414,4.33448,1.19417,4.33426,668,1997,1.19424,4.33432,0,-176.591,-175.804
83256,-0.075054,0.0220513,1.0039,-0.0558939,-0.0740228,0.0711452,1.25834,4.2746,-0.0209518,0.616516,1.19764,4.3344,1.19584,4.33262,669,1997,1.19593,4.33267,0,-177.025,-176.201
83276,-0.0751778,0.0204602,1.00469,0.0738773,-0.318298,-0.0128243,1.16665,4.27841,-0.0209399,0.614394,1.18844,4.34662,1.19033,4.33917,668,1997,1.19042,4.33923,0,-177.073,-176.257
83296,-0.0769106,0.0207662,1.00749,0.00517464,-0.0892901,-0.0357251,1.1808,4.3645,-0.0200425,0.611234,1.18454,4.3446,1.18744,4.33766,668,1997,1.18754,4.33767,0,-177.06,-176.251
83318,-0.07722,0.0218677,1.00293,-0.0253592,0.185519,0.0635116,1.24908,4.40175,-0.0201527,0.613342,1.20187,4.35221,1.19657,4.34408,668,1997,1.19669,4.3441,0,-177.424,-176.586
83338,-0.0763536,0.0205214,1.00432,0.0128088,0.0175803,0.0482444,1.17056,4.34663,-0.0206447,0.61435,1.20392,4.36601,1.19767,4.35405,669,1997,1.19781,4.35406,0,-177.688,-176.83
83358,-0.0780864,0.0192974,1.00238,-0.0329933,0.132084,-0.0357251,1.1029,4.45359,-0.0215946,0.617083,1.19864,4.37575,1.1946,4.36279,668,1996,1.19475,4.36278,0,-177.923,-177.048
83378,-0.0741877,0.0192362,1.00572,0.0891447,-0.501504,-0.0357251,1.09575,4.21804,-0.0212773,0.613099,1.19504,4.36557,1.19268,4.35766,668,1997,1.19284,4.35765,0,-178.054,-177.174
83398,-0.0781483,0.0221125,1.00408,0.05861,0.170252,-0.0280915,1.2616,4.44932,-0.0205937,0.611053,1.19275,4.35707,1.19133,4.35326,668,1997,1.1915,4.35321,0,-177.858,-176.99
83420,-0.0757967,0.0206438,1.00579,-0.0253592,-0.241962,0.0558779,1.17583,4.3088,-0.0197574,0.607726,1.20812,4.34586,1.20034,4.34658,668,1997,1.2005,4.34651,0,-178.175,-177.272
83440,-0.0748684,0.0218065,1.00347,0.0509768,0.0939159,-0.0433587,1.2449,4.26589,-0.0189821,0.60481,1.22619,4.34176,1.21171,4.34366,668,2001,1.21188,4.34359,0,-178.586,-177.645
83460,-0.0770344,0.0210722,1.00396,0.0128088,-0.0969236,-0.0586258,1.20241,4.38678,-0.0195504,0.60449,1.21372,4.33908,1.20576,4.34236,668,2001,1.20594,4.34228,0,-178.454,-177.531
83480,-0.075054,0.0224797,1.00384,-0.0329933,0.0328474,0.0711452,1.28285,4.27482,-0.0198438,0.602826,1.21204,4.33853,1.20525,4.34186,668,1998,1.20545,4.34177,0,-178.394,-177.48
83500,-0.0781483,0.0234589,0.99897,-0.0711613,0.0862825,-0.142595,1.34523,4.47185,-0.0201067,0.605086,1.23463,4.35034,1.21872,4.34965,668,1997,1.2189,4.34955,0,-178.681,-177.736
83522,-0.074002,0.0208274,1.00432,-0.124596,0.0862825,0.0406108,1.18801,4.21323,-0.0213467,0.60559,1.24432,4.34843,1.22593,4.34988,668,1997,1.22613,4.34979,0,-178.97,-177.999
83542,-0.0711553,0.0213169,1.00512,-0.178031,1.18552,-0.0204579,1.21497,4.04848,-0.0232432,0.614033,1.23202,4.32342,1.2202,4.33972,668,1997,1.2204,4.33963,0,-179.327,-178.338
83562,-0.0798192,0.0203378,1.00633,-0.101695,0.895443,-0.0738931,1.15778,4.5341,-0.0273687,0.643729,1.21196,4.37993,1.20824,4.38299,668,1996,1.20844,4.38289,0,-179.426,-178.447
83582,-0.0767249,0.0208274,1.00299,-0.0177259,0.170252,-0.157863,1.1896,4.37347,-0.0286393,0.64976,1.20108,4.40126,1.20175,4.39847,668,1996,1.20195,4.39836,0,-179.206,-178.259
83602,-0.0751159,0.0246216,1.00219,-0.208566,1.13972,-0.0891602,1.40734,4.2851,-0.0299862,0.658294,1.20916,4.39201,1.2055,4.3981,668,1997,1.20567,4.398,0,-179.492,-178.526
83624,-0.0759823,0.0217453,1.00372,-0.0711613,-0.654176,0.0329772,1.24111,4.32808,-0.0314246,0.65828,1.21508,4.41137,1.20864,4.40979,668,1996,1.20882,4.40966,0,180,-179.001
83644,-0.074002,0.0202766,1.00043,0.020442,-0.79158,-0.0128243,1.1611,4.22961,-0.0301303,0.644982,1.21185,4.40256,1.20823,4.40028,668,2001,1.20838,4.40013,0,179.746,-179.24
83664,-0.07722,0.0204602,1.00572,0.0433426,0.0328474,0.0100764,1.16545,4.38968,-0.0303474,0.642845,1.20619,4.38948,1.20544,4.39252,668,1997,1.2056,4.39237,0,179.426,-179.537
83684,-0.0754253,0.0216841,0.999943,0.127313,-0.783947,0.00244284,1.24229,4.31262,-0.0284271,0.633777,1.21485,4.39475,1.21124,4.39225,668,1996,1.21141,4.39209,0,179.038,-179.882
83704,-0.0770344,0.0215005,1.00384,0.150213,-0.440435,0.0635116,1.22699,4.38726,-0.0257587,0.622449,1.23078,4.36925,1.2221,4.37377,668,2001,1.22226,4.3736,0,178.62,179.741
83726,-0.0757348,0.0197258,1.00603,0.05861,-0.104557,-0.0433587,1.12329,4.30434,-0.0246171,0.615656,1.2211,4.34108,1.2183,4.35474,668,1997,1.21845,4.35457,0,178.353,179.507
83746,-0.0783339,0.0182571,1.00378,0.0280762,0.132084,0.0100764,1.042,4.46154,-0.0238418,0.616404,1.20086,4.34676,1.20734,4.35711,669,1996,1.20747,4.35692,0,178.003,179.171
83766,-0.0735069,0.0213781,1.00049,-0.0253592,0.10155,-0.00519073,1.22409,4.20106,-0.0239979,0.620008,1.1923,4.35142,1.20143,4.36093,669,1997,1.20156,4.36073,0,177.915,179.083
83786,-0.0772819,0.0226633,1.00816,-0.139863,0.895443,0.0635116,1.28779,4.38242,-0.0261844,0.633459,1.21047,4.34415,1.20991,4.36161,668,2001,1.21003,4.3614,0,177.715,178.914
83806,-0.0785196,0.0194198,1.00378,-0.0329933,0.361092,0.0558779,1.10835,4.47197,-0.0273328,0.639108,1.21909,4.36664,1.21476,4.37546,668,1997,1.21489,4.37525,0,177.617,178.824
83828,-0.074002,0.020705,1.00226,0.0815105,0.132084,-0.0815266,1.18347,4.2219,-0.0275042,0.64346,1.21437,4.37903,1.2126,4.38425,668,1997,1.2127,4.38402,0,177.625,178.812
83848,-0.085265,0.019175,1.00931,-0.262,1.97178,-0.112061,1.08838,4.82791,-0.0309274,0.675338,1.20126,4.38696,1.20393,4.40115,668,2001,1.20402,4.4009,0,177.694,178.874
83868,-0.0767249,0.0192974,1.00207,-0.0329933,0.467962,0.0253437,1.10324,4.37757,-0.0319231,0.686468,1.19444,4.41499,1.19921,4.42117,669,1997,1.19929,4.42092,0,177.822,178.988
83888,-0.0777151,0.0240708,1.00579,0.0967779,-0.432801,-0.0891602,1.37096,4.4171,-0.0308272,0.688392,1.21485,4.42792,1.21078,4.42927,669,1997,1.21085,4.42902,0,177.917,179.083
83908,-0.0730737,0.0265187,1.00195,0.150213,-1.92898,0.12458,1.5161,4.16982,-0.0284489,0.659904,1.24934,4.40647,1.23209,4.40557,669,1997,1.23214,4.4053,0,178.016,179.193
83929,-0.0731975,0.0196646,0.999213,0.150213,-1.03586,0.0177101,1.12744,4.18892,-0.0264981,0.634164,1.2515,4.37495,1.23698,4.37703,669,1997,1.23703,4.37676,0,178.399,179.554
83949,-0.07295,0.0190526,1.00366,0.0662441,-0.333565,0.0406108,1.08753,4.15645,-0.0252648,0.631035,1.21451,4.3435,1.21813,4.35761,669,1997,1.21815,4.35735,0,178.688,179.808
83969,-0.0800048,0.020399,1.00524,-0.0482597,0.0328474,-0.0891602,1.16253,4.54953,-0.0253293,0.630318,1.21104,4.34685,1.21583,4.35723,669,1997,1.21582,4.35697,0,178.816,179.926
83989,-0.0803761,0.0222961,1.00542,0.0738773,-0.165626,-0.0586258,1.27038,4.56955,-0.0246456,0.628624,1.21998,4.37184,1.22081,4.36982,669,1993,1.22081,4.36955,0,178.717,179.842
84009,-0.0747446,0.0240096,1.00572,0.020442,-0.0663893,0.00244284,1.36756,4.24916,-0.0234123,0.627097,1.23864,4.35879,1.23226,4.36234,669,1997,1.23224,4.36207,0,178.52,179.676
84031,-0.0764155,0.019175,1.00372,-0.0558939,0.0023129,-0.0280915,1.09445,4.35289,-0.0233852,0.625464,1.23361,4.34089,1.23071,4.35096,669,1997,1.23064,4.35069,0,178.678,179.822
84051,-0.079881,0.019481,1.00457,-0.0406265,-0.127458,-0.134962,1.11097,4.54562,-0.0238771,0.623434,1.22112,4.35929,1.22403,4.35956,669,1997,1.22393,4.35927,0,179.002,-179.884
84071,-0.0770962,0.0195422,1.00518,-0.0100918,-0.0587556,-0.104427,1.11378,4.38513,-0.0227965,0.620503,1.19936,4.37126,1.21168,4.36548,669,1997,1.21157,4.36518,0,179.069,-179.832
84091,-0.0739401,0.0224185,1.00512,-0.0558939,0.338191,-0.0662594,1.27774,4.20627,-0.0227846,0.620275,1.21587,4.33447,1.21958,4.34522,669,1998,1.21947,4.34493,0,179.164,-179.732
84111,-0.079386,0.020399,1.00256,0.020442,-0.226695,-0.0509923,1.16563,4.52649,-0.0233223,0.626031,1.20954,4.36634,1.21556,4.36462,669,1997,1.21547,4.36432,0,179.263,-179.649
84133,-0.0754872,0.0218677,1.00652,-0.0635271,0.154985,-0.0357251,1.24462,4.28806,-0.0230051,0.61997,1.21807,4.35157,1.22004,4.35415,669,1997,1.21994,4.35382,0,179.263,-179.656
84153,-0.0772819,0.0186243,1.00165,-0.00245857,-0.0740228,-0.112061,1.06521,4.41114,-0.0232069,0.622551,1.20292,4.35918,1.2113,4.35959,669,1995,1.21123,4.35924,0,179.485,-179.459
84173,-0.0754253,0.0221125,1.00432,-0.0406265,-0.241962,-0.0433587,1.26129,4.29385,-0.0229965,0.617819,1.20154,4.34804,1.20939,4.35147,668,2001,1.20934,4.35112,0,179.709,-179.247
84193,-0.078272,0.0231529,1.0053,0.0433426,-0.264863,0.0100764,1.31934,4.45086,-0.0235037,0.615224,1.21442,4.34023,1.21556,4.34548,668,1997,1.21549,4.34512,0,-179.902,-178.871
84213,-0.0771581,0.0220513,1.00572,0.020442,-0.188527,-0.0967938,1.25605,4.38603,-0.0219956,0.607789,1.229,4.34108,1.2247,4.34235,668,1997,1.22463,4.34199,0,-179.739,-178.71
84235,-0.0776532,0.0237036,1.00834,-0.0329933,0.12445,-0.00519073,1.34664,4.40249,-0.0222586,0.604919,1.25501,4.33696,1.24042,4.33884,669,2001,1.24035,4.33846,0,180,-178.934
84255,-0.073445,0.0221737,1.00153,-0.00245857,-0.0969236,-0.0204579,1.26832,4.19315,-0.0227657,0.602294,1.25642,4.32199,1.24325,4.32919,668,1997,1.24316,4.3288,0,179.869,-179.052
84275,-0.0776532,0.0199094,1.00475,0.0662441,0.200786,-0.0738931,1.13518,4.41851,-0.022876,0.60579,1.24874,4.32856,1.24099,4.33339,668,1997,1.24089,4.33301,0,179.869,-179.05
84295,-0.0764774,0.0215617,1.00487,-0.00245857,0.216053,0.0253437,1.22922,4.3512,-0.0231694,0.610783,1.24704,4.34144,1.24124,4.34255,668,1997,1.24111,4.34216,0,179.868,-179.041
84315,-0.078272,0.0187466,1.00572,-0.0635271,0.330557,-0.0586258,1.06787,4.44939,-0.0228369,0.61057,1.23326,4.34276,1.23475,4.34334,668,1997,1.23459,4.34294,0,179.934,-178.978
84337,-0.0739401,0.0222349,1.0067,0.0128088,-0.0205877,-0.0891602,1.26528,4.19971,-0.0228098,0.613548,1.2108,4.34614,1.22163,4.34695,669,1997,1.22147,4.34656,0,-179.934,-178.864
84357,-0.0747446,0.0202766,1.00579,-0.101695,0.223687,-0.0509923,1.15492,4.24924,-0.0240803,0.617624,1.20908,4.32823,1.21917,4.33803,668,1997,1.21899,4.33764,0,-179.769,-178.718
84377,-0.07722,0.0206438,1.00505,-0.0482597,0.216053,-0.0204579,1.17669,4.39257,-0.0239157,0.620694,1.21709,4.33034,1.22287,4.33915,668,1997,1.22268,4.33878,0,-179.638,-178.606
84397,-0.0749922,0.020399,1.00457,-0.0864277,0.0175803,-0.0433587,1.1633,4.2684,-0.0250489,0.622267,1.19535,4.32756,1.2092,4.33722,669,1999,1.20901,4.33686,0,-179.473,-178.463
84417,-0.0766012,0.0179511,1.00798,-0.116962,0.0862825,0.0482444,1.02027,4.34515,-0.0256477,0.62355,1.17348,4.31608,1.19471,4.32968,669,1997,1.19453,4.32934,0,-179.046,-178.076
84439,-0.0746827,0.0225409,1.00414,-0.0177259,0.109183,0.0329772,1.28595,4.25246,-0.0258648,0.622909,1.16882,4.30527,1.18897,4.32122,668,1998,1.18878,4.32088,0,-178.979,-178.025
84459,-0.0767868,0.0227857,1.0011,-0.0253592,0.0862825,-0.104427,1.30386,4.38501,-0.0262956,0.623535,1.19206,4.31493,1.19943,4.32462,669,1998,1.19923,4.32428,0,-178.681,-177.743
84479,-0.0736307,0.0248052,1.00323,0.0509768,0.109183,0.0482444,1.41637,4.19634,-0.0266959,0.624971,1.21697,4.32472,1.21241,4.32968,668,1997,1.21222,4.32933,0,-178.423,-177.498
84499,-0.0785815,0.0208274,1.00597,0.0128088,0.231321,-0.0280915,1.18607,4.46565,-0.0270046,0.628223,1.23242,4.33503,1.22197,4.3356,668,1997,1.22176,4.33529,0,-178.361,-177.435
84519,-0.0735069,0.0185019,1.00305,0.112045,-0.417534,-0.104427,1.05674,4.19064,-0.0263515,0.62601,1.20686,4.34307,1.20872,4.33924,668,1996,1.20853,4.33894,0,-178.365,-177.456
84541,-0.0754253,0.0224797,1.00256,-0.0177259,-0.0205877,-0.0204579,1.28449,4.30134,-0.0264312,0.625491,1.21094,4.32588,1.21059,4.32887,669,2001,1.21041,4.32859,0,-178.527,-177.598
84561,-0.0748065,0.023826,1.00591,-0.00245857,-0.127458,-0.134962,1.35686,4.25191,-0.0256865,0.623706,1.23327,4.33008,1.22389,4.33001,668,1996,1.22372,4.32974,0,-178.427,-177.48
84581,-0.0763536,0.0213169,1.00317,-0.0177259,-0.0205877,-0.0815266,1.21733,4.35155,-0.0255067,0.623294,1.23062,4.32636,1.22376,4.3272,669,1996,1.2236,4.32694,0,-178.305,-177.372
84601,-0.0752397,0.0202766,1.00372,-0.0177259,-0.19616,-0.0509923,1.1573,4.28607,-0.0263192,0.619019,1.21332,4.3307,1.21436,4.32753,668,2001,1.21421,4.32729,0,-178.363,-177.428
84621,-0.0780864,0.0229081,1.00518,-0.0406265,0.0862825,0.0329772,1.30555,4.44091,-0.0261394,0.619844,1.2251,4.33659,1.2211,4.33115,668,1996,1.22096,4.33092,0,-178.164,-177.236
84643,-0.0774675,0.0226021,1.00414,-0.0253592,-0.203794,-0.142595,1.28944,4.4104,-0.0272114,0.618913,1.23661,4.35143,1.22789,4.33958,669,1996,1.22773,4.33937,0,-178.108,-177.183
84663,-0.0649668,0.0245604,0.996475,0.35632,-1.99769,-0.0280915,1.4119,3.72908,-0.0220392,0.584609,1.24895,4.32374,1.2382,4.31151,668,1996,1.23805,4.31132,0,-178.271,-177.316
84683,-0.0682467,0.0199094,0.999152,0.020442,-0.0129542,0.0177101,1.14154,3.90672,-0.021035,0.575571,1.24486,4.26813,1.23811,4.27676,669,1996,1.23797,4.27659,0,-178.306,-177.347
84703,-0.0780864,0.0218065,1.00597,-0.170398,0.414527,0.0329772,1.24182,4.43754,-0.0242292,0.591419,1.22197,4.29347,1.22458,4.29624,668,1996,1.22442,4.29608,0,-178.304,-177.36
84723,-0.0757348,0.0191138,1.00865,0.119678,-0.699977,-0.0433587,1.08563,4.29326,-0.023515,0.592045,1.2159,4.30513,1.22145,4.30252,668,2000,1.22129,4.3024,0,-178.363,-177.41
84745,-0.0749303,0.0221737,1.00536,-0.0406265,0.216053,-0.0662594,1.26348,4.26139,-0.0223733,0.586565,1.21626,4.2815,1.2214,4.2864,668,2001,1.22122,4.28629,0,-178.493,-177.53
84765,-0.0767868,0.0190526,1.00165,-0.0787945,0.0328474,0.0558779,1.08971,4.38296,-0.0243156,0.593481,1.20827,4.28878,1.2156,4.29237,669,1997,1.21542,4.29226,0,-178.436,-177.493
84785,-0.0769725,0.0189914,1.00183,-0.0100918,-0.0434885,-0.0204579,1.08601,4.39272,-0.0252197,0.597818,1.18573,4.29389,1.20128,4.29606,669,1997,1.20106,4.29597,0,-178.406,-177.478
84805,-0.0794479,0.0215005,1.00426,0.0509768,-0.516771,-0.0509923,1.22647,4.52225,-0.0253453,0.58994,1.18816,4.31055,1.20056,4.30153,668,1997,1.20033,4.30146,0,-178.462,-177.526
84825,-0.0757967,0.0227245,1.01157,-0.0558939,-0.379366,-0.0662594,1.28691,4.28409,-0.0251654,0.583712,1.20934,4.30361,1.21113,4.29556,669,1997,1.21087,4.29549,0,-178.469,-177.524
84847,-0.0730737,0.0226021,1.00153,0.0509768,-0.425168,-0.0357251,1.29281,4.17199,-0.0243291,0.572475,1.21324,4.29048,1.21335,4.28403,669,2001,1.21311,4.28396,0,-178.608,-177.649
84866,-0.0759823,0.0204602,1.01053,-0.124596,0.895443,0.0635116,1.15991,4.29912,-0.0262561,0.583789,1.19874,4.27423,1.20416,4.2796,669,1997,1.20394,4.27953,0,-178.601,-177.646
84886,-0.0778389,0.020705,1.00652,-0.0329933,0.750405,-0.104427,1.17846,4.42123,-0.0268549,0.595347,1.19833,4.29155,1.20294,4.29348,669,1997,1.20272,4.29342,0,-178.534,-177.584
84906,-0.0747446,0.0224185,1.00073,-0.0558939,-0.173259,-0.0967938,1.28333,4.27041,-0.0255606,0.592065,1.20471,4.30344,1.20626,4.29864,669,1997,1.20606,4.29859,0,-178.669,-177.712
84926,-0.075611,0.0216841,1.00487,0.0662441,-0.173259,-0.0891602,1.23619,4.30208,-0.0257472,0.591088,1.2124,4.31979,1.21029,4.30794,669,1997,1.21011,4.30791,0,-178.76,-177.795
84948,-0.0744971,0.0206438,1.00463,-0.0253592,-0.211427,-0.0357251,1.17719,4.24005,-0.0250788,0.586325,1.2153,4.30369,1.21254,4.298,669,1997,1.21237,4.298,0,-178.911,-177.917
84968,-0.0715266,0.0216841,1.0042,0.104412,-0.692343,0.0100764,1.23702,4.07319,-0.0241661,0.57973,1.20698,4.29614,1.20822,4.29152,667,1997,1.20807,4.29153,0,-179.012,-178.015
84988,-0.0754872,0.0211946,1.00335,0.020442,0.0939159,-0.0586258,1.21012,4.30159,-0.0236351,0.575028,1.2091,4.27858,1.20937,4.27947,669,1997,1.20921,4.27948,0,-179.216,-178.215
85008,-0.0785815,0.0222349,1.00366,0.00517464,0.0175803,-0.188397,1.26912,4.47576,-0.0237148,0.575487,1.2137,4.29597,1.21172,4.28912,669,1998,1.21155,4.28915,0,-179.247,-178.236
85028,-0.075054,0.021011,1.0067,-0.0711613,0.0557482,0.0177101,1.19566,4.26285,-0.0237793,0.575991,1.21971,4.29677,1.21531,4.29065,669,1997,1.21515,4.29071,0,-179.148,-178.141
85050,-0.0780864,0.0206438,1.00682,0.0891447,-0.409901,-0.0815266,1.17462,4.43391,-0.0233552,0.576679,1.20841,4.31414,1.20937,4.3013,669,1997,1.20921,4.30136,0,-179.314,-178.303
85070,-0.0763536,0.0215617,1.00238,-0.0482597,0.429794,-0.0738931,1.23228,4.35495,-0.0231753,0.576129,1.2122,4.30328,1.21135,4.29626,669,1997,1.21121,4.29633,0,-179.247,-178.238
85090,-0.0761061,0.018869,1.00408,-0.0177259,-0.165626,0.0177101,1.0766,4.33378,-0.0233619,0.578496,1.20924,4.30586,1.20975,4.29959,669,1997,1.20961,4.29967,0,-179.279,-178.268
85110,-0.0773438,0.0222349,1.00518,-0.0177259,0.0252137,0.00244284,1.2672,4.39891,-0.0221592,0.577107,1.20104,4.31032,1.20508,4.30222,669,1997,1.20495,4.30232,0,-179.244,-178.236
85130,-0.0749303,0.0212557,1.00165,-0.0329933,0.154985,-0.00519073,1.21568,4.2772,-0.022361,0.577322,1.20775,4.31139,1.20822,4.30413,668,1997,1.20809,4.30421,0,-179.277,-178.264
85152,-0.0753635,0.0208274,1.00402,-0.00245857,0.269489,-0.0433587,1.18837,4.29175,-0.0229293,0.577765,1.20148,4.30241,1.20419,4.30016,668,1998,1.20407,4.30022,0,-179.476,-178.459
85172,-0.0746827,0.0230917,1.00457,0.020442,0.0404809,0.0177101,1.31681,4.25061,-0.0235586,0.579887,1.19629,4.31161,1.20031,4.30677,669,1998,1.20021,4.30681,0,-179.378,-178.374
85192,-0.0756729,0.0224185,1.0042,0.0509768,0.0862825,-0.104427,1.2789,4.30838,-0.0227223,0.581705,1.19815,4.31599,1.20105,4.31078,668,1997,1.20097,4.31083,0,-179.147,-178.154
85212,-0.0759204,0.0193586,1.00183,0.020442,-0.173259,-0.0433587,1.107,4.33289,-0.0220081,0.579934,1.20758,4.30958,1.20629,4.30724,668,1997,1.20623,4.30727,0,-179.049,-178.063
85232,-0.0774057,0.0198482,1.00226,0.0738773,-0.257229,-0.0815266,1.13451,4.41541,-0.0206221,0.575919,1.20696,4.31449,1.20643,4.30888,668,1997,1.20638,4.3089,0,-179.216,-178.221
85254,-0.0779007,0.0221737,1.00725,-0.00245857,0.0481145,-0.0128243,1.26112,4.4214,-0.0194499,0.575584,1.20726,4.31233,1.2068,4.30828,668,1997,1.20677,4.30828,0,-179.28,-178.28
85274,-0.0790766,0.0195422,1.00201,0.0509768,-0.226695,-0.104427,1.1173,4.51145,-0.0185831,0.575371,1.19393,4.35944,1.19938,4.33642,668,1997,1.19937,4.3364,0,-179.282,-178.296
85294,-0.0705364,0.0213169,1.00469,-0.0711613,-0.203794,-0.0433587,1.21549,4.01508,-0.0189681,0.569692,1.18909,4.32207,1.19521,4.3164,668,1998,1.1952,4.31638,0,-179.383,-178.389
85314,-0.0762298,0.0199094,1.00305,-0.0329933,0.0175803,0.0558779,1.13711,4.34517,-0.0185135,0.570028,1.19315,4.28975,1.19674,4.29857,668,1997,1.19674,4.29855,0,-179.545,-178.537
85334,-0.0761061,0.0181959,1.00116,-0.0253592,0.109183,0.0940459,1.04122,4.34643,-0.0190054,0.570883,1.17404,4.30759,1.18466,4.30856,668,1997,1.18467,4.30852,0,-179.643,-178.645
85356,-0.0753635,0.0205214,1.00554,-0.0482597,-0.0434885,-0.0280915,1.16915,4.28531,-0.0197111,0.572441,1.18304,4.31961,1.18768,4.31667,669,1997,1.1877,4.31663,0,-179.641,-178.64
85376,-0.0650906,0.0219289,1.00542,0.020442,-0.0816565,0.0100764,1.24946,3.70326,-0.0187831,0.569052,1.19432,4.21963,1.19341,4.25847,669,1997,1.19344,4.25839,0,-179.509,-178.507
85396,-0.0768487,0.0219901,1.00597,0.0815105,0.170252,0.0635116,1.25227,4.36746,-0.0185117,0.573755,1.19847,4.19789,1.19548,4.24218,668,1997,1.19555,4.2421,0,-179.345,-178.348
85416,-0.083656,0.0261515,1.00505,-0.0406265,-0.0358551,-0.0662594,1.4905,4.75646,-0.0183624,0.57545,1.22648,4.2894,1.21143,4.28977,669,1995,1.21151,4.28968,0,-179.411,-178.4
85436,-0.0728881,0.0193586,1.00414,-0.0329933,-0.226695,-0.0204579,1.10446,4.1509,-0.0182436,0.573267,1.23784,4.33178,1.22001,4.31407,668,1997,1.22011,4.31398,0,-179.512,-178.497
85458,-0.0709078,0.0139732,1.0011,-0.0406265,0.0252137,-0.211298,0.799677,4.05109,-0.0181401,0.571008,1.18267,4.27166,1.1903,4.28045,666,1995,1.1904,4.28037,0,-179.608,-178.605
85478,-0.0814282,0.0209498,1.00524,-0.0635271,0.20842,-0.0509923,1.19391,4.63007,-0.0190137,0.573833,1.16481,4.29304,1.17794,4.29236,668,2001,1.17807,4.29228,0,-179.541,-178.549
85498,-0.0766012,0.0246828,1.00256,0.00517464,-0.203794,-0.0586258,1.41032,4.36791,-0.0192003,0.572933,1.19974,4.33312,1.19568,4.31554,668,1996,1.19583,4.31547,0,-179.607,-178.599
85518,-0.0735688,0.0222349,1.00712,-0.0253592,-0.0892901,-0.0662594,1.26475,4.17693,-0.0189136,0.570674,1.2261,4.32146,1.21125,4.31047,668,1997,1.2114,4.3104,0,-179.738,-178.717
85538,-0.0749922,0.0209498,1.00402,0.0815105,0.0633817,-0.0204579,1.19535,4.27067,-0.0180773,0.571819,1.23438,4.29725,1.21816,4.29844,668,1996,1.21833,4.29839,0,-179.64,-178.623
85560,-0.0725168,0.0199706,1.00505,0.0738773,-0.0892901,0.0558779,1.13833,4.12604,-0.0171035,0.570827,1.21186,4.27478,1.20729,4.2852,668,1997,1.20744,4.28515,0,-179.476,-178.468
85580,-0.0744352,0.0210722,1.00603,-0.0177259,0.0481145,-0.112061,1.19993,4.23063,-0.017,0.57098,1.19929,4.26139,1.20023,4.27602,668,1997,1.20037,4.27597,0,-179.376,-178.377
85600,-0.075611,0.0248664,1.00591,0.0433426,0.330557,-0.180763,1.41609,4.29736,-0.0172171,0.576416,1.21095,4.2653,1.20619,4.27856,668,1997,1.20633,4.27849,0,-179.213,-178.223
85620,-0.0767249,0.0239484,1.00524,-0.0406265,0.170252,-0.0738931,1.36474,4.36341,-0.0165793,0.577852,1.24572,4.27976,1.22698,4.28578,669,1997,1.22713,4.28571,0,-179.146,-178.144
85640,-0.0743733,0.0227245,1.00731,-0.116962,0.0862825,0.00244284,1.29235,4.22163,-0.017804,0.582493,1.25282,4.29294,1.233,4.2946,668,1996,1.23315,4.29453,0,-179.141,-178.133
85662,-0.0775913,0.0172779,1.0039,0.0433426,0.177886,-0.0204579,0.986009,4.41895,-0.0191356,0.585715,1.21242,4.29715,1.2118,4.2978,668,1997,1.21193,4.29774,0,-178.91,-177.931
85682,-0.0749922,0.0221125,1.00499,-0.0177259,0.0786488,-0.0815266,1.26045,4.26644,-0.0185436,0.588601,1.21344,4.31239,1.21243,4.30787,669,1997,1.21256,4.30781,0,-178.85,-177.876
85702,-0.0790147,0.0230305,1.00548,-0.0558939,0.116817,0.0482444,1.31213,4.49212,-0.0186538,0.589548,1.2232,4.32937,1.21809,4.3184,668,1996,1.2182,4.31835,0,-178.65,-177.692
85722,-0.0757967,0.0219901,1.00798,0.0891447,-0.0969236,-0.119695,1.24977,4.29935,-0.0181534,0.586083,1.23316,4.33345,1.22466,4.32092,668,2000,1.22477,4.3209,0,-178.535,-177.575
85742,-0.0753635,0.0216841,1.0042,0.0509768,-0.341198,0.0100764,1.23702,4.29089,-0.0168438,0.579549,1.23213,4.33271,1.22579,4.31953,668,2001,1.22592,4.3195,0,-178.692,-177.702
85764,-0.074559,0.0169107,1.00548,-0.0253592,-0.188527,-0.0738931,0.963541,4.24027,-0.0167403,0.575382,1.20873,4.33504,1.21346,4.32089,669,1998,1.2136,4.32085,0,-178.625,-177.645
85784,-0.0749922,0.0209498,1.00591,-0.101695,0.154985,-0.0128243,1.19311,4.26269,-0.0169421,0.573672,1.20241,4.31581,1.20896,4.31109,669,1997,1.20907,4.31104,0,-178.725,-177.749
85803,-0.0776532,0.0219289,1.00384,0.0433426,-0.157992,-0.00519073,1.25143,4.42233,-0.0164875,0.575932,1.22083,4.32287,1.21887,4.31689,669,1997,1.21897,4.31682,0,-178.925,-177.924
85823,-0.070784,0.0215617,1.00323,0.020442,0.0023129,-0.0586258,1.23123,4.03495,-0.015987,0.571078,1.22075,4.28932,1.21936,4.29682,669,1997,1.21946,4.29673,0,-179.093,-178.071
85843,-0.080995,0.0200318,1.00846,-0.116962,0.605366,-0.0357251,1.13796,4.59097,-0.0178072,0.581781,1.21493,4.29698,1.21553,4.30452,669,1997,1.21563,4.30441,0,-179.158,-178.134
85865,-0.0723311,0.0203378,1.00317,-0.00245857,-0.211427,-0.0738931,1.16143,4.1232,-0.0179174,0.582606,1.18605,4.33009,1.19852,4.32409,669,1997,1.19862,4.32396,0,-179.392,-178.367
85885,-0.0777151,0.0248664,1.0025,-0.109328,0.414527,-0.0586258,1.4209,4.43142,-0.0182414,0.586377,1.20212,4.30345,1.20567,4.31084,669,1997,1.20578,4.31072,0,-179.361,-178.341
85905,-0.076168,0.0252336,1.00232,0.0509768,0.0252137,-0.119695,1.44213,4.34429,-0.0187486,0.591034,1.22823,4.34138,1.22006,4.33434,669,1998,1.22015,4.33422,0,-179.03,-178.03
85925,-0.0749922,0.0203378,1.00487,-0.0253592,0.116817,-0.0280915,1.15946,4.26712,-0.0182787,0.590592,1.24781,4.32004,1.23299,4.32299,669,1997,1.23307,4.32285,0,-178.93,-177.926
85945,-0.0767868,0.0170331,1.0056,-0.0100918,-0.0358551,-0.142595,0.970396,4.36595,-0.0186179,0.592501,1.21047,4.31175,1.2135,4.31883,669,1997,1.21357,4.31869,0,-179.131,-178.128
85967,-0.0791384,0.0224185,1.00603,0.0280762,0.223687,-0.0891602,1.27658,4.49675,-0.0178427,0.594867,1.18802,4.3095,1.20017,4.31739,669,1997,1.2002,4.31724,0,-179.333,-178.33
85987,-0.0805618,0.0252948,1.00426,-0.00245857,-0.00532055,-0.0128243,1.44283,4.58498,-0.0178003,0.595967,1.22365,4.35161,1.21929,4.3414,669,1997,1.21932,4.34123,0,-179.435,-178.418
86007,-0.0767868,0.0218677,1.00639,0.0357094,-0.272496,0.0329772,1.24477,4.36213,-0.0171929,0.592426,1.24908,4.37182,1.23512,4.35367,669,1997,1.23515,4.35352,0,-179.267,-178.243
86027,-0.0706602,0.0204602,1.00572,0.0815105,-0.486237,0.0482444,1.16545,4.01806,-0.0156543,0.581052,1.23873,4.32619,1.23177,4.32577,669,1997,1.23182,4.32561,0,-179.399,-178.357
86047,-0.0790766,0.0178899,1.00645,0.00517464,0.0481145,0.0253437,1.01833,4.49176,-0.0162073,0.581129,1.22338,4.30612,1.22391,4.31408,668,1997,1.22394,4.3139,0,-179.801,-178.748
86069,-0.0748065,0.0173391,1.00828,0.0815105,-0.730511,-0.00519073,0.985202,4.2425,-0.0153862,0.571496,1.20819,4.31137,1.21575,4.31265,668,1997,1.21581,4.31245,0,-179.867,-178.82
86089,-0.0743114,0.0265799,1.00938,-0.0406265,-0.00532055,-0.0738931,1.50842,4.20913,-0.0151911,0.565603,1.2331,4.27484,1.22898,4.28919,668,1997,1.22903,4.289,0,-179.901,-178.834
86109,-0.0769106,0.0234589,1.00731,0.0967779,-0.341198,-0.0280915,1.3341,4.36504,-0.014706,0.56597,1.25459,4.31197,1.24259,4.30936,668,1997,1.2426,4.30916,0,-179.967,-178.878
86129,-0.0706602,0.0183183,1.0042,-0.0100918,-0.0587556,0.101679,1.04505,4.02429,-0.0131368,0.556673,1.25198,4.26612,1.24396,4.27991,669,1997,1.24395,4.27969,0,179.967,-178.935
86149,-0.0744971,0.0180123,1.0011,0.00517464,0.0328474,-0.0357251,1.03078,4.25515,-0.0133234,0.558062,1.21573,4.2647,1.22424,4.27799,669,1997,1.22422,4.27776,0,179.802,-179.112
86171,-0.0779007,0.0218677,1.00597,-0.13223,0.338191,-0.0967938,1.2453,4.42703,-0.0143955,0.562719,1.20915,4.26599,1.21887,4.27875,668,1997,1.21884,4.27849,0,179.801,-179.115
86191,-0.0736926,0.0265799,1.00201,-0.0864277,-0.0205877,-0.00519073,1.5195,4.20475,-0.0149026,0.566476,1.2543,4.2705,1.24366,4.28162,669,1997,1.24361,4.28134,0,179.801,-179.095
86211,-0.075054,0.0196646,1.0025,-0.0329933,0.116817,0.0253437,1.12375,4.28075,-0.0161427,0.567026,1.2696,4.25089,1.25408,4.26899,668,1998,1.25403,4.26873,0,179.602,-179.271
86231,-0.0748684,0.0185019,1.00664,-0.0940619,-0.127458,0.0406108,1.05297,4.25281,-0.0164361,0.568125,1.22797,4.25823,1.2323,4.27133,668,1997,1.23223,4.27108,0,179.568,-179.317
86251,-0.0767868,0.0210722,1.00238,-0.0940619,0.132084,-0.0204579,1.2043,4.37961,-0.0162105,0.56892,1.214,4.27932,1.22383,4.28177,669,1997,1.22376,4.28154,0,179.703,-179.212
86273,-0.076663,0.0233977,1.0056,0.00517464,-0.104557,-0.0586258,1.33288,4.35839,-0.0169619,0.570615,1.23211,4.30875,1.23293,4.29915,668,1998,1.23287,4.29892,0,179.57,-179.33
86293,-0.0760442,0.0215005,1.00481,0.0128088,0.0786488,-0.134962,1.2258,4.32691,-0.0164157,0.569089,1.2565,4.29339,1.2477,4.2907,668,1997,1.24761,4.29048,0,179.669,-179.218
86313,-0.0749303,0.0192974,1.01084,0.05861,-0.0205877,0.0329772,1.09368,4.23864,-0.0162511,0.570371,1.24708,4.28697,1.24414,4.28791,668,1998,1.24405,4.2877,0,-179.967,-178.894
86333,-0.0723311,0.0188078,1.00725,-0.101695,-0.135092,-0.0815266,1.06973,4.10669,-0.0155369,0.570265,1.20914,4.27631,1.22335,4.2816,668,1997,1.22325,4.2814,0,179.967,-178.974
86353,-0.0741258,0.0199706,1.00493,-0.0940619,0.0557482,0.0558779,1.13846,4.21777,-0.0163189,0.570311,1.19407,4.2636,1.21255,4.27313,669,1997,1.21244,4.27295,0,179.737,-179.194
86375,-0.0768487,0.020093,1.00408,0.0280762,0.0481145,-0.0586258,1.14641,4.3758,-0.0170246,0.571747,1.20815,4.27966,1.2183,4.28148,669,1997,1.21817,4.28129,0,179.736,-179.203
86395,-0.0768487,0.0236425,1.0039,0.020442,-0.0129542,-0.0280915,1.3491,4.37626,-0.0172112,0.571152,1.21604,4.28477,1.22159,4.28362,668,1996,1.22147,4.28343,0,179.835,-179.11
86415,-0.0770344,0.0218677,1.00311,-0.0329933,0.0557482,-0.0128243,1.24885,4.39041,-0.0163596,0.573183,1.21744,4.31884,1.2223,4.30426,669,1996,1.22218,4.30406,0,179.603,-179.324
86435,-0.0722692,0.0181959,1.00299,0.119678,-0.0434885,0.0711452,1.03933,4.1206,-0.0158286,0.572939,1.19333,4.32217,1.20825,4.30805,669,2001,1.20811,4.30789,0,179.438,-179.496
86455,-0.0743114,0.0194198,1.00323,0.0662441,0.10155,0.00244284,1.10895,4.2355,-0.0153434,0.572192,1.18267,4.28801,1.20017,4.28947,668,1997,1.20003,4.28931,0,179.471,-179.465
86477,-0.0773438,0.0223573,1.0053,0.0357094,-0.0129542,-0.0357251,1.27402,4.39837,-0.0149346,0.574024,1.20944,4.31174,1.21353,4.30347,669,1997,1.21336,4.30335,0,179.504,-179.418
86497,-0.0749303,0.019787,1.00566,-0.0253592,0.154985,-0.0586258,1.12718,4.26032,-0.0153349,0.575399,1.20664,4.3163,1.21123,4.30781,668,1997,1.21106,4.30769,0,179.536,-179.395
86517,-0.0748684,0.0203378,1.00816,0.00517464,-0.0129542,-0.0662594,1.15568,4.24627,-0.0152008,0.576162,1.20198,4.3047,1.20785,4.30246,669,1997,1.20772,4.30234,0,179.671,-179.281
86537,-0.0728262,0.020705,1.00384,-0.0100918,-0.104557,-0.00519073,1.1816,4.14853,-0.0145325,0.573812,1.1897,4.27958,1.19986,4.28747,668,1996,1.19973,4.28735,0,179.737,-179.227
86557,-0.0812425,0.0251724,1.00597,-0.13223,0.292389,-0.0433587,1.43342,4.61578,-0.0157267,0.575812,1.22528,4.29276,1.21825,4.29421,669,1997,1.21814,4.29412,0,179.836,-179.122
86579,-0.0770962,0.0216229,1.00536,-0.0406265,-0.0816565,-0.157863,1.23211,4.38415,-0.0156842,0.57482,1.24128,4.31708,1.22844,4.30786,669,1996,1.22834,4.30777,0,179.737,-179.211
86599,-0.0764155,0.0218065,1.00554,0.0128088,0.231321,0.0787787,1.24234,4.34479,-0.0160235,0.576622,1.23962,4.30963,1.22889,4.30542,668,1997,1.22877,4.30535,0,179.441,-179.481
86619,-0.0744352,0.0236425,1.00536,0.0662441,-0.104557,-0.0815266,1.34714,4.2332,-0.0158894,0.578027,1.24456,4.30529,1.23302,4.30425,668,1996,1.23292,4.30417,0,179.54,-179.389
86639,-0.0772819,0.0213781,1.00645,-0.0558939,0.132084,-0.00519073,1.21684,4.38993,-0.0162745,0.578791,1.24052,4.30518,1.23211,4.30442,668,2001,1.23201,4.30434,0,179.704,-179.236
86659,-0.0725786,0.0221737,1.00451,-0.0482597,-0.0892901,-0.0967938,1.26455,4.13161,-0.0168733,0.577173,1.22834,4.30085,1.22588,4.30164,668,1997,1.22578,4.30157,0,179.769,-179.184
86681,-0.0780245,0.0229693,1.00542,0.00517464,0.162618,-0.00519073,1.30872,4.43633,-0.0165713,0.579464,1.23604,4.31994,1.23069,4.31343,669,1997,1.23057,4.31336,0,179.868,-179.088
86701,-0.0754872,0.0192362,1.00609,0.0128088,-0.127458,-0.0662594,1.09535,4.2901,-0.0164068,0.578716,1.24034,4.32007,1.23426,4.31426,669,1997,1.23413,4.31416,0,179.737,-179.21
86721,-0.0741877,0.0189914,1.007,0.05861,0.0328474,-0.0128243,1.08043,4.21272,-0.0163032,0.578702,1.21692,4.30659,1.22178,4.30755,669,1997,1.22165,4.30744,0,179.803,-179.17
86741,-0.0780864,0.0223573,1.00481,-0.0100918,0.00994658,0.0177101,1.27463,4.44257,-0.0164593,0.579679,1.20715,4.31161,1.21537,4.31068,667,1997,1.21525,4.31056,0,179.901,-179.078
86760,-0.0728262,0.0222349,1.00451,0.0815105,-0.157992,-0.142595,1.26804,4.14564,-0.0169359,0.576764,1.22925,4.29798,1.22695,4.30205,669,1997,1.22686,4.30195,0,-179.967,-178.943
86782,-0.0747446,0.0188078,1.00518,0.0280762,0.0786488,-0.0586258,1.07194,4.25193,-0.0163134,0.577512,1.22386,4.29348,1.22468,4.29951,668,1997,1.2246,4.2994,0,179.934,-179.039
86802,-0.0758585,0.0196646,1.00353,-0.0482597,0.0404809,-0.0433587,1.12259,4.32202,-0.0161488,0.577604,1.20501,4.29391,1.21377,4.29926,669,1997,1.21369,4.29916,0,179.802,-179.171
86822,-0.0774675,0.0211946,1.00359,0.0509768,0.0175803,-0.119695,1.20983,4.41293,-0.0160148,0.578337,1.20709,4.29956,1.21385,4.30201,669,1997,1.21378,4.3019,0,179.835,-179.144
86842,-0.0756729,0.0237036,1.00293,-0.0558939,0.216053,-0.0891602,1.35391,4.31372,-0.016751,0.580017,1.22689,4.30181,1.22393,4.30391,669,1997,1.22386,4.30381,0,179.868,-179.111
86862,-0.0723311,0.0222349,1.00475,-0.0253592,-0.0740228,-0.0586258,1.26774,4.11656,-0.0176093,0.583545,1.24285,4.30333,1.23334,4.30621,669,1998,1.23325,4.30611,0,179.901,-179.073
86884,-0.0780245,0.0197258,1.00341,-0.0406265,0.0328474,0.00244284,1.12622,4.44547,-0.0182233,0.583988,1.22905,4.30674,1.22656,4.30789,667,1997,1.22646,4.3078,0,-179.967,-178.963
86904,-0.075054,0.019787,1.00505,-0.0940619,0.666435,-0.134962,1.12786,4.2699,-0.0198603,0.589606,1.21185,4.30168,1.21631,4.30732,669,1997,1.21624,4.30723,0,-179.475,-178.527
86924,-0.0772819,0.0230305,1.00372,-0.116962,0.391626,-0.0586258,1.31443,4.40169,-0.0204438,0.59776,1.21275,4.32675,1.21586,4.32451,669,1997,1.21577,4.32439,0,-179.015,-178.098
86944,-0.076168,0.0228469,1.00408,-0.00245857,0.10155,0.00244284,1.30348,4.33694,-0.0210731,0.60492,1.21727,4.34942,1.21783,4.34101,669,1997,1.21771,4.34088,0,-178.751,-177.856
86964,-0.0763536,0.0209498,1.00725,-0.0253592,-0.0511222,-0.0433587,1.19153,4.33405,-0.0213971,0.606341,1.22325,4.34708,1.22127,4.3414,669,1997,1.22115,4.34125,0,-178.388,-177.523
86986,-0.0787671,0.0178899,1.00359,0.0433426,-0.173259,-0.0586258,1.02124,4.48695,-0.0203165,0.603013,1.20564,4.37109,1.21206,4.3547,668,1997,1.21193,4.35455,0,-177.958,-177.134
87006,-0.0696701,0.0228469,1.00457,-0.0100918,-0.425168,0.0253437,1.30285,3.96627,-0.0192054,0.596158,1.20784,4.33218,1.21271,4.33212,669,1997,1.21257,4.33196,0,-177.825,-177.004
87026,-0.0776532,0.0215005,0.999213,-0.0482597,0.170252,-0.119695,1.23267,4.44275,-0.019621,0.593655,1.21593,4.31393,1.21661,4.32028,668,2001,1.21649,4.32012,0,-177.963,-177.127
87046,-0.0776532,0.0213781,1.0028,0.020442,-0.379366,-0.0357251,1.22127,4.42692,-0.0198076,0.59161,1.20742,4.3521,1.21132,4.34123,668,1997,1.21117,4.34104,0,-177.965,-177.136
87066,-0.0757348,0.0209498,1.00414,-0.0864277,-0.0969236,-0.0433587,1.19521,4.31228,-0.018956,0.589045,1.1992,4.34666,1.20625,4.33879,668,1997,1.20609,4.33861,0,-177.794,-176.973
87088,-0.0760442,0.0228469,1.0081,0.020442,-0.19616,-0.17313,1.29829,4.31274,-0.0185319,0.587992,1.21977,4.34134,1.21726,4.33667,668,1997,1.2171,4.33648,0,-178.285,-177.416
87108,-0.0754253,0.0205214,1.00761,0.0357094,0.0557482,-0.112061,1.16675,4.28004,-0.0185963,0.586664,1.23242,4.31098,1.22482,4.31948,668,1997,1.22467,4.3193,0,-178.319,-177.439
87128,-0.0764155,0.0167271,1.00591,-0.0406265,0.0252137,0.0711452,0.952678,4.34363,-0.0182638,0.586756,1.17682,4.30799,1.19362,4.31692,668,1997,1.19348,4.31672,0,-178.194,-177.349
87148,-0.0798192,0.0276203,1.00475,0.020442,0.170252,-0.0433587,1.57465,4.54043,-0.0180992,0.586787,1.1983,4.30734,1.20315,4.31516,669,1998,1.20303,4.31496,0,-178.231,-177.381
87168,-0.0795716,0.0246828,1.00512,0.00517464,0.0710154,-0.127328,1.40674,4.52511,-0.0177362,0.587505,1.26725,4.36127,1.2427,4.34608,668,1996,1.24257,4.34589,0,-178.488,-177.592
87190,-0.0702889,0.0189302,1.00439,0.0967779,-0.142725,0.0100764,1.07976,4.00244,-0.0163197,0.583307,1.25177,4.32116,1.23776,4.32392,668,1997,1.23761,4.3237,0,-178.455,-177.556
87210,-0.0746208,0.0196034,1.00505,-0.0177259,-0.0282214,0.00244284,1.1174,4.24536,-0.0165979,0.582559,1.21126,4.28978,1.21601,4.30513,669,1998,1.21586,4.30492,0,-178.227,-177.36
87230,-0.0783339,0.0230917,1.00451,-0.0635271,-0.135092,-0.0357251,1.31689,4.45787,-0.0160058,0.581629,1.22184,4.31766,1.22152,4.31885,669,1998,1.22136,4.31863,0,-178.555,-177.661
87250,-0.0741877,0.0220513,1.00451,-0.0253592,-0.211427,-0.0509923,1.25758,4.22288,-0.0156275,0.578606,1.23579,4.32042,1.22984,4.31955,669,1997,1.22969,4.31931,0,-178.98,-178.048
87270,-0.0757348,0.0215005,1.00566,-0.0100918,-0.0282214,-0.0280915,1.22477,4.30574,-0.0155546,0.576576,1.22779,4.30763,1.22614,4.31159,669,1998,1.22598,4.31133,0,-179.045,-178.106
87292,-0.0778389,0.0229081,1.00408,0.020442,0.0328474,0.0482444,1.30697,4.43169,-0.0163213,0.577844,1.2379,4.33155,1.23189,4.32563,668,1997,1.23172,4.32538,0,-178.979,-178.035
87312,-0.0739401,0.0229693,1.00828,0.0128088,-0.0358551,-0.0662594,1.30501,4.19307,-0.0159583,0.576623,1.24189,4.32433,1.23533,4.32229,669,1997,1.23514,4.32202,0,-178.912,-177.97
87332,-0.0753016,0.020093,1.00463,0.119678,-0.0740228,0.0177101,1.14579,4.28571,-0.0151677,0.575707,1.22568,4.30942,1.22729,4.31384,668,1997,1.22712,4.31356,0,-179.074,-178.131
87352,-0.0779626,0.023826,1.00432,-0.0253592,0.0633817,-0.00519073,1.359,4.43755,-0.0147894,0.575647,1.23259,4.30688,1.23123,4.31183,668,1997,1.23106,4.31155,0,-179.471,-178.496
87372,-0.0768487,0.0240096,1.0039,0.00517464,0.0328474,-0.0891602,1.37005,4.37622,-0.014747,0.57609,1.25105,4.3204,1.2423,4.31936,668,1996,1.24212,4.31907,0,-179.371,-178.389
87394,-0.0731975,0.019787,1.00652,0.0662441,-0.0511222,-0.0357251,1.12623,4.15864,-0.0141092,0.574701,1.23615,4.31854,1.23541,4.31827,668,1996,1.23523,4.318,0,-179.141,-178.195
87414,-0.076168,0.0196646,1.00207,0.020442,0.0404809,0.0329772,1.12422,4.34588,-0.0142194,0.575007,1.21768,4.3249,1.22507,4.32224,668,1996,1.22488,4.32197,0,-179.107,-178.179
87434,-0.076168,0.0219901,1.00475,0.0738773,-0.127458,-0.00519073,1.25378,4.33414,-0.0142228,0.574061,1.21823,4.32774,1.22455,4.3241,668,1996,1.22436,4.32382,0,-179.039,-178.103
87454,-0.0764155,0.0213169,1.00408,0.05861,-0.150359,-0.0433587,1.21622,4.35112,-0.0132948,0.570168,1.22448,4.32638,1.22806,4.32258,668,1996,1.22787,4.32231,0,-179.109,-178.172
87474,-0.0749303,0.0185631,1.00566,0.00517464,-0.157992,-0.0433587,1.05747,4.26041,-0.012657,0.56652,1.21822,4.30388,1.22463,4.30883,668,1997,1.22442,4.30856,0,-179.307,-178.356
87496,-0.0770344,0.0221737,1.00633,0.0280762,0.10155,-0.0433587,1.26226,4.37637,-0.0115306,0.566429,1.22554,4.301,1.22848,4.30656,669,1997,1.22826,4.30629,0,-179.503,-178.52
87516,-0.0757348,0.0242544,1.00633,-0.0558939,0.0481145,0.0253437,1.38066,4.30262,-0.0118698,0.566612,1.2346,4.29248,1.23333,4.30135,668,1997,1.2331,4.30107,0,-179.604,-178.61
87536,-0.0759823,0.0202766,1.0056,0.0357094,0.10155,0.0177101,1.15513,4.32012,-0.0112625,0.567697,1.23954,4.29512,1.23694,4.3024,668,1997,1.23671,4.30212,0,-179.67,-178.666
87556,-0.0753635,0.0199706,1.00658,0.020442,-0.119824,0.101679,1.13661,4.28097,-0.0116476,0.56759,1.23054,4.3115,1.23197,4.31122,668,2001,1.23175,4.31093,0,-179.801,-178.79
87576,-0.0762917,0.0202766,1.00359,0.0815105,0.193153,-0.0433587,1.15744,4.34629,-0.0106128,0.568415,1.22883,4.30593,1.23138,4.30841,668,1997,1.23115,4.30813,0,-179.868,-178.863
87598,-0.0762298,0.0226633,1.00475,-0.0864277,-0.0129542,0.0100764,1.29215,4.33759,-0.00985277,0.569163,1.23062,4.31931,1.23246,4.31658,668,2001,1.23224,4.31629,0,-179.771,-178.771
87618,-0.0743114,0.0214393,1.00992,0.0738773,0.00994658,0.00244284,1.21613,4.20737,-0.00948972,0.569408,1.22317,4.31818,1.22822,4.31684,666,2001,1.22801,4.31654,0,-179.771,-178.774
87638,-0.0757348,0.0221125,1.00366,0.0662441,0.0786488,0.0558779,1.26214,4.31426,-0.00937096,0.570554,1.23012,4.31121,1.23167,4.31366,668,1997,1.23147,4.31338,0,-179.967,-178.954
87658,-0.078829,0.0235813,1.00591,-0.0329933,0.0404809,0.0406108,1.34293,4.47966,-0.00882471,0.571287,1.24503,4.32575,1.24025,4.3223,669,1997,1.24005,4.32203,0,179.836,-179.134
87678,-0.0747446,0.0208274,1.00645,0.0128088,-0.234328,-0.0509923,1.1855,4.24638,-0.008538,0.569257,1.23551,4.32741,1.2357,4.3233,669,1997,1.23548,4.32301,0,179.771,-179.2
87699,-0.0749922,0.020705,1.00627,-0.0329933,-0.0511222,-0.0891602,1.17875,4.26118,-0.00855664,0.569211,1.21517,4.31286,1.22399,4.31562,669,1997,1.22377,4.31532,0,179.837,-179.148
87719,-0.0759204,0.0227245,1.0053,0.0433426,-0.0282214,-0.0738931,1.29493,4.3177,-0.00801039,0.56712,1.22378,4.30309,1.22809,4.30896,669,1997,1.22785,4.30864,0,179.706,-179.267
87739,-0.0787052,0.0238872,1.00487,0.0128088,0.0023129,0.0177101,1.36175,4.47721,-0.00851757,0.566922,1.24857,4.33147,1.24177,4.32487,669,2000,1.24152,4.32455,0,179.607,-179.346
87759,-0.0768487,0.0213169,1.00359,0.0509768,-0.173259,-0.0891602,1.21681,4.37781,-0.00768125,0.564648,1.25209,4.33755,1.24535,4.32891,669,1997,1.24512,4.32857,0,179.737,-179.214
87779,-0.0746208,0.0200318,1.00341,-0.0558939,-0.165626,-0.0357251,1.14368,4.25225,-0.00777622,0.561839,1.24144,4.32295,1.24022,4.32081,669,1997,1.23999,4.32045,0,179.705,-179.252
87801,-0.0769106,0.021011,1.00414,0.0433426,0.0175803,-0.0128243,1.1987,4.37897,-0.00777959,0.560527,1.22972,4.32487,1.23354,4.32196,669,1993,1.23329,4.32158,0,179.375,-179.549
87821,-0.0779626,0.0232753,1.007,0.0357094,-0.234328,-0.0128243,1.32407,4.42586,-0.00677533,0.559275,1.2376,4.33157,1.23819,4.32609,669,1997,1.23794,4.3257,0,179.441,-179.466
87841,-0.0746827,0.0211946,1.00232,-0.0864277,0.238954,-0.0204579,1.21137,4.26029,-0.00662602,0.557887,1.24623,4.31799,1.24339,4.3191,669,1997,1.24314,4.3187,0,179.242,-179.645
87861,-0.0762917,0.0197258,1.00512,-0.0100918,0.12445,-0.0280915,1.12431,4.33979,-0.00754543,0.564025,1.22389,4.33124,1.23054,4.32956,669,1998,1.23029,4.32917,0,179.142,-179.752
87881,-0.0743733,0.0192974,1.00226,-0.00245857,0.0404809,0.0253437,1.10304,4.24312,-0.00756406,0.564178,1.1982,4.31391,1.21483,4.32046,669,1997,1.21455,4.32005,0,179.307,-179.605
87903,-0.079386,0.0237036,1.00645,0.020442,-0.00532055,-0.0738931,1.34916,4.50873,-0.00713995,0.566254,1.20784,4.32596,1.21825,4.32772,669,1998,1.21799,4.32732,0,179.274,-179.636
87923,-0.0770962,0.020399,1.00414,-0.0406265,-0.135092,-0.0357251,1.16379,4.38955,-0.00670057,0.563323,1.22743,4.36029,1.22847,4.34694,668,1997,1.22821,4.34656,0,179.139,-179.758
87943,-0.0710934,0.0199706,1.00329,-0.0635271,0.0404809,0.0406108,1.14033,4.05242,-0.00707035,0.560958,1.2098,4.32907,1.21806,4.33053,668,1997,1.2178,4.33013,0,178.909,-179.978
87963,-0.0744352,0.0189914,1.00244,0.020442,0.0481145,0.0100764,1.08535,4.2459,-0.00711953,0.563233,1.19036,4.30414,1.2056,4.31725,669,1997,1.20534,4.31686,0,178.876,179.992
87983,-0.0743733,0.0252948,1.00579,0.0891447,-0.0129542,-0.0357251,1.44064,4.22774,-0.00564198,0.563386,1.20696,4.31432,1.21319,4.3221,668,1997,1.21294,4.32169,0,179.074,-179.813
88005,-0.0752397,0.0240096,1.0056,-0.0100918,0.0023129,0.0177101,1.36773,4.27771,-0.00526367,0.563799,1.23502,4.31525,1.22849,4.32231,668,1997,1.22821,4.32189,0,179.173,-179.705
88025,-0.0761061,0.0220513,1.00189,-0.0406265,-0.0129542,0.0482444,1.26086,4.34294,-0.00541971,0.564272,1.23717,4.30606,1.23044,4.31669,669,1997,1.23021,4.31629,0,179.074,-179.803
88045,-0.074002,0.0215005,1.00323,0.00517464,-0.00532055,-0.0509923,1.22774,4.21775,-0.0060643,0.564944,1.2252,4.30814,1.22389,4.31739,668,1997,1.22369,4.31698,0,179.111,-179.778
88065,-0.0758585,0.0232141,1.00274,0.0815105,-0.0740228,-0.0433587,1.32619,4.32509,-0.00589974,0.565647,1.21647,4.30406,1.21863,4.31444,668,1997,1.21845,4.31401,0,179.105,-179.784
88085,-0.0756729,0.0243156,1.00907,-0.0940619,-0.00532055,-0.211298,1.38039,4.28749,-0.00559776,0.565296,1.22304,4.31662,1.2219,4.32074,668,1997,1.22174,4.32032,0,178.935,-179.94
88107,-0.0769106,0.0205826,1.00652,-0.00245857,-0.180893,-0.0815266,1.1715,4.36873,-0.00618128,0.563266,1.23791,4.31972,1.23026,4.32151,668,1997,1.23012,4.32108,0,179.169,-179.706
88127,-0.0744352,0.0202154,1.00426,-0.0177259,0.0862825,-0.0509923,1.15318,4.23811,-0.00650526,0.561419,1.23344,4.31267,1.22837,4.31671,668,1997,1.22822,4.31624,0,179.403,-179.494
88147,-0.0759204,0.0204602,1.0025,-0.0406265,0.368725,-0.0509923,1.1692,4.32991,-0.00730253,0.565527,1.21846,4.30295,1.21979,4.3125,668,1997,1.21966,4.31205,0,179.205,-179.694
88167,-0.0740639,0.0224185,1.00311,0.0662441,-0.0816565,-0.0128243,1.28029,4.22169,-0.00698528,0.566214,1.22033,4.30492,1.22052,4.31317,668,1997,1.22039,4.31269,0,179.172,-179.724
88187,-0.0764774,0.024744,1.007,-0.0329933,-0.0358551,-0.0280915,1.40759,4.34172,-0.00611843,0.565543,1.24811,4.29496,1.2367,4.30616,668,1997,1.23656,4.30566,0,179.306,-179.582
88209,-0.0757348,0.0222961,1.00499,0.00517464,-0.0358551,-0.0586258,1.27092,4.30852,-0.00609126,0.566215,1.25319,4.29853,1.24096,4.30724,668,1997,1.24084,4.30676,0,179.537,-179.363
88229,-0.0753016,0.0200318,1.01011,-0.0406265,0.0175803,-0.104427,1.13611,4.26258,-0.00589616,0.565055,1.24784,4.29927,1.23951,4.30614,669,2000,1.2394,4.30567,0,179.503,-179.395
88249,-0.0770344,0.0209498,1.00432,0.020442,-0.0205877,-0.0280915,1.19499,4.3852,-0.00509037,0.566109,1.23835,4.30864,1.23523,4.31124,668,1997,1.23513,4.31077,0,179.37,-179.527
88269,-0.0772819,0.0221737,1.00572,-0.0177259,0.0481145,-0.0357251,1.26302,4.39302,-0.0041319,0.567071,1.24976,4.31383,1.24269,4.31428,669,1997,1.24258,4.31381,0,179.404,-179.485
88289,-0.0743733,0.0215005,1.00737,-0.00245857,0.10155,-0.00519073,1.22269,4.22149,-0.00367726,0.567438,1.24196,4.30905,1.23947,4.31187,668,2001,1.23936,4.3114,0,179.301,-179.574
88311,-0.0756729,0.0219901,1.00512,-0.0406265,-0.0587556,-0.157863,1.25333,4.30452,-0.00447452,0.566278,1.24214,4.30845,1.23955,4.31068,669,1997,1.23946,4.31024,0,179.302,-179.576
88331,-0.075054,0.0186243,1.00469,-0.0100918,-0.00532055,0.0558779,1.06199,4.27154,-0.00409621,0.565744,1.23189,4.29172,1.23429,4.30051,669,1997,1.23421,4.30009,0,179.37,-179.527
88351,-0.0748684,0.0221125,1.0095,-0.0177259,0.0786488,-0.0433587,1.25483,4.24051,-0.00409958,0.56689,1.21877,4.29198,1.22617,4.30014,668,2001,1.22609,4.29972,0,179.301,-179.602
88371,-0.076663,0.0207662,1.00639,0.00517464,0.223687,-0.0280915,1.18209,4.35523,-0.00398081,0.568952,1.21845,4.28629,1.22517,4.29647,668,1996,1.22507,4.29605,0,179.363,-179.534
88391,-0.0748684,0.0224185,1.00572,-0.0253592,0.20842,-0.0128243,1.27696,4.25632,-0.00502235,0.573853,1.21061,4.30443,1.21906,4.30784,668,1996,1.21897,4.30741,0,179.429,-179.477
88413,-0.078829,0.0195422,1.00293,0.00517464,0.361092,-0.0433587,1.11628,4.49331,-0.00552953,0.580769,1.20822,4.31669,1.21633,4.31718,668,1996,1.21623,4.31678,0,179.598,-179.33
88433,-0.0741877,0.0200318,1.00493,0.104412,0.0328474,-0.0509923,1.14195,4.22128,-0.00538023,0.583961,1.20319,4.31185,1.21229,4.31571,668,1996,1.2122,4.31532,0,179.9,-179.053
88453,-0.0771581,0.0236425,1.00463,0.0662441,-0.0740228,-0.0128243,1.34812,4.39063,-0.00483398,0.583381,1.21391,4.31269,1.21723,4.31511,668,1997,1.21714,4.31473,0,179.966,-178.983
88473,-0.0771581,0.0256008,1.00189,0.0891447,0.0786488,-0.0357251,1.46373,4.40237,-0.00468468,0.58445,1.23658,4.32757,1.22949,4.32371,668,1997,1.22941,4.32334,0,179.798,-179.125
88493,-0.0762917,0.019787,1.00414,0.0280762,0.0710154,0.101679,1.12889,4.34398,-0.00427584,0.586191,1.23837,4.31969,1.23159,4.32029,669,1997,1.2315,4.31991,0,179.631,-179.287
88515,-0.0769106,0.020093,1.00804,0.0280762,0.0633817,0.0100764,1.14191,4.3622,-0.00434027,0.587489,1.23595,4.31473,1.23083,4.3177,669,1997,1.23073,4.31733,0,179.497,-179.414
88535,-0.0766012,0.0238872,1.00408,-0.0482597,-0.0663893,-0.104427,1.36282,4.3614,-0.00487799,0.588848,1.23576,4.3274,1.23094,4.32496,668,1998,1.23084,4.32461,0,179.328,-179.572
88555,-0.0803761,0.019481,1.00512,0.0433426,0.0481145,-0.142595,1.11036,4.57119,-0.00540045,0.58752,1.23875,4.33244,1.23329,4.32707,669,1997,1.2332,4.32676,0,179.23,-179.67
88575,-0.0816757,0.0183183,1.00779,-0.0406265,0.582466,0.0635116,1.04133,4.6326,-0.0069458,0.607903,1.22013,4.38019,1.22252,4.36327,668,1997,1.22244,4.36297,0,179.267,-179.657
88595,-0.0805618,0.0205826,1.00329,0.211282,-0.928985,-0.0204579,1.17526,4.5899,-0.00540719,0.60059,1.22284,4.39273,1.22428,4.36932,669,1997,1.22419,4.36905,0,179.233,-179.675
88617,-0.074002,0.0199706,1.00372,-0.0253592,0.284756,-0.0433587,1.13984,4.21584,-0.00281513,0.585904,1.23193,4.35394,1.23043,4.34405,669,1997,1.23036,4.34379,0,179.23,-179.657
88636,-0.0748065,0.020399,1.00639,0.0433426,-0.188527,-0.112061,1.16119,4.25018,-0.0027269,0.586866,1.21791,4.35617,1.22262,4.34736,669,1997,1.22256,4.3471,0,179.263,-179.643
88656,-0.0769725,0.0216229,0.999456,0.0280762,0.193153,-0.00519073,1.23938,4.40288,-0.0026692,0.585767,1.21662,4.3473,1.22117,4.34307,669,1998,1.22114,4.34281,0,179.328,-179.582
88676,-0.0749922,0.0201542,1.00232,0.0433426,0.0786488,-0.0586258,1.15193,4.27797,-0.00152753,0.588729,1.20635,4.35982,1.21497,4.35226,669,1997,1.21494,4.35202,0,179.324,-179.576
88696,-0.0738163,0.0228469,1.00347,0.0128088,-0.165626,0.0329772,1.30427,4.20606,-0.00067594,0.587539,1.21405,4.35284,1.21835,4.34912,669,1997,1.21834,4.3489,0,179.426,-179.476
88718,-0.0787671,0.0226633,1.00536,-0.116962,0.0481145,-0.0128243,1.29137,4.47868,-0.00112206,0.587982,1.22884,4.36239,1.22605,4.35528,669,1997,1.22605,4.35505,0,179.594,-179.324
88738,-0.0758585,0.0201542,1.00658,-0.0482597,-0.0511222,-0.0433587,1.14705,4.30897,-0.00158344,0.587082,1.22764,4.36153,1.22554,4.35585,669,1997,1.22555,4.35563,0,179.559,-179.359
88758,-0.076663,0.0232141,1.00603,-0.0711613,0.200786,0.0177101,1.32186,4.35657,-0.00244177,0.587311,1.22941,4.34658,1.22618,4.34819,669,2001,1.2262,4.34797,0,179.32,-179.573
88778,-0.0758585,0.0226021,1.00755,0.14258,-0.203794,0.101679,1.28508,4.3046,-0.00195659,0.588396,1.23565,4.36065,1.23021,4.35718,669,1997,1.23022,4.35697,0,179.25,-179.627
88798,-0.0769725,0.0225409,1.00597,-0.101695,0.154985,-0.0128243,1.28362,4.37441,-0.0021279,0.587251,1.23779,4.34549,1.23185,4.34854,669,1997,1.23187,4.34831,0,179.419,-179.472
88820,-0.0757348,0.0213781,1.00566,0.0662441,-0.219061,0.0406108,1.2178,4.30575,-0.00187173,0.587588,1.24351,4.36057,1.23606,4.35756,669,1997,1.23609,4.35734,0,179.384,-179.501
88840,-0.0738782,0.0208274,1.00359,0.119678,-1.17326,-0.0204579,1.18888,4.20925,-0.000974334,0.57655,1.22825,4.34829,1.22851,4.34647,669,1997,1.22852,4.34627,0,179.349,-179.539
88860,-0.0792003,0.0216229,1.0081,0.0357094,0.238954,0.0406108,1.22876,4.49114,-0.00119144,0.580321,1.22145,4.34728,1.22436,4.34744,669,1997,1.22438,4.34724,0,179.587,-179.325
88880,-0.0748684,0.019481,1.00463,0.00517464,0.0175803,-0.157863,1.1109,4.2612,-0.000477256,0.57623,1.20925,4.33651,1.2172,4.34007,669,1997,1.21722,4.33985,0,179.69,-179.236
88900,-0.0766012,0.0230917,1.00822,0.0815105,-0.219061,-0.150229,1.31204,4.34366,0.000328537,0.577116,1.21186,4.32938,1.21766,4.33607,668,1997,1.21769,4.33584,0,179.549,-179.364
88922,-0.0783958,0.0226633,1.00767,0.0433426,0.0786488,-0.0280915,1.28841,4.44747,0.00116486,0.572628,1.22731,4.31695,1.22592,4.32626,668,1997,1.22594,4.32602,0,179.721,-179.202
88942,-0.0746208,0.0222961,1.00712,-0.0635271,0.292389,-0.119695,1.26823,4.23644,0.000901949,0.574049,1.23333,4.30962,1.22923,4.32193,669,1997,1.22925,4.3217,0,179.861,-179.067
88962,-0.0749303,0.0210722,1.00597,0.020442,-0.165626,-0.0280915,1.20001,4.25892,0.00123446,0.573301,1.23203,4.30559,1.22897,4.31792,668,1997,1.22901,4.31772,0,179.79,-179.122
88982,-0.0763536,0.019787,1.00682,-0.139863,0.154985,-0.104427,1.12589,4.33597,-0.000173492,0.575591,1.22914,4.30836,1.227,4.31894,668,1997,1.22706,4.31871,0,179.51,-179.391
89002,-0.0759204,0.0213781,1.00256,-0.0558939,0.139718,-0.0204579,1.22156,4.32957,-0.00162724,0.577149,1.22033,4.31795,1.2213,4.32394,669,1997,1.22137,4.32369,0,179.23,-179.659
89024,-0.0755491,0.0198482,1.00189,-0.0100918,0.345824,0.0940459,1.13492,4.31147,-0.00129473,0.580066,1.22293,4.32102,1.22287,4.32613,668,1997,1.22294,4.32591,0,179.335,-179.562
89044,-0.0772819,0.020093,1.00645,0.104412,-0.135092,-0.0815266,1.14371,4.39004,-0.000336269,0.580265,1.22762,4.33367,1.22594,4.33296,668,1997,1.22599,4.33272,0,179.476,-179.428
89064,-0.0771581,0.0213169,1.00256,0.0433426,0.109183,0.0177101,1.21807,4.39988,0.00036265,0.581059,1.21964,4.34701,1.22166,4.34122,668,1997,1.22172,4.34098,0,179.335,-179.554
89084,-0.0764774,0.021011,1.00311,0.0662441,0.0557482,-0.0204579,1.19993,4.35887,0.000664627,0.582754,1.22192,4.35463,1.22259,4.34723,669,1997,1.22267,4.34698,0,179.2,-179.679
89104,-0.0757967,0.0222349,1.00694,-0.0253592,0.0786488,0.0482444,1.26498,4.30373,0.00125668,0.581808,1.23744,4.34427,1.23144,4.34199,668,2000,1.23153,4.34173,0,179.034,-179.831
89126,-0.0770344,0.018869,1.0042,0.0433426,-0.119824,-0.112061,1.07646,4.38591,0.00175712,0.581289,1.23179,4.35667,1.22924,4.3496,668,1997,1.22934,4.34935,0,178.823,179.97
89146,-0.0746208,0.020093,1.00408,-0.0864277,0.361092,-0.0891602,1.14641,4.24942,0.00141788,0.582526,1.19921,4.31455,1.21027,4.32692,668,1997,1.21039,4.32668,0,178.756,179.887
89166,-0.079386,0.0232141,1.00439,0.0280762,0.177886,-0.0357251,1.32402,4.51802,0.0021168,0.584756,1.21424,4.32004,1.21741,4.32935,669,1997,1.21752,4.32912,0,178.652,179.803
89186,-0.0772819,0.0218677,1.00505,0.14258,-0.310664,-0.112061,1.24643,4.39597,0.00347221,0.582115,1.23555,4.34023,1.22964,4.33901,669,1997,1.22975,4.3388,0,178.482,179.657
89206,-0.0743733,0.0183795,1.00524,0.127313,-0.0282214,0.0329772,1.04746,4.23066,0.00453754,0.580512,1.22957,4.32124,1.22735,4.32771,669,1997,1.22746,4.32749,0,178.518,179.686
89228,-0.0754872,0.0215617,1.00213,-0.0482597,-0.0816565,-0.112061,1.23258,4.30676,0.00395402,0.578162,1.21494,4.3134,1.21848,4.32131,668,1996,1.21858,4.32109,0,178.62,179.777
89248,-0.0737545,0.0211946,1.00432,0.0280762,-0.104557,-0.0662594,1.20895,4.19915,0.00344683,0.577063,1.21687,4.31138,1.21878,4.31877,669,1997,1.21888,4.31857,0,178.692,179.837
89268,-0.0748065,0.020093,1.00165,0.020442,-0.0816565,-0.0509923,1.1492,4.27026,0.00396255,0.575017,1.21328,4.29335,1.21637,4.30638,669,1997,1.2165,4.30619,0,178.732,179.864
89288,-0.0769106,0.0240708,1.00938,0.0128088,0.0710154,0.0711452,1.36609,4.35607,0.00443246,0.574514,1.21965,4.28921,1.21933,4.30189,669,1997,1.21945,4.30172,0,178.735,179.872
89308,-0.075611,0.0219901,1.00633,0.0357094,-0.127458,-0.0662594,1.25181,4.29583,0.00493291,0.57224,1.22994,4.28965,1.22555,4.29938,668,1996,1.22569,4.29922,0,178.667,179.827
89330,-0.0757967,0.0198482,1.00408,-0.0864277,0.170252,-0.104427,1.13245,4.31615,0.00386084,0.57253,1.21823,4.28227,1.21869,4.29359,668,1997,1.21886,4.29344,0,178.6,179.758
89350,-0.075054,0.0228469,1.00512,0.0509768,0.12445,0.0406108,1.30214,4.26937,0.0036132,0.576118,1.21763,4.27557,1.21776,4.28944,668,1997,1.21793,4.28928,0,178.736,179.876
89370,-0.0774675,0.0218677,1.0067,-0.0177259,-0.0969236,-0.0662594,1.2444,4.39933,0.00370143,0.577356,1.22737,4.29205,1.22312,4.29708,668,1996,1.2233,4.29694,0,178.632,179.794
89390,-0.0708459,0.0216229,1.00256,0.104412,-0.906084,0.0253437,1.23555,4.04115,0.00620188,0.551432,1.22111,4.26518,1.22072,4.27054,668,2000,1.2209,4.27038,0,178.401,179.583
89410,-0.0761061,0.0209498,1.00512,0.0433426,-0.127458,-0.0891602,1.19405,4.32916,0.00593897,0.548074,1.21775,4.2506,1.21843,4.25914,668,1997,1.21863,4.25899,0,178.477,179.656
89432,-0.0746827,0.0222349,1.00335,0.0967779,-0.264863,0.00244284,1.2695,4.25582,0.00740125,0.540532,1.2234,4.24809,1.22186,4.25299,668,1997,1.22208,4.25285,0,178.575,179.759
89452,-0.0679373,0.0216841,1.00171,0.203649,-1.3412,-0.0204579,1.2401,3.87904,0.00971849,0.523739,1.2275,4.25472,1.22502,4.24897,668,1996,1.22527,4.24884,0,178.612,179.799
89472,-0.0762298,0.020093,1.00585,0.150213,-0.234328,-0.00519073,1.1444,4.33312,0.0123869,0.517724,1.21177,4.24626,1.21715,4.24128,668,1997,1.2174,4.24119,0,178.55,179.73
89492,-0.0739401,0.0196646,1.00396,0.0815105,-0.310664,-0.0586258,1.12211,4.21134,0.0136201,0.510885,1.20774,4.24861,1.21433,4.23998,668,1997,1.2146,4.23992,0,178.417,179.607
89512,-0.0760442,0.0202154,1.00633,-0.0406265,0.0252137,0.0482444,1.15081,4.32051,0.0133572,0.510549,1.20599,4.23986,1.21188,4.23514,669,1997,1.21213,4.2351,0,178.552,179.736
89534,-0.0744352,0.0199706,1.00378,0.00517464,-0.104557,-0.0433587,1.13978,4.24018,0.0137508,0.508458,1.2034,4.23165,1.20938,4.22969,669,1997,1.20965,4.22966,0,178.554,179.728
89554,-0.0720836,0.0210722,1.00548,-0.0406265,0.0481145,-0.0738931,1.20059,4.09966,0.0145871,0.507039,1.1993,4.22079,1.20593,4.22265,669,1997,1.20621,4.22264,0,178.489,179.663
89574,-0.0766012,0.0187466,1.00627,-0.0329933,0.12445,0.0482444,1.06729,4.35242,0.0133929,0.509497,1.19258,4.22511,1.20025,4.2251,669,1996,1.20055,4.22509,0,178.716,179.888
89593,-0.0716504,0.0192362,1.00305,-0.00245857,0.0710154,-0.00519073,1.09867,4.08511,0.0138934,0.506811,1.18616,4.2102,1.19511,4.21515,669,1998,1.19544,4.21511,0,178.919,-179.927
89613,-0.0754253,0.0205826,1.00572,-0.0253592,0.261855,-0.142595,1.17242,4.28803,0.0130503,0.51275,1.18995,4.21418,1.19513,4.21837,669,1997,1.19545,4.21836,0,178.788,179.939
89635,-0.076168,0.0220513,1.00505,-0.0711613,0.330557,0.0558779,1.25689,4.33283,0.0121462,0.519285,1.20467,4.23001,1.20178,4.22894,669,1997,1.20211,4.22896,0,178.785,179.945
89655,-0.0721455,0.0196034,1.00798,0.0357094,0.0557482,-0.0128243,1.11416,4.09317,0.0121581,0.523866,1.20299,4.24283,1.20052,4.23809,669,1997,1.20084,4.2381,0,178.746,179.919
89675,-0.0758585,0.0218677,1.00207,-0.0329933,0.238954,-0.0128243,1.25014,4.3281,0.0113303,0.52782,1.1873,4.26421,1.19035,4.2519,669,1997,1.19068,4.25193,0,178.71,179.877
89695,-0.0830372,0.0211334,1.00901,0.173114,-0.967153,-0.0280915,1.19986,4.70356,0.012075,0.529164,1.17462,4.30724,1.18192,4.27786,669,1997,1.18224,4.2779,0,178.912,-179.947
89715,-0.0741258,0.0207662,1.00664,0.180748,-1.83738,-0.0509923,1.1818,4.2106,0.0165449,0.490234,1.18702,4.26831,1.18901,4.2427,669,1997,1.18936,4.24276,0,178.645,179.81
89737,-0.0748065,0.0223573,1.00633,0.363954,-2.11219,-0.0280915,1.27271,4.25026,0.0220072,0.449318,1.1826,4.25166,1.18744,4.21909,669,1997,1.18778,4.21916,0,178.479,179.667
89757,-0.0751778,0.0233977,1.00901,-0.0864277,0.406893,-0.0357251,1.32838,4.25989,0.0255763,0.423929,1.21351,4.16,1.20527,4.15969,669,1998,1.20562,4.15975,0,178.712,179.899
89777,-0.0670709,0.0225409,1.00286,0.226549,-1.50914,0.0558779,1.28759,3.82524,0.029405,0.395411,1.21389,4.15815,1.20705,4.14777,669,1997,1.2074,4.14787,0,178.812,179.991
89797,-0.0749303,0.0194198,1.00889,0.257084,-1.76105,-0.0509923,1.10273,4.24678,0.0331879,0.370907,1.21046,4.15872,1.20675,4.139,669,1997,1.20712,4.1391,0,178.64,179.836
89817,-0.070784,0.0218677,1.00536,0.127313,-0.89845,0.0787787,1.24605,4.02641,0.038238,0.338083,1.2137,4.1098,1.20991,4.09986,668,1997,1.2103,4.09997,0,178.707,179.893
89839,-0.0693606,0.0252948,1.00505,-0.582611,4.30766,-0.0738931,1.44169,3.94658,0.0338987,0.37042,1.24441,4.04421,1.22523,4.07646,668,1996,1.22562,4.07655,0,178.749,179.94
89859,-0.0720217,0.0180123,0.999274,-0.353603,2.07102,-0.0738931,1.03267,4.12174,0.0256206,0.424298,1.24504,4.16073,1.22414,4.16314,668,2001,1.22451,4.16323,0,178.578,179.783
89879,-0.0662664,0.019481,1.00299,-0.429939,2.93361,-0.0280915,1.11272,3.77928,0.0175714,0.483031,1.19759,4.20882,1.19513,4.21583,668,1997,1.19549,4.21592,0,178.744,179.907
89899,-0.0897207,0.019787,1.01838,-0.246734,2.21605,-0.0509923,1.11311,5.03389,0.00854512,0.561169,1.16881,4.29129,1.17415,4.29368,668,1996,1.17451,4.29378,0,178.746,179.89
89919,-0.072393,0.0282323,1.00512,0.0128088,0.12445,-0.0204579,1.60893,4.11797,0.00881656,0.558162,1.21697,4.28298,1.2002,4.28797,668,1998,1.20056,4.28807,0,178.646,179.824
89941,-0.0912678,0.0215005,1.01047,-0.116962,0.666435,0.00244284,1.21894,5.15991,0.00765289,0.572788,1.25043,4.34621,1.22101,4.32884,668,1997,1.22137,4.32894,0,178.676,179.868
89961,-0.0652763,0.0161152,0.999213,0.287618,-1.73815,-0.127328,0.923978,3.7372,0.0123518,0.53456,1.20713,4.31691,1.2013,4.29995,668,2001,1.20164,4.30004,0,178.815,179.976
89981,-0.0724549,0.0193586,1.00171,-0.147496,0.780939,-0.0433587,1.10714,4.13631,0.0123637,0.52998,1.16716,4.24633,1.17822,4.25929,668,1997,1.17855,4.25939,0,178.918,-179.945
90001,-0.0787671,0.0261515,1.00518,0.27235,-2.01295,0.101679,1.49032,4.47912,0.0142535,0.522439,1.19821,4.29235,1.19464,4.28104,668,1997,1.19496,4.28115,0,178.747,179.92
90021,-0.0778389,0.0227857,1.00572,0.00517464,-0.0434885,-0.0967938,1.29787,4.4245,0.0173799,0.49879,1.24908,4.258,1.22571,4.25235,669,1997,1.22602,4.25244,0,178.608,179.821
90043,-0.0733832,0.0170331,1.00676,-0.0635271,0.467962,-0.0357251,0.969281,4.16835,0.0167505,0.504043,1.23186,4.24581,1.21838,4.24858,668,1997,1.2187,4.24866,0,178.572,179.771
90063,-0.0735069,0.0185631,1.00512,-0.147496,0.727504,-0.0891602,1.05805,4.18204,0.0156632,0.509387,1.19265,4.22489,1.1966,4.23857,668,1997,1.19692,4.23863,0,178.445,179.622
90083,-0.072393,0.0243768,1.00615,0.0128088,0.0786488,-0.00519073,1.38788,4.11416,0.0143927,0.519998,1.18859,4.23638,1.19225,4.24823,668,1997,1.19256,4.24829,0,178.547,179.721
90103,-0.0790147,0.0227857,1.00378,-0.0406265,0.452695,-0.0967938,1.30039,4.49974,0.0139924,0.522013,1.22022,4.23267,1.20954,4.24496,668,1997,1.20987,4.24502,0,178.477,179.673
90123,-0.0757967,0.0214393,1.00055,-0.0406265,-0.0587556,-0.0204579,1.22752,4.33117,0.0136531,0.523418,1.2382,4.26571,1.22091,4.26324,669,1998,1.22125,4.2633,0,178.445,179.647
90145,-0.0697938,0.0165435,1.00122,0.05861,0.0404809,-0.0586258,0.946633,3.98702,0.0138635,0.524778,1.20071,4.25407,1.20158,4.25748,668,1997,1.20193,4.25754,0,178.579,179.76
90165,-0.0860695,0.0194198,1.01114,-0.178031,1.23132,-0.0586258,1.10028,4.86447,0.0100891,0.561984,1.1655,4.28772,1.17892,4.29058,668,1996,1.17925,4.29066,0,178.717,179.867
90185,-0.0707221,0.0251724,0.999456,0.0128088,0.345824,-0.0204579,1.44275,4.04626,0.0114445,0.555038,1.18555,4.28318,1.18853,4.28531,668,1997,1.18887,4.28538,0,178.648,179.816
90205,-0.0772819,0.0233365,1.00274,-0.0940619,1.17789,-0.0433587,1.33318,4.40592,0.0101434,0.581176,1.22005,4.306,1.20716,4.3087,668,1997,1.20748,4.30876,0,178.507,179.71
90225,-0.0785196,0.0216841,1.00688,-0.0558939,-0.0205877,-0.0280915,1.23373,4.45804,0.00858282,0.594963,1.22648,4.34586,1.21164,4.33708,669,1997,1.21198,4.33715,0,178.548,179.742
90247,-0.0764155,0.0196034,1.00706,0.127313,-0.654176,-0.0433587,1.11517,4.33844,0.00955655,0.583315,1.20141,4.32913,1.19917,4.32354,668,1997,1.19952,4.32361,0,178.614,179.789
90267,-0.0721455,0.0224185,1.00402,0.0280762,-0.211427,-0.0662594,1.27913,4.10899,0.0114768,0.572826,1.20153,4.29783,1.19986,4.30188,668,1997,1.20019,4.30193,0,178.508,179.694
90287,-0.0773438,0.0241932,1.00426,-0.00245857,0.536664,0.0253437,1.38002,4.40269,0.0114429,0.583025,1.22297,4.29936,1.21204,4.30606,669,2001,1.21237,4.30613,0,178.614,179.798
90307,-0.0723311,0.0215005,1.00402,-0.139863,1.48323,-0.0891602,1.22677,4.11961,0.00959225,0.599026,1.23281,4.29016,1.21824,4.30662,668,1996,1.21856,4.30672,0,178.616,179.806
90327,-0.0767249,0.0212557,1.00579,-0.124596,0.948878,0.0100764,1.21068,4.36131,0.00674919,0.624064,1.2217,4.33124,1.21236,4.33848,668,1997,1.21269,4.33859,0,178.819,179.995
90349,-0.0696701,0.0205214,1.00092,-0.15513,0.391626,-0.157863,1.17455,3.98089,0.00427254,0.632782,1.20108,4.33182,1.20035,4.34163,668,2001,1.20066,4.34173,0,178.818,179.982
90369,-0.0834704,0.0216841,1.00609,-0.376504,3.19315,-0.0280915,1.2347,4.7416,-0.00261632,0.684416,1.1886,4.36621,1.19014,4.38066,668,1996,1.19046,4.38075,0,178.447,179.623
90389,-0.0797573,0.0252948,1.00731,-0.269634,1.26186,-0.104427,1.43847,4.52574,-0.00738305,0.723119,1.20852,4.4474,1.19906,4.44177,668,1997,1.19938,4.44184,0,178.412,179.594
90409,-0.0878642,0.020093,1.01491,-0.330703,3.22369,-0.112061,1.13418,4.94697,-0.0153406,0.789822,1.20777,4.51076,1.19678,4.50538,666,1997,1.19709,4.50544,0,178.412,179.59
90429,-0.0905252,0.0153808,1.02307,-0.231466,2.81147,0.0253437,0.861319,5.05603,-0.0210844,0.846891,1.17505,4.57416,1.17703,4.56586,667,1996,1.17734,4.56594,0,178.518,179.672
90451,-0.0799429,0.0190526,1.00067,-0.284902,3.65117,-0.0357251,1.09077,4.56679,-0.0246298,0.884586,1.16754,4.5686,1.17079,4.57932,668,1996,1.17109,4.5794,0,178.454,179.605
90471,-0.083656,0.0233365,1.00353,-0.170398,1.67407,-0.17313,1.33213,4.76396,-0.0292744,0.940785,1.17046,4.66391,1.16975,4.65619,668,1996,1.17003,4.65626,0,178.52,179.658
90491,-0.0797573,0.0222349,1.0053,-0.13223,0.964145,0.0482444,1.26705,4.53507,-0.0319037,0.963976,1.18756,4.70277,1.17853,4.68938,669,1997,1.17879,4.68946,0,178.454,179.606
90511,-0.0793241,0.0217453,1.0011,-0.437573,4.30766,-0.150229,1.24435,4.52941,-0.038014,1.01237,1.18893,4.6914,1.17791,4.70451,669,2001,1.17818,4.70462,0,178.424,179.579
90530,-0.0889162,0.0192362,1.00706,-0.231466,1.82674,0.0177101,1.09429,5.04479,-0.0451929,1.0795,1.16969,4.8097,1.16538,4.79886,669,2001,1.16563,4.79896,0,178.46,179.599
90552,-0.0825421,0.0222349,1.0014,0.0357094,-0.761046,0.0940459,1.27197,4.71088,-0.0444176,1.07729,1.16645,4.83815,1.16428,4.81582,669,1997,1.16453,4.81593,0,178.462,179.6
90572,-0.0817995,0.0218065,1.00201,0.00517464,-0.516771,0.0100764,1.24672,4.6659,-0.0436271,1.06804,1.18402,4.8055,1.17521,4.79554,669,1997,1.17546,4.79563,0,178.426,179.585
90592,-0.0878642,0.0156868,1.00767,0.05861,-0.608374,0.0787787,0.891871,4.98272,-0.0426992,1.05928,1.13545,4.83578,1.14903,4.81005,669,1995,1.14926,4.81015,0,178.492,179.616
90612,-0.0779007,0.0229693,1.00104,-0.0100918,-0.0358551,0.0558779,1.31445,4.44862,-0.0418323,1.04975,1.13295,4.76664,1.14573,4.7696,669,1997,1.14595,4.76972,0,178.496,179.616
90632,-0.0869359,0.0238872,1.00463,-0.0482597,0.376359,-0.0433587,1.36208,4.9444,-0.0430113,1.05793,1.17718,4.7625,1.16909,4.7694,669,1997,1.16928,4.76951,0,178.631,179.759
90654,-0.0856363,0.0196646,1.00591,-0.0787945,0.529031,0.0100764,1.11994,4.86513,-0.044465,1.07311,1.18244,4.81991,1.17287,4.80789,669,1997,1.17305,4.80799,0,178.562,179.691
90674,-0.0831609,0.0174615,1.00262,-0.139863,1.42979,-0.127328,0.997754,4.74075,-0.0464378,1.09549,1.14266,4.82013,1.15044,4.81876,669,1997,1.15062,4.81886,0,178.365,179.496
90694,-0.0861314,0.0203378,1.00512,-0.246734,2.20842,-0.150229,1.15918,4.89689,-0.0505328,1.13306,1.12381,4.84487,1.13665,4.84855,669,1996,1.13683,4.84864,0,178.266,179.401
90714,-0.0882974,0.0208274,1.00603,-0.139863,2.36109,-0.134962,1.186,5.01483,-0.0549942,1.18714,1.1402,4.9125,1.14269,4.90908,669,1997,1.14285,4.90916,0,178.299,179.434
90734,-0.0878642,0.0205214,1.00153,-0.506275,5.84964,-0.0891602,1.17383,5.01269,-0.0619136,1.26586,1.15418,4.95739,1.14758,4.96834,669,1997,1.14774,4.96842,0,178.335,179.464
90756,-0.09331,0.016054,1.00828,-0.368871,3.78857,0.00244284,0.912193,5.28664,-0.0709399,1.37452,1.11075,5.10414,1.11977,5.09701,668,1995,1.11992,5.0971,0,178.37,179.464
90776,-0.0889162,0.0172779,1.00305,-0.0635271,0.742771,-0.112061,0.986847,5.06506,-0.0745921,1.40701,1.08532,5.17184,1.10216,5.15104,668,1997,1.10229,5.15113,0,178.571,179.627
90796,-0.0881117,0.0200318,1.00226,-0.170398,2.55193,-0.0967938,1.145,5.02315,-0.0777252,1.44365,1.08902,5.17988,1.10062,5.17355,668,1997,1.10075,5.17364,0,178.337,179.412
90816,-0.106987,0.0164211,1.00998,0.348686,-3.82975,0.0558779,0.931479,6.04594,-0.0780797,1.45291,1.08048,5.29908,1.09399,5.24602,668,1997,1.09411,5.24609,0,178.171,179.256
90836,-0.083656,0.0189302,1.00165,0.46319,-4.79158,0.0711452,1.08271,4.77333,-0.0677778,1.34018,1.09057,5.17063,1.102,5.13247,668,1997,1.10213,5.13256,0,178.272,179.364
90858,-0.0892875,0.0199094,1.00481,0.402122,-4.05112,0.0940459,1.13511,5.07697,-0.0599338,1.25753,1.09869,5.04154,1.10817,5.02787,668,1996,1.1083,5.02796,0,178.299,179.404
90878,-0.085265,0.0218065,1.00499,0.371588,-4.03586,-0.0509923,1.24302,4.8483,-0.051128,1.16747,1.1157,4.95015,1.11989,4.93974,668,1996,1.12002,4.93981,0,178.565,179.654
90898,-0.0805618,0.0200318,1.00676,0.928839,-8.96715,0.0329772,1.13988,4.57421,-0.0385665,1.05353,1.128,4.89166,1.13134,4.85991,668,1996,1.13148,4.85999,0,178.629,179.716
90918,-0.0863171,0.0220513,1.01309,0.86777,-7.90608,0.0711452,1.24693,4.8688,-0.0222187,0.905452,1.16345,4.71212,1.15789,4.69729,668,2001,1.15804,4.69738,0,178.427,179.558
90938,-0.0771581,0.0227245,1.00025,0.35632,-3.54731,0.0940459,1.30147,4.40987,-0.00852745,0.783361,1.20444,4.5127,1.18756,4.53331,668,1997,1.18772,4.53338,0,178.494,179.652
90960,-0.0882974,0.0208274,1.00889,-0.277267,2.37636,-0.119695,1.18264,5.00069,-0.00515677,0.767835,1.22101,4.42871,1.20051,4.4758,668,1997,1.20068,4.47586,0,178.453,179.637
90980,-0.076663,0.0212557,1.00213,0.0738773,-0.715244,-0.0433587,1.21509,4.37361,-0.0049464,0.762018,1.20148,4.45593,1.19145,4.48453,668,1997,1.19163,4.48459,0,178.315,179.503
91000,-0.0780864,0.0231529,1.00219,0.020442,0.0175803,-0.00519073,1.32342,4.45404,-0.00333144,0.75211,1.21746,4.4416,1.20238,4.46875,669,1997,1.20256,4.46882,0,178.422,179.6
91020,-0.0797573,0.0213169,1.00566,0.112045,-0.509137,0.00244284,1.21431,4.53351,-0.00231191,0.750217,1.23468,4.46992,1.21479,4.48108,668,1997,1.21494,4.48114,0,178.46,179.642
91040,-0.0770344,0.0213781,1.00463,0.020442,-0.119824,-0.0280915,1.21905,4.38384,-0.00121605,0.745622,1.23191,4.45093,1.21636,4.46664,669,1997,1.21653,4.46672,0,178.525,179.71
91062,-0.085265,0.0195422,1.00883,0.0815105,-0.249595,0.0940459,1.10975,4.83019,-0.000394994,0.743638,1.22938,4.45539,1.21733,4.46585,669,1997,1.21748,4.4659,0,178.689,179.864
91082,-0.0687418,0.0218677,0.996657,0.112045,-1.15799,0.0406108,1.25693,3.94463,0.00325049,0.69802,1.24228,4.39488,1.22793,4.4116,668,1996,1.22808,4.41166,0,178.453,179.657
91102,-0.079881,0.0220513,1.00432,0.00517464,0.31529,-0.0509923,1.2578,4.54647,0.00124712,0.707685,1.2383,4.39923,1.22699,4.41534,668,1996,1.22713,4.41539,0,178.384,179.592
91122,-0.074559,0.0206438,1.00153,0.119678,-0.57784,0.0406108,1.18083,4.25665,0.00125902,0.703472,1.23762,4.40536,1.22844,4.41503,668,1996,1.22857,4.41511,0,178.555,179.749
91142,-0.0751778,0.0219901,1.00572,0.0891447,0.0481145,-0.119695,1.25257,4.27389,0.00192741,0.69848,1.2308,4.37828,1.22634,4.39574,668,1996,1.22646,4.39581,0,178.683,179.875
91164,-0.0774057,0.0218677,1.00779,0.0738773,-0.341198,-0.0815266,1.24304,4.39107,0.00152709,0.69993,1.21773,4.39371,1.21946,4.40254,668,1997,1.21958,4.40261,0,178.609,179.804
91184,-0.0774675,0.0193586,1.00317,-0.0253592,0.223687,-0.119695,1.10553,4.41496,0.000958837,0.698404,1.2083,4.39226,1.21402,4.39944,669,1997,1.21412,4.39951,0,178.477,179.673
91204,-0.0738782,0.0221737,1.00092,-0.0253592,0.284756,-0.134962,1.26909,4.22035,0.000863864,0.700832,1.20274,4.39782,1.21034,4.40255,668,1997,1.21041,4.40263,0,178.445,179.637
91224,-0.0782102,0.0213781,1.0084,-0.139863,1.31529,-0.0891602,1.21449,4.4339,-0.00254408,0.727413,1.19562,4.42695,1.20421,4.42911,668,1997,1.20429,4.42922,0,178.239,179.441
91244,-0.0753635,0.0207662,1.00414,-0.407039,3.23132,-0.112061,1.18474,4.29124,-0.00813524,0.773428,1.18882,4.44529,1.19711,4.45817,668,2000,1.1972,4.45829,0,178.311,179.498
91266,-0.085265,0.0222349,1.00694,-0.15513,1.4985,0.0100764,1.26498,4.83893,-0.0148409,0.827673,1.19018,4.54405,1.19406,4.53547,668,1996,1.19414,4.53558,0,178.356,179.523
91286,-0.0832847,0.0220513,1.00627,-0.2391,1.38399,-0.0433587,1.25537,4.73021,-0.0180962,0.85149,1.19185,4.59012,1.19349,4.5727,668,1996,1.19351,4.57281,0,178.185,179.365
91306,-0.0814901,0.0196034,1.00627,-0.315435,1.94124,-0.104427,1.11605,4.62896,-0.0225118,0.888865,1.17369,4.64264,1.18133,4.62078,668,1998,1.18132,4.62089,0,178.348,179.514
91326,-0.0749922,0.0215617,1.00256,-0.216199,2.00995,-0.0891602,1.23205,4.27681,-0.0264999,0.92001,1.17896,4.64608,1.18191,4.6387,666,1996,1.18189,4.63881,0,178.249,179.422
91346,-0.0831609,0.0238872,1.00542,-0.277267,2.84964,-0.0662594,1.361,4.72699,-0.032946,0.981415,1.20078,4.66604,1.19161,4.67588,668,1996,1.19158,4.67601,0,178.09,179.277
91368,-0.0894732,0.0167271,1.00579,-0.0558939,0.857275,0.0329772,0.952794,5.08287,-0.0375295,1.01453,1.18388,4.76847,1.1819,4.7471,668,2000,1.18186,4.74722,0,178.09,179.268
91388,-0.0790147,0.0208274,1.00347,-0.00245857,0.0633817,-0.0204579,1.18902,4.50128,-0.0384642,1.02082,1.1681,4.75846,1.17261,4.74698,668,1997,1.17257,4.74711,0,178.15,179.32
91408,-0.085822,0.0211946,1.00293,0.0815105,-0.616008,0.00244284,1.21064,4.88989,-0.0380553,1.01554,1.17934,4.72664,1.17891,4.72698,668,1996,1.17885,4.72713,0,178.223,179.387
91428,-0.0822327,0.0224797,1.00359,0.295252,-2.08166,-0.0815266,1.28316,4.68308,-0.0339213,0.982776,1.19706,4.72374,1.19122,4.71139,669,1997,1.19116,4.71155,0,178.125,179.308
91448,-0.0776532,0.0181959,1.00146,0.188381,-1.18853,-0.00519073,1.04091,4.43309,-0.0290697,0.948349,1.20013,4.66771,1.19635,4.66612,669,1998,1.19628,4.66625,0,178.054,179.245
91469,-0.077777,0.020093,1.00031,-0.0558939,0.948878,-0.0586258,1.15073,4.44508,-0.028554,0.953159,1.17129,4.64425,1.18049,4.6545,669,1997,1.1804,4.65463,0,178.091,179.26
91489,-0.0835941,0.0210722,1.00499,-0.15513,0.819107,0.0253437,1.20117,4.7538,-0.0312444,0.975205,1.1549,4.66809,1.16879,4.67564,669,1997,1.16871,4.67578,0,178.096,179.259
91509,-0.0834704,0.0232753,1.00481,0.150213,-0.68471,0.0711452,1.32695,4.74743,-0.0315683,0.977663,1.16913,4.70358,1.17504,4.69603,669,1997,1.17493,4.69615,0,178.095,179.26
91529,-0.0859458,0.0208274,1.00512,0.165481,-1.73815,-0.0662594,1.18708,4.88633,-0.0285335,0.955633,1.17118,4.69678,1.17696,4.68327,669,2001,1.17686,4.68341,0,178.022,179.2
91549,-0.0856982,0.0201542,1.0084,0.402122,-3.01295,0.0177101,1.14498,4.8566,-0.0235293,0.906229,1.17331,4.65804,1.1798,4.64137,669,1997,1.17969,4.64151,0,177.986,179.177
91571,-0.0790766,0.0202154,1.00785,0.539526,-4.56257,0.0635116,1.14908,4.48535,-0.0139296,0.824489,1.1682,4.57518,1.18008,4.56105,668,1997,1.17996,4.56119,0,177.988,179.175
91591,-0.0774675,0.0230305,0.9997,0.196014,-2.00532,-0.0433587,1.31971,4.42987,-0.00756654,0.757665,1.18071,4.45653,1.18839,4.46563,669,1997,1.18827,4.46577,0,177.751,178.963
91611,-0.0802524,0.0235201,1.00645,0.0815105,0.216053,-0.112061,1.33871,4.55775,-0.00540197,0.7442,1.20293,4.42493,1.20109,4.44011,669,1997,1.20096,4.44023,0,177.621,178.861
91631,-0.0796335,0.0188078,1.0025,-0.00245857,-0.356466,-0.0662594,1.0748,4.54096,-0.00415343,0.73817,1.21642,4.43613,1.2101,4.44194,669,1997,1.20996,4.44206,0,177.821,179.058
91651,-0.0799429,0.0163599,1.00463,-0.0177259,-0.0358551,0.0482444,0.932954,4.5491,-0.00365298,0.733774,1.17539,4.4377,1.18755,4.43981,669,2001,1.18742,4.43995,0,177.915,179.116
91673,-0.079881,0.0208274,1.00378,-0.0482597,-0.272496,-0.0662594,1.18866,4.54906,-0.00370215,0.729438,1.14696,4.46187,1.16897,4.45142,669,1997,1.16884,4.45154,0,177.915,179.101
91693,-0.0788909,0.0234589,1.00475,0.0128088,-0.226695,0.0558779,1.3375,4.48831,-0.00346125,0.722538,1.17484,4.47839,1.18217,4.45939,669,1997,1.18205,4.45951,0,177.821,179.024
91713,-0.0751159,0.0234589,1.00159,0.00517464,-0.157992,0.0406108,1.34172,4.28781,-0.00347988,0.719714,1.22019,4.43636,1.20725,4.43622,669,1997,1.20712,4.43635,0,177.719,178.951
91733,-0.0852031,0.0206438,1.00554,-0.0177259,0.0710154,0.00244284,1.17612,4.84229,-0.00351379,0.721653,1.21884,4.46646,1.20816,4.45378,669,1997,1.20806,4.4539,0,177.916,179.142
91753,-0.0738782,0.0164211,1.00439,0.112045,-0.425168,-0.142595,0.936671,4.20629,-0.00273853,0.718036,1.17649,4.47248,1.18532,4.458,668,2001,1.18518,4.45811,0,177.841,179.054
91775,-0.0776532,0.0202154,1.00652,-0.0787945,0.269489,0.0635116,1.1506,4.41077,-0.00220755,0.716418,1.16288,4.42302,1.17621,4.43024,668,1997,1.17609,4.43036,0,177.849,179.047
91795,-0.0838417,0.0249276,1.00487,-0.15513,1.55193,-0.0280915,1.42103,4.76797,-0.00399718,0.735395,1.18977,4.445,1.18901,4.44955,668,1997,1.18887,4.44964,0,177.949,179.148
91815,-0.0786434,0.0212557,1.00122,-0.124596,1.20079,0.00244284,1.2162,4.49021,-0.00679444,0.756922,1.21544,4.48186,1.20287,4.47966,668,2001,1.20273,4.47976,0,178.011,179.218
91835,-0.0794479,0.0172167,1.0084,0.112045,-0.211427,-0.0662594,0.978131,4.50414,-0.00824819,0.775518,1.16672,4.51731,1.17556,4.50811,668,1997,1.17543,4.50821,0,177.849,179.035
91855,-0.083656,0.0202766,1.00682,-0.0940619,1.15498,0.0253437,1.15374,4.7488,-0.00835843,0.789931,1.13475,4.49396,1.15523,4.50107,668,1997,1.15509,4.50117,0,177.715,178.891
91877,-0.0797573,0.0232141,1.00463,-0.0787945,0.887809,-0.0357251,1.3237,4.53797,-0.00843814,0.796527,1.15668,4.51014,1.16475,4.51257,668,1997,1.16461,4.51268,0,177.875,179.064
91897,-0.0808712,0.0223573,1.00512,-0.0711613,0.544298,-0.0586258,1.27425,4.59895,-0.00885373,0.812237,1.18975,4.54799,1.18238,4.54069,668,1997,1.18226,4.54082,0,177.871,179.083
91917,-0.0825421,0.0181347,1.0084,0.0357094,0.330557,-0.0586258,1.03027,4.67872,-0.0102464,0.825337,1.18814,4.56491,1.18167,4.5568,668,1997,1.18157,4.55693,0,177.808,179.016
91937,-0.0764155,0.0185631,1.00122,-0.00245857,-0.287763,0.0406108,1.06217,4.36374,-0.00973069,0.822345,1.17348,4.54507,1.17389,4.54541,669,1997,1.17381,4.54555,0,177.879,179.067
91957,-0.0822946,0.0226021,1.00238,-0.0177259,-0.272496,-0.0433587,1.29171,4.69223,-0.0099936,0.822147,1.17687,4.56184,1.17502,4.5547,668,1997,1.17494,4.55483,0,177.88,179.063
91979,-0.0792622,0.0205826,1.00597,-0.00245857,0.376359,-0.0967938,1.17214,4.5042,-0.0106229,0.82085,1.18554,4.5446,1.17971,4.54529,668,1997,1.17962,4.54541,0,177.779,178.971
91999,-0.0816757,0.0236425,1.00718,0.0815105,-0.463336,-0.0357251,1.3447,4.63487,-0.0109011,0.823507,1.19799,4.56325,1.18724,4.55719,668,1997,1.18715,4.55728,0,177.744,178.959
92019,-0.0803142,0.0195422,1.00852,0.0815105,-0.814481,0.0940459,1.11008,4.55232,-0.00884341,0.809095,1.18673,4.54573,1.18287,4.54168,668,1998,1.1828,4.54178,0,177.847,179.052
92039,-0.0815519,0.0192974,1.00792,0.0815105,-1.41753,0.0329772,1.09684,4.62497,-0.0064651,0.787157,1.17326,4.53597,1.17628,4.52723,668,2001,1.17623,4.52731,0,177.746,178.956
92059,-0.0803761,0.0229081,1.00359,0.14258,-0.944252,-0.0128243,1.30761,4.57776,-0.00404099,0.765432,1.18221,4.50784,1.18166,4.50287,668,1997,1.18161,4.50294,0,177.674,178.895
92081,-0.080438,0.0213781,1.00572,0.127313,-0.944252,-0.0128243,1.21772,4.57176,-0.0023497,0.742928,1.1993,4.48222,1.19221,4.47922,668,1997,1.19219,4.47929,0,177.709,178.934
92101,-0.0760442,0.0214393,1.00694,0.134946,-0.562572,0.0482444,1.21973,4.3178,-0.00088742,0.725662,1.20264,4.46763,1.19545,4.46435,668,1996,1.19544,4.46443,0,177.646,178.876
92121,-0.0779007,0.0196646,1.00627,0.0509768,-0.180893,-0.119695,1.11953,4.42589,-0.000554912,0.719998,1.181,4.44144,1.18372,4.44745,668,2001,1.18372,4.44751,0,177.853,179.052
92141,-0.07722,0.020093,1.0042,-0.0253592,0.300023,-0.0815266,1.14627,4.39633,-0.00046668,0.721357,1.17299,4.43498,1.17843,4.44366,668,1997,1.17845,4.44372,0,177.853,179.054
92161,-0.0765393,0.0222349,1.00299,-0.0177259,0.796206,-0.0509923,1.26997,4.3628,-0.0010502,0.729159,1.18526,4.44419,1.1843,4.4515,669,1997,1.18432,4.45156,0,177.61,178.838
92183,-0.0799429,0.020093,1.00645,-0.0635271,0.780939,-0.0128243,1.14371,4.54058,-0.00280929,0.742961,1.18346,4.46806,1.18237,4.47039,668,1997,1.18239,4.47043,0,177.573,178.8
92203,-0.0775913,0.018869,0.999943,-0.0635271,-0.257229,0.0787787,1.08105,4.43623,-0.00349969,0.745145,1.16791,4.48054,1.17294,4.47855,668,1996,1.17299,4.47855,0,177.547,178.761
92223,-0.0800048,0.0189302,1.00645,-0.0177259,-0.28013,0.0177101,1.07754,4.54418,-0.00367099,0.742871,1.1603,4.47738,1.16738,4.47596,668,1997,1.16741,4.47596,0,177.655,178.856
92243,-0.0819851,0.0225409,1.00548,0.0509768,-0.814481,-0.0509923,1.28424,4.66032,-0.00246825,0.729848,1.16893,4.48054,1.17135,4.47243,668,2000,1.17142,4.47239,0,177.724,178.919
92263,-0.0834085,0.0219289,1.00384,0.188381,-0.837382,0.0406108,1.25143,4.74864,-0.00198307,0.717406,1.19472,4.47878,1.18594,4.46696,668,1996,1.186,4.4669,0,177.561,178.78
92285,-0.0793241,0.0203378,1.00457,0.0280762,0.0939159,-0.0967938,1.15981,4.51398,0.000181495,0.707254,1.20042,4.44583,1.19118,4.44538,668,2001,1.19123,4.44529,0,177.291,178.547
92305,-0.0778389,0.020705,1.00627,-0.0329933,0.31529,-0.0509923,1.17875,4.4223,0.000880416,0.705956,1.18412,4.42553,1.18276,4.4335,668,1997,1.18282,4.43342,0,177.39,178.63
92325,-0.0796954,0.0214393,1.00548,0.0662441,-1.05112,0.0406108,1.2215,4.53082,0.00219002,0.699285,1.19131,4.43856,1.18728,4.43741,668,1996,1.18736,4.43731,0,177.487,178.72
92345,-0.0818614,0.0216841,1.00615,-0.0635271,0.574832,-0.0204579,1.23462,4.65032,0.0026294,0.697331,1.20359,4.42403,1.19504,4.42811,668,1997,1.19513,4.42799,0,177.35,178.6
92365,-0.0822327,0.0209498,1.00682,0.27235,-2.59311,-0.0128243,1.19203,4.6683,0.00409168,0.687042,1.20335,4.45883,1.19638,4.44333,669,1997,1.19648,4.4432,0,177.4,178.644
92387,-0.0774057,0.019175,1.0081,-0.0864277,1.35346,-0.0128243,1.08969,4.38999,0.00599671,0.676157,1.2034,4.38251,1.19802,4.39617,669,2001,1.19812,4.39601,0,177.536,178.765
92407,-0.0794479,0.0215005,1.00974,0.0280762,-0.104557,0.0635116,1.21982,4.49783,0.00480251,0.69057,1.19545,4.43169,1.19326,4.42907,669,1998,1.19335,4.42894,0,177.561,178.782
92426,-0.0757967,0.0235813,1.00341,-0.0253592,0.292389,0.0100764,1.34626,4.31867,0.00563883,0.685578,1.21115,4.4068,1.20271,4.41328,669,1997,1.2028,4.41316,0,177.449,178.698
92446,-0.0795097,0.0217453,1.00658,0.0128088,0.20842,-0.17313,1.23758,4.51538,0.00481104,0.691655,1.2162,4.41174,1.20632,4.4179,669,1997,1.20641,4.41775,0,177.55,178.799
92466,-0.075611,0.0216841,1.00153,0.0128088,-0.0816565,-0.104427,1.24032,4.31639,0.00569316,0.687945,1.22108,4.40836,1.21062,4.41402,669,1997,1.21072,4.41385,0,177.786,179.016
92488,-0.0803761,0.0206438,1.0028,0.0280762,-0.135092,-0.00519073,1.17933,4.58158,0.00510964,0.689457,1.21743,4.42556,1.2097,4.42385,669,1997,1.20979,4.42367,0,177.95,179.169
92508,-0.0804999,0.0215617,1.00092,0.0967779,-0.0282214,-0.112061,1.23407,4.59712,0.00591544,0.687396,1.21508,4.43796,1.20973,4.43044,669,1998,1.20982,4.43026,0,177.783,179.012
92528,-0.0761061,0.021011,1.00676,0.00517464,0.00994658,-0.0586258,1.19558,4.32212,0.00720978,0.688099,1.21967,4.43509,1.21393,4.43045,667,1998,1.21402,4.43027,0,177.553,178.804
92548,-0.0765393,0.0211946,1.0053,-0.0177259,0.00994658,-0.0433587,1.20778,4.3529,0.00771022,0.687138,1.21447,4.41825,1.21197,4.42098,667,1997,1.21205,4.4208,0,177.458,178.716
92568,-0.0777151,0.020399,1.00609,-0.0100918,0.147351,0.0787787,1.16154,4.41612,0.00807326,0.689688,1.20631,4.41171,1.2077,4.41802,669,1997,1.20778,4.41782,0,177.455,178.71
92590,-0.0780245,0.0178287,1.0056,-0.0100918,0.193153,-0.0662594,1.01571,4.43598,0.00803936,0.692192,1.19045,4.40662,1.19852,4.41535,669,1997,1.19861,4.41516,0,177.449,178.7
92610,-0.0791384,0.020399,1.00299,0.0433426,0.0939159,-0.0586258,1.16514,4.51052,0.00774591,0.693796,1.18145,4.41887,1.19207,4.4221,669,1997,1.19213,4.42191,0,177.451,178.695
92630,-0.0759204,0.0205826,1.0028,-0.00245857,0.0939159,-0.0204579,1.17583,4.32859,0.00839903,0.693873,1.17816,4.40794,1.18891,4.41552,669,2001,1.18895,4.41533,0,177.544,178.779
92650,-0.0746208,0.0208886,1.00353,-0.00245857,0.0862825,-0.0509923,1.19244,4.25166,0.00873154,0.695186,1.18502,4.40369,1.19154,4.41274,668,1997,1.19162,4.41256,0,177.68,178.9
92670,-0.079386,0.0213781,1.00621,0.00517464,0.300023,-0.0128243,1.21713,4.51005,0.00881977,0.702316,1.19123,4.41086,1.19428,4.41832,668,1997,1.19434,4.41813,0,177.676,178.912
92692,-0.0785196,0.0201542,1.00487,-0.0253592,0.147351,-0.112061,1.149,4.46705,0.00884694,0.703782,1.18711,4.41391,1.19126,4.41978,668,1997,1.19132,4.41959,0,177.572,178.819
92712,-0.0739401,0.0218065,1.00615,0.0280762,-0.318298,-0.0967938,1.24159,4.20202,0.0101718,0.697813,1.20443,4.40464,1.20114,4.41136,669,1997,1.20122,4.41117,0,177.54,178.786
92732,-0.0773438,0.0206438,1.00177,0.0662441,0.238954,-0.0433587,1.18055,4.41396,0.0100768,0.699142,1.20889,4.3985,1.20402,4.40721,668,1997,1.2041,4.40702,0,177.373,178.637
92752,-0.0758585,0.0222961,1.00122,0.0357094,0.177886,-0.0128243,1.2757,4.33173,0.011478,0.702318,1.20989,4.40571,1.20565,4.41155,669,1997,1.20574,4.41137,0,177.318,178.581
92772,-0.0780245,0.0190526,1.00153,0.0280762,-0.0129542,-0.00519073,1.08984,4.45387,0.0106197,0.706517,1.20414,4.41934,1.20248,4.42007,669,1997,1.20258,4.41987,0,177.557,178.788
92794,-0.0796335,0.0205214,1.00499,0.05861,-0.211427,0.0329772,1.16978,4.52958,0.0106621,0.706945,1.2012,4.42062,1.20082,4.42045,668,1997,1.20091,4.42026,0,177.649,178.879
92814,-0.0741258,0.0216841,1.00146,0.00517464,-0.0740228,-0.0891602,1.2404,4.23217,0.0120481,0.699846,1.20343,4.41087,1.20258,4.41192,669,1998,1.20266,4.41173,0,177.62,178.855
92834,-0.0764774,0.019787,1.00183,-0.00245857,-0.387,0.0482444,1.13149,4.36451,0.010976,0.700503,1.20083,4.4186,1.20073,4.41623,669,1997,1.20081,4.41602,0,177.624,178.85
92854,-0.0769106,0.020399,1.00323,0.0357094,-0.150359,-0.0891602,1.16485,4.38299,0.0109421,0.696778,1.20075,4.41225,1.20072,4.41101,668,2001,1.20078,4.41082,0,177.593,178.816
92874,-0.0635435,0.0211334,0.9997,-0.0100918,0.994679,0.0940459,1.21104,3.63616,0.011412,0.697939,1.20624,4.37661,1.20392,4.39151,669,1997,1.20398,4.39134,0,177.558,178.796
92896,-0.078829,0.0218065,1.00804,-0.0406265,1.17789,0.101679,1.23927,4.47042,0.00713385,0.748779,1.20149,4.46451,1.19951,4.46125,668,1997,1.19957,4.46109,0,177.457,178.702
92916,-0.0764155,0.0221125,1.00177,-0.0329933,0.780939,-0.0357251,1.26451,4.36105,0.00571063,0.7722,1.21247,4.48512,1.20543,4.48314,669,1997,1.20548,4.483,0,177.624,178.857
92936,-0.0795097,0.0192362,1.00396,-0.0482597,1.32292,-0.0357251,1.09767,4.52733,0.00384467,0.797742,1.19551,4.51145,1.19595,4.50869,668,1997,1.196,4.50855,0,177.824,179.038
92956,-0.0797573,0.0199094,1.00792,-0.0253592,1.07102,0.155115,1.13162,4.52356,0.00145962,0.824506,1.18161,4.54538,1.18679,4.53961,668,1997,1.18682,4.5395,0,177.522,178.754
92976,-0.0780245,0.0234589,1.00359,-0.0940619,1.71224,-0.0662594,1.33904,4.44431,0.000173815,0.849712,1.19171,4.55101,1.19113,4.55393,669,2001,1.19113,4.55385,0,177.506,178.747
92998,-0.0866884,0.0216229,1.00554,-0.116962,0.933611,-0.00519073,1.23189,4.92619,-0.00240971,0.881973,1.19642,4.61418,1.19275,4.60298,668,2001,1.19276,4.60291,0,177.676,178.904
93018,-0.0796335,0.0205826,1.00463,-0.0100918,0.338191,-0.0357251,1.1737,4.53122,-0.00236727,0.888202,1.19706,4.61058,1.19356,4.60496,668,1997,1.19357,4.60488,0,177.481,178.721
93038,-0.0819232,0.0219901,1.00597,-0.124596,0.643534,-0.00519073,1.25227,4.65463,-0.00272179,0.900813,1.1893,4.62015,1.18919,4.6162,668,1997,1.18919,4.61615,0,177.352,178.594
93058,-0.0823564,0.0210722,1.00463,0.165481,-0.142725,0.0406108,1.20161,4.68543,-0.00150378,0.90231,1.18769,4.6232,1.18851,4.61881,668,1996,1.18853,4.61878,0,177.325,178.566
93078,-0.0825421,0.0221737,1.00268,0.0128088,-0.188527,0.0100764,1.26686,4.70491,0.000294374,0.897058,1.20536,4.63298,1.19932,4.62262,669,2000,1.19935,4.6226,0,177.428,178.664
93100,-0.0798192,0.0190526,1.00499,-0.0711613,0.277122,-0.112061,1.08608,4.54023,0.000367338,0.900295,1.20094,4.63693,1.19765,4.62766,668,1997,1.19768,4.62764,0,177.603,178.82
93120,-0.080995,0.0225409,1.00499,-0.116962,0.796206,0.0177101,1.28486,4.6065,-0.00105588,0.909685,1.19442,4.63523,1.19353,4.63168,668,1996,1.19354,4.63166,0,177.723,178.941
93140,-0.0821708,0.0218065,1.00542,-0.0253592,-0.28013,-0.0662594,1.24249,4.67118,-0.00249436,0.917884,1.19733,4.65179,1.19475,4.64523,668,1996,1.19474,4.64523,0,177.378,178.628
93160,-0.0845224,0.019481,1.00548,0.127313,-0.928985,-0.0509923,1.10996,4.80418,-0.000299255,0.904785,1.18871,4.65143,1.19113,4.64015,669,1996,1.19111,4.64016,0,177.116,178.373
93180,-0.0779007,0.0218677,1.00134,-0.0558939,-0.30303,-0.00519073,1.25105,4.44738,0.00111722,0.891198,1.19898,4.61696,1.19728,4.61599,668,1996,1.19726,4.616,0,177.29,178.529
93202,-0.0781483,0.0209498,0.998726,-0.0864277,0.498496,0.0711452,1.20169,4.47318,0.00041156,0.895427,1.19367,4.59534,1.19417,4.60529,668,2001,1.19413,4.60531,0,177.213,178.471
93222,-0.0816757,0.0210722,1.00718,-0.193298,1.40689,-0.0433587,1.19856,4.63514,-0.00267578,0.917794,1.19081,4.61137,1.19128,4.62239,668,1997,1.19123,4.6224,0,177.309,178.557
93242,-0.0806856,0.0211946,1.00384,-0.0864277,0.71987,0.0406108,1.20954,4.59437,-0.00562571,0.938879,1.19076,4.629,1.18997,4.63993,668,1996,1.18992,4.63994,0,177.516,178.747
93262,-0.0830372,0.0212557,1.00414,0.0128088,0.39926,-0.0128243,1.21266,4.72624,-0.00634664,0.950787,1.20138,4.65222,1.19591,4.65684,668,2000,1.19587,4.65684,0,177.329,178.573
93282,-0.0821089,0.0190526,1.00572,-0.0482597,0.277122,-0.0586258,1.08529,4.66653,-0.00699123,0.957017,1.20863,4.66909,1.20093,4.66847,668,1996,1.20088,4.66847,0,177.432,178.673
93304,-0.0814282,0.0183795,1.00615,-0.0864277,0.498496,-0.127328,1.04651,4.62612,-0.00760528,0.96433,1.19282,4.67989,1.19273,4.67781,668,2001,1.19266,4.67779,0,177.361,178.607
93324,-0.0827278,0.0177675,1.00603,-0.0482597,0.483229,-0.0433587,1.0118,4.70024,-0.0079598,0.971964,1.17036,4.68323,1.17973,4.68297,669,1997,1.17966,4.68295,0,177.234,178.465
93344,-0.0829134,0.0215005,1.00408,-0.101695,1.17025,-0.0967938,1.2267,4.71949,-0.00964255,0.987812,1.16314,4.68751,1.1736,4.69175,669,1996,1.17352,4.69175,0,177.266,178.488
93363,-0.0848318,0.0203378,1.00457,-0.0940619,0.780939,0.0558779,1.15981,4.82597,-0.0116459,1.0087,1.15626,4.7293,1.16748,4.72387,669,1998,1.16738,4.72389,0,177.326,178.553
93383,-0.0860695,0.0196034,1.00305,-0.0177259,0.0328474,-0.0433587,1.11964,4.9035,-0.0131607,1.01535,1.15005,4.74854,1.16185,4.73812,669,1997,1.16176,4.73816,0,177.469,178.675
93405,-0.0835941,0.0192974,1.0014,0.165481,-1.84502,-0.0357251,1.10397,4.77093,-0.0113168,0.993706,1.14739,4.74448,1.15927,4.72796,669,1997,1.15918,4.72803,0,177.36,178.576
93425,-0.0881736,0.019481,1.00329,0.226549,-2.41753,0.0100764,1.11238,5.02156,-0.00783924,0.954318,1.15286,4.73008,1.16209,4.70492,669,1997,1.16202,4.70501,0,177.388,178.605
93445,-0.0808712,0.0200318,1.00116,0.157846,-2.06639,-0.104427,1.14625,4.61726,-0.00385787,0.906516,1.15953,4.6682,1.16609,4.65262,669,1997,1.16605,4.65273,0,177.334,178.551
93465,-0.0817376,0.0201542,1.00317,0.218916,-2.3412,0.0406108,1.15095,4.6572,-0.000151316,0.86412,1.17213,4.62544,1.17378,4.61233,669,1997,1.17375,4.61245,0,177.363,178.586
93485,-0.0777151,0.0211334,1.0039,0.196014,-1.51677,-0.0433587,1.20597,4.42565,0.00421172,0.823098,1.17453,4.55567,1.17628,4.55677,669,1997,1.17625,4.55687,0,177.419,178.644
93507,-0.0797573,0.0214393,1.00834,0.211282,-1.02059,-0.0204579,1.21804,4.52152,0.00712439,0.803144,1.18136,4.53859,1.18082,4.53856,669,1997,1.18078,4.53864,0,177.554,178.777
93527,-0.0743733,0.0215617,0.99903,0.165481,-1.33356,-0.0357251,1.2364,4.25657,0.0105714,0.775602,1.19124,4.50219,1.18769,4.50642,669,2001,1.18766,4.50646,0,177.547,178.78
93547,-0.0929387,0.0215617,1.01406,-0.00245857,0.42216,-0.0815266,1.21808,5.23535,0.00920925,0.795801,1.19928,4.53825,1.19203,4.53379,669,1997,1.19199,4.53385,0,177.474,178.725
93567,-0.0839654,0.020399,1.01236,-0.0635271,0.445061,0.0177101,1.15435,4.74033,0.0102441,0.790382,1.20886,4.52615,1.19876,4.5255,669,1997,1.19872,4.52555,0,177.512,178.765
93587,-0.0767249,0.0227245,1.00061,0.0967779,-0.585473,0.0329772,1.301,4.38362,0.0117216,0.778856,1.20496,4.51998,1.19783,4.5179,669,1997,1.1978,4.51795,0,177.578,178.82
93609,-0.0803142,0.0235201,1.00524,0.112045,-1.66944,0.00244284,1.34033,4.56674,0.0128633,0.761498,1.20792,4.51708,1.20057,4.50931,668,1997,1.20056,4.50936,0,177.582,178.821
93629,-0.0792622,0.0219901,1.00426,0.0738773,-0.87555,0.00244284,1.25439,4.51168,0.0161118,0.73278,1.2312,4.4853,1.21631,4.48024,668,1997,1.2163,4.48028,0,177.385,178.649
93649,-0.078272,0.0216841,1.00688,-0.13223,0.193153,-0.0815266,1.23373,4.44405,0.0175436,0.718766,1.23514,4.44884,1.2211,4.45452,668,1997,1.22108,4.45454,0,177.278,178.56
93669,-0.0775913,0.0195422,1.00274,0.0509768,-0.402267,-0.0128243,1.11648,4.42384,0.0167921,0.714812,1.22884,4.44737,1.21906,4.45184,668,1997,1.21905,4.45183,0,177.35,178.618
93689,-0.0772819,0.0196646,1.00731,0.14258,0.20842,-0.0738931,1.11838,4.38638,0.0180864,0.712858,1.21363,4.44324,1.21211,4.44845,668,1997,1.21209,4.44844,0,177.553,178.805
93711,-0.0767868,0.0239484,1.00463,-0.00245857,0.300023,-0.104427,1.36556,4.36955,0.0178235,0.71724,1.22727,4.43712,1.21999,4.4465,668,1998,1.21998,4.44649,0,177.723,178.971
93731,-0.0752397,0.020399,1.0056,-0.124596,0.796206,0.0406108,1.1621,4.27805,0.0165377,0.725836,1.22564,4.4393,1.21967,4.4507,668,1997,1.21964,4.45068,0,177.551,178.805
93751,-0.0762298,0.0215617,1.00609,-0.0482597,0.788573,-0.00519073,1.22773,4.33194,0.0137099,0.743394,1.21979,4.44883,1.21601,4.4624,668,1998,1.21597,4.46236,0,177.344,178.619
93771,-0.0805618,0.0211946,1.00505,-0.0253592,0.498496,-0.0357251,1.20807,4.58182,0.0120577,0.759318,1.22267,4.47308,1.2176,4.48129,669,1997,1.21754,4.48122,0,177.282,178.559
93791,-0.0787052,0.0227857,0.998909,0.020442,-0.112191,-0.0738931,1.30672,4.50393,0.0119933,0.76025,1.23859,4.47881,1.22757,4.48408,668,1997,1.22751,4.48402,0,177.525,178.797
93813,-0.074559,0.0194198,1.00432,0.05861,-0.234328,-0.0967938,1.10774,4.24494,0.0133181,0.754479,1.22875,4.47269,1.2243,4.47782,669,1997,1.22423,4.47777,0,177.691,178.944
93833,-0.0872453,0.0215005,1.00974,0.020442,-0.936618,0.0329772,1.21982,4.93719,0.0125209,0.757777,1.22168,4.51097,1.22077,4.50004,669,1997,1.22069,4.49998,0,177.589,178.838
93853,-0.0804999,0.0224185,1.00524,-0.0329933,0.529031,-0.0280915,1.27758,4.57737,0.0133419,0.739411,1.22032,4.46813,1.22065,4.46907,669,1997,1.22057,4.46899,0,177.317,178.593
93873,-0.0774675,0.020705,1.0056,0.0891447,-0.310664,-0.0204579,1.17953,4.4042,0.0140714,0.734603,1.21422,4.45738,1.21757,4.46106,668,1997,1.21748,4.46096,0,177.317,178.589
93893,-0.0773438,0.020705,1.00426,0.0509768,-0.631275,-0.112061,1.1811,4.40303,0.0155642,0.723275,1.20566,4.45173,1.21301,4.45276,668,1997,1.21291,4.45265,0,177.242,178.514
93915,-0.0778389,0.019481,1.00925,0.0815105,-0.0282214,-0.112061,1.10581,4.4094,0.0165227,0.720573,1.19597,4.44143,1.20715,4.4457,668,1997,1.20704,4.4456,0,177.213,178.481
93935,-0.0764774,0.0221125,1.00785,0.134946,-0.356466,0.0558779,1.25688,4.33833,0.0178475,0.714619,1.20359,4.43727,1.21071,4.44047,668,1997,1.2106,4.44037,0,177.425,178.675
93955,-0.0796954,0.0226021,1.00457,-0.0177259,0.147351,-0.0433587,1.2889,4.5348,0.0179816,0.717398,1.21629,4.4369,1.21746,4.44072,669,1996,1.21735,4.44061,0,177.454,178.717
93975,-0.0790766,0.0232753,1.0025,0.0128088,0.223687,-0.0509923,1.33001,4.50891,0.0183904,0.7183,1.22954,4.44277,1.22519,4.44414,669,2001,1.22509,4.44403,0,177.42,178.693
93995,-0.0787671,0.0215005,1.00603,-0.0177259,-0.0205877,-0.0433587,1.22432,4.47583,0.0191962,0.719934,1.2342,4.46077,1.22897,4.45531,669,1996,1.22886,4.45522,0,177.384,178.668
94017,-0.0785196,0.020399,1.00542,0.0738773,-0.0511222,0.0787787,1.16232,4.46461,0.0191623,0.719507,1.23074,4.44624,1.22789,4.44731,668,1997,1.22776,4.44723,0,177.384,178.66
94037,-0.080438,0.0226021,1.00293,0.00517464,-0.104557,-0.0128243,1.29101,4.58434,0.0189147,0.717019,1.21513,4.45335,1.21916,4.45021,668,2000,1.21903,4.45011,0,177.458,178.713
94057,-0.0778389,0.0219901,1.00463,-0.0329933,-0.0282214,0.0253437,1.25394,4.42938,0.0192319,0.715401,1.2099,4.4438,1.21587,4.44457,668,2001,1.21572,4.44447,0,177.556,178.8
94077,-0.0951047,0.0202154,1.02118,0.211282,-1.30303,0.0329772,1.13408,5.31969,0.0204499,0.710653,1.20508,4.47432,1.21309,4.45918,668,1997,1.21292,4.45909,0,177.55,178.792
94097,-0.0721455,0.0232753,1.00177,0.310518,-2.17326,0.0864123,1.33098,4.11811,0.0279885,0.649982,1.22131,4.39217,1.22466,4.38909,668,1996,1.22447,4.389,0,177.521,178.778
94119,-0.0770962,0.0214393,1.00566,-0.0329933,-0.539672,0.0940459,1.22128,4.38285,0.0288859,0.639097,1.22685,4.36474,1.22797,4.36874,668,1997,1.2278,4.36866,0,177.452,178.723
94139,-0.0762917,0.0209498,1.00286,0.00517464,0.0252137,0.00244284,1.19673,4.34939,0.0301803,0.625968,1.23097,4.34856,1.23078,4.35369,668,1997,1.23059,4.35359,0,177.242,178.53
94159,-0.0760442,0.0212557,1.00177,-0.147496,1.55193,-0.0204579,1.21553,4.34002,0.0289708,0.641754,1.22623,4.36006,1.22761,4.36657,668,2000,1.22743,4.36646,0,177.323,178.595
94179,-0.0773438,0.0210722,1.00627,-0.147496,1.26949,-0.0357251,1.19964,4.39425,0.025456,0.670304,1.22085,4.3988,1.22302,4.40036,668,1997,1.22285,4.40025,0,177.492,178.754
94199,-0.0796335,0.0206438,1.00548,-0.0177259,-0.0129542,-0.104427,1.17619,4.52739,0.02359,0.687343,1.21865,4.43654,1.2208,4.42904,669,1996,1.22061,4.42892,0,177.454,178.718
94221,-0.0712172,0.0192974,0.99897,0.0509768,-0.852649,0.0864123,1.10666,4.077,0.0253118,0.667786,1.21102,4.40731,1.21711,4.40567,669,1997,1.2169,4.40555,0,177.557,178.811
94241,-0.0765393,0.0215617,1.00378,-0.0100918,0.300023,-0.0357251,1.23056,4.35944,0.024652,0.675527,1.20481,4.40273,1.21243,4.40609,668,1997,1.21222,4.40595,0,177.611,178.861
94261,-0.0757348,0.0233365,1.00512,-0.0100918,0.529031,-0.0891602,1.33004,4.3079,0.0241906,0.682459,1.21599,4.3932,1.21767,4.40337,669,1997,1.21747,4.40323,0,177.245,178.518
94281,-0.0779007,0.0203378,1.00329,-0.0329933,0.567199,-0.00519073,1.16129,4.43893,0.0232254,0.693253,1.22546,4.40546,1.22266,4.41357,669,1996,1.22246,4.41342,0,177.452,178.715
94301,-0.0751159,0.0213169,1.00293,0.0509768,-0.188527,-0.0738931,1.21763,4.28231,0.023451,0.695926,1.2165,4.40929,1.21787,4.41599,669,1997,1.21765,4.41586,0,177.683,178.932
94322,-0.0775294,0.0181959,1.00116,0.0433426,0.193153,-0.0738931,1.04122,4.42739,0.0236461,0.697071,1.20622,4.39629,1.21201,4.40803,669,1997,1.2118,4.4079,0,177.442,178.71
94342,-0.0783339,0.020399,1.00621,0.0815105,-0.157992,-0.0662594,1.1614,4.45061,0.0233374,0.698125,1.20399,4.41678,1.20965,4.41884,669,1997,1.20942,4.41871,0,177.649,178.896
94362,-0.0776532,0.0215617,1.00396,0.05861,-0.119824,-0.0128243,1.23033,4.42183,0.0235936,0.697209,1.21428,4.4122,1.21485,4.41549,669,1997,1.21461,4.41534,0,177.924,179.149
94382,-0.0795097,0.0202766,1.0039,0.0433426,-0.0205877,-0.134962,1.15709,4.52751,0.024323,0.695546,1.21934,4.4154,1.21802,4.41605,669,1997,1.21778,4.41589,0,177.761,178.991
94402,-0.078829,0.021011,1.00384,-0.0253592,0.0328474,-0.0738931,1.19906,4.48911,0.0246861,0.694432,1.21301,4.41935,1.21456,4.41768,669,1997,1.21433,4.41755,0,177.759,178.987
94424,-0.0762917,0.0181959,1.00591,-0.0635271,-0.0358551,-0.112061,1.03631,4.33652,0.0238125,0.693837,1.2018,4.40166,1.20759,4.40734,669,1997,1.20736,4.4072,0,177.818,179.055
94444,-0.076663,0.0215005,1.00408,0.00517464,-0.104557,0.0329772,1.2267,4.36515,0.0234427,0.692753,1.19466,4.39119,1.20233,4.39991,669,1996,1.20212,4.39975,0,177.821,179.047
94464,-0.0769106,0.0207662,1.00414,0.0280762,-0.180893,-0.0204579,1.18474,4.37899,0.0235767,0.686799,1.19897,4.38882,1.20363,4.39475,669,1997,1.20343,4.3946,0,177.99,179.204
94484,-0.0774057,0.019787,1.00591,0.0509768,-0.0434885,-0.0357251,1.12691,4.39946,0.0242146,0.685975,1.19615,4.39318,1.2014,4.39591,669,1997,1.20119,4.39577,0,177.957,179.168
94504,-0.0779626,0.0209498,1.00755,-0.0635271,-0.257229,-0.0433587,1.19117,4.42369,0.0240585,0.683045,1.19466,4.3912,1.1995,4.39271,669,1997,1.19931,4.39258,0,177.986,179.191
94526,-0.0762298,0.0196646,1.00432,0.0280762,-0.440435,0.0177101,1.1217,4.33969,0.024162,0.675488,1.17787,4.38418,1.18884,4.38501,669,1997,1.18865,4.38489,0,177.976,179.19
94546,-0.074559,0.0219289,1.00311,0.0357094,-0.356466,-0.0128243,1.25234,4.24985,0.0251052,0.667458,1.18734,4.37121,1.19274,4.37385,669,1997,1.19255,4.37374,0,178.075,179.288
94566,-0.0789528,0.0215617,1.0042,-0.0177259,-0.211427,-0.0357251,1.23004,4.49445,0.0253614,0.662924,1.19744,4.35816,1.19752,4.36348,668,1997,1.19732,4.3634,0,178.215,179.415
94586,-0.0770344,0.0204602,1.00073,-0.0711613,-0.0205877,-0.00519073,1.17126,4.40091,0.0249916,0.661306,1.20896,4.36899,1.20362,4.36792,668,1997,1.20343,4.36786,0,178.584,179.766
94606,-0.0777151,0.0195422,1.0053,-0.0558939,0.0710154,-0.0586258,1.11365,4.41965,0.0251867,0.663352,1.19808,4.38673,1.19776,4.37888,668,1997,1.19759,4.37885,0,178.649,179.817
94628,-0.0765393,0.0216841,1.00627,0.0357094,-0.211427,0.0482444,1.23447,4.34866,0.0264658,0.661017,1.18261,4.38821,1.18883,4.37961,669,1998,1.18868,4.3796,0,178.513,179.687
94648,-0.0767868,0.0249276,1.00718,-0.0482597,0.0175803,-0.112061,1.41777,4.35841,0.0262792,0.660483,1.20051,4.36599,1.19769,4.36698,669,1995,1.19754,4.36699,0,178.615,179.793
94668,-0.0785196,0.0221737,1.00585,0.00517464,0.132084,-0.112061,1.26287,4.46256,0.0256804,0.661491,1.219,4.3688,1.20819,4.36824,669,2001,1.20809,4.36827,0,178.783,179.961
94688,-0.0760442,0.0216229,1.00323,0.0662441,-0.0892901,-0.0204579,1.23472,4.33369,0.0263946,0.66024,1.23372,4.38704,1.21808,4.37819,668,2001,1.21799,4.37825,0,178.678,179.875
94708,-0.0764155,0.0206438,1.00779,0.0433426,-0.0205877,-0.0586258,1.17349,4.33522,0.0274599,0.659294,1.21759,4.37096,1.21093,4.36921,668,1997,1.21085,4.36928,0,178.616,179.798
94730,-0.0779007,0.0213781,1.00579,0.0357094,0.0023129,-0.0891602,1.21765,4.42787,0.0280825,0.659309,1.20852,4.36227,1.2064,4.3637,668,1997,1.20634,4.36378,0,178.543,179.731
94750,-0.0794479,0.0218677,1.00974,0.05861,-0.0663893,-0.0967938,1.24065,4.4978,0.0288273,0.658241,1.21882,4.38472,1.21275,4.37567,668,1997,1.21269,4.37577,0,178.508,179.71
94770,-0.0759823,0.0213169,1.00548,0.0128088,-0.0740228,0.0558779,1.21453,4.32055,0.028717,0.65557,1.24095,4.379,1.22604,4.37202,668,1998,1.22597,4.37211,0,178.582,179.787
94790,-0.0790147,0.0206438,1.00755,0.00517464,0.0481145,-0.127328,1.17377,4.48317,0.0302098,0.654899,1.2488,4.37794,1.23328,4.37154,668,1997,1.23319,4.37162,0,178.508,179.72
94810,-0.0746827,0.0186855,1.00725,0.0280762,-0.0587556,-0.0586258,1.06277,4.23974,0.0311072,0.653998,1.21166,4.38561,1.21423,4.37649,668,1996,1.21415,4.37656,0,178.749,179.919
94832,-0.0739401,0.0232753,1.00359,0.0891447,-0.112191,-0.0509923,1.32856,4.21254,0.0318061,0.649098,1.2077,4.32985,1.2115,4.34288,668,2001,1.21144,4.34296,0,178.645,179.835
94852,-0.0815519,0.0246828,1.00414,-0.0635271,0.10155,-0.0433587,1.4081,4.64172,0.0318028,0.651007,1.22568,4.36942,1.22116,4.36446,669,1997,1.22111,4.36452,0,178.54,179.754
94872,-0.074559,0.0220513,1.00487,0.0433426,-0.00532055,0.0482444,1.25712,4.24241,0.032349,0.648702,1.24911,4.35621,1.23567,4.35667,668,1996,1.23562,4.35674,0,178.68,179.889
94892,-0.0808712,0.0203378,1.00518,-0.0100918,-0.0663893,0.0482444,1.15911,4.59887,0.0319182,0.651344,1.22724,4.35262,1.2245,4.35497,669,1997,1.22446,4.35506,0,178.648,179.848
94912,-0.0735688,0.0179511,1.00548,0.0280762,-0.425168,-0.0891602,1.02281,4.18408,0.0331667,0.640825,1.20603,4.33805,1.21304,4.34198,668,2001,1.21301,4.3421,0,178.682,179.87
94934,-0.078272,0.0217453,1.00688,0.0509768,0.132084,-0.0586258,1.23721,4.44404,0.0329343,0.637222,1.19535,4.33494,1.20565,4.33766,668,1996,1.20561,4.33779,0,178.643,179.827
94954,-0.0808712,0.019787,1.00512,-0.0177259,0.544298,-0.0891602,1.1278,4.5992,0.032763,0.645421,1.19793,4.37793,1.20588,4.36517,668,2001,1.20584,4.36529,0,178.509,179.701
94974,-0.0707221,0.0244992,1.00402,0.0662441,0.132084,-0.0815266,1.3978,4.028,0.0319963,0.651101,1.21206,4.35957,1.2122,4.35904,669,2001,1.21218,4.35914,0,178.686,179.869
94994,-0.0832228,0.0215005,1.00232,-0.0100918,0.391626,-0.0204579,1.22885,4.74532,0.0314738,0.656659,1.24045,4.37103,1.22841,4.36699,669,1997,1.22838,4.36709,0,178.484,179.695
95014,-0.0800667,0.0181347,1.00907,-0.0177259,-0.509137,-0.0357251,1.02959,4.53601,0.0307987,0.658675,1.19956,4.43741,1.20592,4.40686,669,1996,1.20589,4.40698,0,178.275,179.484
95036,-0.071836,0.0213781,1.0008,-0.0177259,0.246588,0.0100764,1.22372,4.10466,0.0311007,0.653103,1.19619,4.36715,1.2031,4.36777,669,1996,1.20307,4.36789,0,178.415,179.608
95056,-0.0808712,0.0208886,1.0067,-0.0177259,0.0404809,0.00244284,1.18869,4.5919,0.0303797,0.659943,1.18863,4.38524,1.19735,4.3806,668,1997,1.19734,4.38073,0,178.517,179.698
95076,-0.0792003,0.0235201,1.00664,-0.0100918,0.0633817,-0.0357251,1.33847,4.49743,0.0308955,0.657607,1.21151,4.39397,1.20945,4.3853,669,2001,1.20944,4.38544,0,178.613,179.797
95096,-0.0766012,0.0226021,1.00366,0.0509768,-0.402267,-0.0357251,1.29007,4.36338,0.0298692,0.65431,1.21754,4.40803,1.21262,4.3935,668,1997,1.21265,4.39363,0,178.516,179.707
95116,-0.0733213,0.0211334,1.0028,-0.0177259,0.0481145,-0.0433587,1.20729,4.18089,0.0296368,0.649608,1.21668,4.36265,1.21248,4.36739,668,1997,1.21252,4.36753,0,178.586,179.775
95138,-0.0792003,0.0203378,1.00499,-0.0406265,0.284756,-0.112061,1.15932,4.50506,0.0288701,0.656159,1.217,4.37,1.21288,4.37364,668,1997,1.21293,4.37377,0,178.786,179.961
95158,-0.0790766,0.0210722,1.00463,-0.0329933,-0.0740228,-0.0128243,1.20161,4.49961,0.0294774,0.655854,1.21698,4.39244,1.21353,4.3862,668,1996,1.21359,4.38633,0,178.887,-179.943
95178,-0.0796954,0.0186243,1.00317,0.0815105,-0.119824,-0.0280915,1.0636,4.54147,0.0295504,0.656419,1.20866,4.40221,1.20923,4.39296,668,1997,1.20932,4.39308,0,178.787,179.956
95198,-0.0775913,0.0204602,1.0039,-0.0558939,0.0175803,-0.0128243,1.16757,4.41869,0.02886,0.654847,1.1991,4.38819,1.20315,4.38558,668,2001,1.20325,4.38569,0,178.445,179.632
95218,-0.0764155,0.0185631,1.00694,-0.0329933,0.0557482,0.0482444,1.05613,4.33905,0.0279711,0.653443,1.1874,4.38118,1.19536,4.38152,669,1997,1.19546,4.38162,0,178.617,179.776
95240,-0.0770344,0.020093,1.00378,-0.0177259,0.0710154,0.0100764,1.14676,4.38766,0.0284258,0.655672,1.19803,4.38986,1.20045,4.38763,669,1997,1.20057,4.38775,0,178.62,179.783
95259,-0.077777,0.0233365,1.00213,-0.00245857,0.0404809,0.00244284,1.33399,4.43671,0.027659,0.654955,1.20849,4.38217,1.20549,4.38332,669,1997,1.20561,4.38341,0,178.619,179.798
95279,-0.077777,0.0212557,1.00341,0.0509768,0.0175803,-0.0128243,1.21354,4.43129,0.0273961,0.655108,1.21712,4.38356,1.21048,4.3842,669,1997,1.2106,4.38428,0,178.72,179.897
95299,-0.0790147,0.0215005,1.00244,0.0815105,-0.0892901,0.0711452,1.22871,4.50585,0.0280492,0.654956,1.22174,4.40635,1.21412,4.39753,669,1997,1.21428,4.39759,0,178.383,179.583
95319,-0.0769725,0.0205214,1.00712,-0.0253592,0.109183,0.0253437,1.16731,4.3696,0.0283207,0.655552,1.21819,4.39976,1.21301,4.39551,669,1997,1.21318,4.39555,0,178.314,179.512
95341,-0.0769106,0.0206438,1.00542,0.00517464,0.116817,-0.0357251,1.17626,4.37346,0.0280425,0.657415,1.21346,4.38926,1.21067,4.39096,669,1997,1.21083,4.39099,0,178.52,179.701
95361,-0.0766012,0.0216841,1.00353,-0.0558939,0.0481145,-0.104427,1.23784,4.36399,0.0275506,0.660744,1.2228,4.38819,1.21614,4.39184,669,1997,1.21629,4.39186,0,178.623,179.8
95381,-0.0782102,0.0218677,1.00219,-0.0711613,0.0252137,0.0558779,1.24999,4.4612,0.0264022,0.662256,1.22296,4.39232,1.21649,4.39466,669,1997,1.21662,4.39465,0,178.622,179.803
95401,-0.0785815,0.0197258,1.00195,0.0280762,-0.00532055,0.116947,1.12786,4.48357,0.0256812,0.662225,1.21465,4.39993,1.21215,4.39907,669,1997,1.21226,4.39906,0,178.655,179.835
95421,-0.0790147,0.0223573,1.00341,0.0662441,0.0252137,0.0406108,1.27641,4.50141,0.0244412,0.664714,1.20571,4.42439,1.20662,4.41474,669,1997,1.2067,4.41469,0,178.521,179.695
95443,-0.077777,0.0221125,1.00366,0.020442,0.139718,-0.00519073,1.26214,4.43014,0.0242699,0.66757,1.21437,4.42798,1.21144,4.41954,669,1997,1.21152,4.41947,0,178.28,179.477
95463,-0.0783339,0.0199094,1.00384,-0.0329933,0.0328474,-0.0891602,1.13621,4.46113,0.0249383,0.669814,1.21,4.43978,1.20965,4.42891,669,1997,1.20971,4.42883,0,178.277,179.478
95483,-0.0764774,0.0208274,1.00086,0.00517464,0.109183,-0.0662594,1.19213,4.36865,0.0254387,0.670823,1.21252,4.44603,1.21136,4.43498,669,1997,1.21141,4.43489,0,178.411,179.609
95503,-0.0773438,0.0195422,1.0053,0.0433426,-0.0358551,-0.0586258,1.11365,4.39862,0.0255575,0.67009,1.19789,4.44877,1.20295,4.43832,668,1997,1.20301,4.43823,0,178.477,179.667
95523,-0.0783958,0.0203378,1.00572,0.0815105,-0.203794,-0.0586258,1.15848,4.45626,0.026577,0.667159,1.20076,4.44084,1.20429,4.4344,668,1997,1.20435,4.4343,0,178.549,179.727
95545,-0.0783958,0.0239484,1.00207,0.020442,0.0786488,0.00244284,1.36905,4.47207,0.0267263,0.664702,1.21028,4.42566,1.20912,4.42605,668,1997,1.20916,4.42595,0,178.588,179.758
95565,-0.0761061,0.0204602,1.00652,0.0357094,0.170252,-0.00519073,1.16453,4.32321,0.0269825,0.667649,1.20219,4.42112,1.20463,4.42551,668,1998,1.20468,4.42538,0,178.686,179.848
95585,-0.0790147,0.0216841,1.00384,-0.0100918,0.132084,-0.0128243,1.23747,4.49957,0.0271165,0.670245,1.20301,4.42085,1.2047,4.42648,668,1997,1.20474,4.42635,0,178.618,179.787
95605,-0.0786434,0.0200318,1.00645,0.0280762,0.223687,-0.0433587,1.14023,4.46708,0.0268994,0.673329,1.20833,4.43567,1.20741,4.43627,669,1997,1.20745,4.43612,0,178.485,179.674
95625,-0.0780864,0.0210722,1.0056,-0.0177259,0.0252137,-0.0509923,1.20044,4.43921,0.0273541,0.67562,1.20232,4.44781,1.20406,4.44495,669,1997,1.20409,4.44478,0,178.414,179.608
95647,-0.0779007,0.021011,1.00633,0.0433426,-0.0663893,0.139847,1.19609,4.42551,0.0271675,0.675712,1.2032,4.43869,1.2042,4.44085,668,1997,1.20426,4.44067,0,178.414,179.601
95667,-0.0774057,0.0202766,1.00414,-0.0177259,-0.127458,-0.0738931,1.15681,4.40711,0.0269504,0.673193,1.2036,4.42521,1.20405,4.43261,669,1997,1.20411,4.43243,0,178.345,179.54
95687,-0.0783339,0.0217453,0.999882,-0.0177259,-0.165626,-0.211298,1.24587,4.47853,0.0280615,0.67124,1.19894,4.43041,1.20146,4.43464,668,1997,1.20152,4.43446,0,178.304,179.504
95707,-0.0775294,0.0202766,1.00353,0.0509768,-0.0740228,-0.0967938,1.15751,4.41679,0.0280734,0.66866,1.1976,4.43074,1.20039,4.43405,668,1998,1.20044,4.43384,0,178.407,179.592
95727,-0.0792622,0.0180735,1.00499,-0.0406265,-0.127458,-0.0280915,1.03028,4.50876,0.0289097,0.665622,1.19453,4.42461,1.19863,4.42949,668,1997,1.19867,4.42931,0,178.685,179.847
95749,-0.0774057,0.0199094,1.00286,0.0433426,-0.0740228,-0.0433587,1.13732,4.41273,0.0285705,0.662417,1.18058,4.41933,1.18944,4.42537,669,1997,1.18952,4.4252,0,178.585,179.757
95769,-0.0786434,0.0189302,1.00384,0.0357094,-0.0434885,-0.0128243,1.08035,4.47876,0.0292083,0.661058,1.17579,4.41817,1.18559,4.42393,669,1997,1.18567,4.42375,0,178.45,179.628
95789,-0.0787052,0.0206438,1.00512,0.0662441,-0.211427,0.0635116,1.17662,4.47645,0.0304264,0.65825,1.1784,4.42501,1.18595,4.42667,668,1997,1.18604,4.42649,0,178.378,179.56
95809,-0.0777151,0.020093,1.00731,0.0128088,-0.0129542,-0.0509923,1.14274,4.41083,0.0307741,0.656586,1.18087,4.4127,1.18629,4.41934,669,1997,1.18639,4.41914,0,178.477,179.66
95829,-0.0741877,0.0205214,1.00579,-0.0329933,0.0175803,-0.0128243,1.16886,4.21768,0.031183,0.656968,1.17523,4.40338,1.18197,4.41421,669,1997,1.18208,4.41401,0,178.614,179.783
95851,-0.0770962,0.0225409,1.00329,-0.0482597,0.0862825,0.0558779,1.28705,4.39306,0.0301567,0.656908,1.18749,4.38518,1.18711,4.40287,668,2001,1.18722,4.40264,0,178.517,179.688
95871,-0.078829,0.0208274,1.00986,-0.0406265,0.193153,-0.0433587,1.1815,4.46246,0.0300312,0.660648,1.19421,4.38225,1.19057,4.40088,668,1996,1.19068,4.40065,0,178.483,179.663
95891,-0.076168,0.0212557,1.00487,0.05861,0.254221,-0.0280915,1.21178,4.33369,0.0307149,0.66158,1.19679,4.37261,1.19234,4.39388,668,2001,1.19247,4.39361,0,178.417,179.593
95911,-0.0766012,0.020705,1.0011,-0.00245857,0.300023,-0.0738931,1.18484,4.37464,0.0306504,0.668558,1.19542,4.39553,1.19158,4.40778,668,1996,1.19172,4.4075,0,178.383,179.56
95931,-0.0792622,0.0196646,1.01211,0.173114,-1.17326,0.109313,1.11307,4.47705,0.0308608,0.66323,1.19581,4.42726,1.192,4.42248,668,2001,1.19215,4.42219,0,178.348,179.532
95953,-0.0746208,0.0194198,1.00286,0.020442,-0.203794,-0.0128243,1.10936,4.25461,0.0329032,0.65233,1.19708,4.39932,1.19369,4.40277,669,1997,1.19383,4.40247,0,178.346,179.539
95973,-0.077777,0.0199094,1.00609,0.127313,-0.234328,-0.0967938,1.13367,4.41967,0.0327472,0.655857,1.1962,4.38803,1.19321,4.39731,668,1997,1.19336,4.39699,0,178.315,179.505
95993,-0.0782102,0.021011,1.00481,-0.0253592,0.116817,-0.165496,1.1979,4.44971,0.0330644,0.657216,1.2055,4.38757,1.19864,4.39644,669,1997,1.19881,4.39613,0,178.42,179.593
96013,-0.0774057,0.0182571,1.00475,0.020442,0.0404809,-0.0280915,1.04099,4.40462,0.033061,0.657446,1.18996,4.37432,1.19031,4.38789,669,1997,1.19045,4.38756,0,178.549,179.707
96033,-0.0759204,0.0216841,1.00341,0.0128088,-0.0129542,0.0177101,1.23799,4.32588,0.0335309,0.655873,1.1931,4.37457,1.19166,4.38589,669,1996,1.19181,4.38557,0,178.444,179.614
96055,-0.0768487,0.0232141,1.00585,0.0357094,0.0023129,-0.00519073,1.3221,4.36787,0.0342146,0.655813,1.20488,4.37206,1.19853,4.38297,668,1997,1.19869,4.38264,0,178.419,179.597
96075,-0.0772819,0.0212557,1.00658,0.0662441,-0.0282214,-0.0662594,1.20973,4.38941,0.0343486,0.654271,1.21624,4.35516,1.20567,4.37104,668,1997,1.20584,4.37071,0,178.623,179.798
96095,-0.0757967,0.0202154,1.00116,-0.00245857,-0.0205877,0.0253437,1.15676,4.32866,0.0341621,0.655035,1.20819,4.35878,1.20203,4.37133,669,1996,1.20221,4.371,0,178.62,179.797
96115,-0.078829,0.0189914,1.00238,-0.0177259,0.0252137,-0.0662594,1.08542,4.4958,0.0336091,0.655036,1.2086,4.36512,1.20271,4.37294,668,1998,1.20291,4.37262,0,178.486,179.674
96135,-0.0759823,0.021011,1.00536,0.0280762,-0.0358551,-0.0662594,1.19725,4.3211,0.0336668,0.652929,1.19971,4.35895,1.19795,4.36739,669,2001,1.19818,4.36707,0,178.654,179.82
96157,-0.0800048,0.021011,1.00402,-0.0406265,0.0023129,-0.0357251,1.19884,4.55496,0.0327016,0.651418,1.19379,4.3638,1.19399,4.36801,669,1997,1.19422,4.36769,0,178.822,179.972
96177,-0.0773438,0.0217453,1.00627,0.020442,-0.249595,-0.0433587,1.23796,4.39419,0.0323012,0.649419,1.19813,4.38755,1.19597,4.38023,669,1997,1.19622,4.37993,0,178.586,179.749
96196,-0.0738163,0.0205214,1.0053,-0.0100918,-0.211427,-0.0509923,1.16943,4.19867,0.0333055,0.645205,1.2084,4.36773,1.20247,4.36779,669,1997,1.20272,4.36753,0,178.315,179.5
96216,-0.0743114,0.0221737,1.00256,0.00517464,-0.0816565,-0.0433587,1.26701,4.23807,0.0330731,0.64229,1.20916,4.3405,1.20327,4.35043,669,2001,1.20351,4.35018,0,178.208,179.41
96236,-0.0766012,0.020705,1.00779,-0.0100918,-0.00532055,-0.142595,1.17697,4.34571,0.032856,0.643023,1.20453,4.33487,1.2012,4.34552,669,1999,1.20147,4.3453,0,178.445,179.629
96258,-0.0781483,0.0222961,1.00372,-0.0558939,0.200786,-0.0891602,1.27253,4.45091,0.032532,0.646489,1.20547,4.35891,1.20169,4.35897,669,1997,1.20194,4.35879,0,178.519,179.696
96278,-0.0752397,0.0201542,1.00658,0.0280762,0.109183,-0.0509923,1.14705,4.27395,0.0329409,0.649085,1.213,4.36946,1.20669,4.3659,669,1997,1.20695,4.36572,0,178.347,179.54
96298,-0.0783958,0.0208274,1.00341,-0.101695,0.231321,-0.0891602,1.18909,4.46644,0.0323726,0.652872,1.20721,4.38036,1.20383,4.37366,669,1997,1.2041,4.37348,0,178.45,179.63
96318,-0.078272,0.0181347,1.0039,0.0662441,0.223687,-0.0738931,1.03489,4.4575,0.0323998,0.656979,1.19721,4.39658,1.19849,4.38516,669,1997,1.19877,4.38501,0,178.453,179.629
96338,-0.0774675,0.0202766,1.00445,-0.0177259,0.0786488,-0.0738931,1.15646,4.40929,0.0327934,0.660262,1.1925,4.40998,1.19573,4.3954,669,1997,1.196,4.39525,0,178.482,179.657
96360,-0.0766012,0.0199706,1.00256,0.0509768,-0.0434885,0.0711452,1.14116,4.36836,0.0336297,0.659225,1.18784,4.40213,1.19282,4.39208,669,1997,1.1931,4.39195,0,178.581,179.762
96380,-0.0772819,0.0224797,1.00475,0.020442,-0.127458,0.0100764,1.28169,4.39723,0.0335195,0.658095,1.18175,4.40851,1.18825,4.39638,669,1997,1.18854,4.39628,0,178.549,179.73
96400,-0.0782102,0.0213169,1.00165,0.0891447,-0.257229,-0.0738931,1.21918,4.46368,0.0339741,0.656386,1.19014,4.41464,1.19213,4.40049,669,1997,1.19239,4.40039,0,178.514,179.694
96420,-0.0782102,0.0237036,1.00341,0.0433426,-0.234328,-0.0433587,1.35325,4.45563,0.0347188,0.650478,1.20488,4.40981,1.20033,4.3968,669,1997,1.20059,4.39671,0,178.647,179.819
96440,-0.0787052,0.0206438,1.0039,0.0128088,-0.19616,-0.0357251,1.17804,4.48185,0.0357384,0.647761,1.20117,4.41028,1.19896,4.3976,668,1997,1.19923,4.39752,0,178.512,179.693
96462,-0.0767249,0.0203378,1.00159,0.0738773,-0.318298,0.0482444,1.16326,4.3796,0.0361472,0.643013,1.20579,4.40504,1.20177,4.39432,668,2001,1.20206,4.39422,0,178.38,179.581
96482,-0.0783958,0.020705,1.00694,-0.0253592,0.147351,-0.0204579,1.17796,4.45087,0.0370751,0.639609,1.19466,4.40064,1.19603,4.39195,668,1998,1.19635,4.39186,0,178.38,179.573
96502,-0.0753016,0.0206438,1.00475,-0.0177259,-0.0205877,0.0406108,1.17704,4.28515,0.0373924,0.638006,1.18492,4.394,1.18988,4.38896,669,1997,1.1902,4.38885,0,178.346,179.532
96522,-0.0790147,0.0198482,1.00457,0.0357094,-0.119824,-0.112061,1.1319,4.49649,0.0372821,0.638831,1.18155,4.41128,1.18705,4.40017,669,1997,1.18737,4.40006,0,178.412,179.591
96542,-0.0761061,0.0213169,1.0039,-0.00245857,-0.180893,0.00244284,1.21644,4.33436,0.037523,0.637091,1.17796,4.39717,1.18388,4.39312,668,1997,1.1842,4.39301,0,178.519,179.683
96564,-0.0779007,0.0202766,1.00323,0.14258,-0.264863,-0.0891602,1.15787,4.4392,0.0390617,0.632313,1.17331,4.39255,1.18064,4.38921,669,2001,1.18097,4.38909,0,178.456,179.618
96584,-0.0769725,0.019481,1.00286,0.0280762,-0.157992,0.00244284,1.11285,4.38817,0.0398064,0.626924,1.18015,4.38622,1.18361,4.38414,669,1997,1.18392,4.38402,0,178.358,179.525
96604,-0.0762917,0.0209498,1.00408,-0.13223,0.643534,0.0253437,1.19528,4.34414,0.0396045,0.629688,1.18373,4.37019,1.18447,4.37691,668,1997,1.1848,4.37679,0,178.451,179.619
96624,-0.0735688,0.0196646,0.999639,-0.0177259,0.0557482,0.00244284,1.12696,4.2083,0.0389294,0.633063,1.1767,4.38004,1.17958,4.38385,668,1997,1.17992,4.38374,0,178.583,179.746
96644,-0.0800048,0.0215005,1.00445,-0.0635271,0.361092,-0.0815266,1.22625,4.55299,0.0372008,0.648559,1.18202,4.40492,1.18102,4.40414,668,1997,1.18139,4.40403,0,178.555,179.711
96666,-0.0767249,0.0229693,1.00274,-0.0406265,0.0023129,0.0558779,1.31221,4.37432,0.0368158,0.64801,1.20807,4.40044,1.19553,4.40189,668,1997,1.19591,4.40178,0,178.418,179.595
96686,-0.0762298,0.0215617,1.00883,0.020442,0.12445,0.0329772,1.2244,4.32023,0.0371788,0.647491,1.20686,4.38217,1.19616,4.39128,668,1997,1.19654,4.39115,0,178.549,179.723
96706,-0.0769725,0.0192974,1.00524,0.127313,-0.188527,0.0177101,1.09977,4.37787,0.0380762,0.647354,1.19923,4.3877,1.19312,4.39346,668,2001,1.19352,4.39333,0,178.549,179.72
96726,-0.0779007,0.0193586,1.00579,0.0280762,0.0633817,-0.0280915,1.10265,4.42805,0.0384851,0.645538,1.17546,4.3724,1.1799,4.38338,669,1999,1.18026,4.38326,0,178.423,179.586
96746,-0.078272,0.0202154,1.00585,-0.0253592,-0.0282214,-0.0280915,1.15137,4.44873,0.0393519,0.646134,1.16539,4.38286,1.17315,4.38862,669,1996,1.17351,4.38849,0,178.326,179.498
96768,-0.0792003,0.0229693,1.00633,0.0815105,-0.0740228,0.0177101,1.30753,4.49884,0.0389821,0.645402,1.18568,4.40832,1.18313,4.40252,669,1997,1.1835,4.40237,0,178.152,179.345
96788,-0.0735069,0.0222961,1.00426,-0.0253592,-0.0663893,-0.0815266,1.27184,4.18526,0.0388414,0.643341,1.21402,4.40337,1.19945,4.40018,668,2001,1.19984,4.4,0,178.245,179.439
96808,-0.0800048,0.0215617,1.00639,0.0280762,0.139718,-0.0509923,1.22736,4.54422,0.0391128,0.644349,1.21929,4.39336,1.20421,4.39516,668,1997,1.20459,4.39496,0,178.412,179.606
96828,-0.0783958,0.0182571,1.00341,-0.0482597,-0.180893,0.0100764,1.04238,4.46666,0.0389415,0.645693,1.20414,4.4289,1.19718,4.41661,668,1996,1.19757,4.4164,0,178.443,179.635
96848,-0.0730737,0.0181347,1.00487,0.00517464,0.00994658,-0.0204579,1.03389,4.15852,0.038816,0.643373,1.17508,4.38596,1.18085,4.39284,666,1997,1.18123,4.39264,0,178.441,179.619
96870,-0.0804999,0.0227245,1.00335,-0.0864277,0.147351,0.00244284,1.29745,4.5859,0.0393775,0.644442,1.18478,4.39898,1.18528,4.3999,668,1997,1.18564,4.3997,0,178.579,179.749
96890,-0.0774675,0.0248664,1.00816,0.0738773,-0.402267,-0.0204579,1.41292,4.39268,0.039878,0.642962,1.20807,4.45598,1.19849,4.43306,668,2001,1.19885,4.43283,0,178.442,179.633
96910,-0.0743114,0.019175,1.00341,-0.0177259,-0.142725,-0.157863,1.09478,4.23475,0.0399967,0.639619,1.2029,4.40849,1.19679,4.40751,668,1997,1.19714,4.4073,0,178.24,179.447
96930,-0.0785196,0.019481,1.00694,0.119678,-0.463336,-0.0662594,1.10835,4.45797,0.0415811,0.634917,1.18019,4.39893,1.18485,4.40046,668,1997,1.18521,4.40024,0,178.315,179.501
96950,-0.0757967,0.0252948,1.00402,0.020442,-0.241962,-0.0433587,1.44318,4.31588,0.0425701,0.62623,1.18915,4.39533,1.1891,4.39539,669,2001,1.18945,4.39517,0,178.276,179.464
96972,-0.0763536,0.0233977,1.00299,0.134946,-0.234328,-0.0738931,1.33635,4.35214,0.0435286,0.624261,1.22226,4.38606,1.20838,4.3898,668,1996,1.20874,4.38958,0,178.479,179.67
96992,-0.0792622,0.0227857,1.00159,0.020442,0.177886,-0.0586258,1.30323,4.5236,0.0440138,0.622033,1.22569,4.37091,1.2121,4.37989,669,2000,1.21246,4.37966,0,178.419,179.617
97012,-0.0767868,0.0208886,1.00274,0.0280762,0.0557482,0.0253437,1.19338,4.37804,0.043873,0.62501,1.21493,4.38323,1.2075,4.38782,669,2001,1.20784,4.38758,0,178.246,179.47
97032,-0.0779007,0.0189302,1.00092,0.0662441,-0.104557,-0.0891602,1.0835,4.44953,0.044404,0.626354,1.18747,4.39646,1.19268,4.39592,669,2001,1.19301,4.39566,0,178.309,179.512
97052,-0.0764155,0.0230305,1.00566,0.00517464,0.376359,-0.0128243,1.31189,4.34414,0.0447365,0.627225,1.19577,4.373,1.19647,4.38318,668,2001,1.1968,4.3829,0,178.41,179.603
97074,-0.0956617,0.0232141,1.00956,-0.262,0.918344,-0.150229,1.31724,5.41153,0.0426721,0.641058,1.20247,4.48827,1.19901,4.45378,668,1997,1.19932,4.45352,0,178.38,179.578
97094,-0.0506096,0.0215005,1.00232,0.127313,-0.967153,0.00244284,1.22885,2.88989,0.0438748,0.629638,1.22623,4.36696,1.21372,4.38653,669,1997,1.21403,4.38626,0,178.486,179.681
97114,-0.0843368,0.0155032,1.00871,0.00517464,0.964145,-0.0433587,0.880531,4.77876,0.0446806,0.640692,1.17269,4.29491,1.18476,4.34506,668,1997,1.18505,4.34476,0,178.654,179.805
97134,-0.0840273,0.024438,1.00256,0.05861,-0.623641,-0.0509923,1.39634,4.78951,0.0453184,0.642112,1.18826,4.42506,1.19179,4.41504,669,1997,1.19209,4.41475,0,178.82,179.971
97153,-0.0727643,0.0214393,1.00548,-0.00245857,0.0175803,-0.134962,1.2215,4.13821,0.0459716,0.633533,1.2175,4.41463,1.20853,4.40768,669,1997,1.20882,4.4074,0,178.718,179.886
97175,-0.0741877,0.0181347,1.00317,-0.0100918,0.0862825,0.0864123,1.03565,4.22883,0.0459835,0.635991,1.19804,4.35678,1.19826,4.37627,669,1997,1.19852,4.37596,0,178.309,179.504
97195,-0.0812425,0.0213169,1.00293,0.00517464,0.154985,-0.119695,1.21763,4.63012,0.0460564,0.640434,1.18867,4.40762,1.19245,4.40512,669,1997,1.19271,4.40479,0,178.382,179.564
97215,-0.0757967,0.0199094,1.00463,0.0891447,-0.142725,-0.0357251,1.13532,4.3138,0.0471065,0.639992,1.19532,4.41359,1.19609,4.4094,669,1997,1.19637,4.40908,0,178.583,179.753
97235,-0.0771581,0.0211946,1.00688,-0.0635271,-0.112191,-0.0509923,1.20588,4.38109,0.047439,0.635504,1.18457,4.39045,1.1896,4.39482,669,1997,1.18988,4.39451,0,178.581,179.742
97255,-0.0793241,0.024744,1.00323,0.0815105,-0.440435,-0.0662594,1.41288,4.51953,0.0480768,0.630268,1.2054,4.40962,1.20072,4.4033,669,1996,1.201,4.40298,0,178.483,179.661
97277,-0.0762917,0.020399,1.00335,0.0662441,-0.135092,-0.0967938,1.16471,4.34733,0.0495086,0.622726,1.22582,4.38954,1.21392,4.38965,669,1997,1.21417,4.38932,0,178.412,179.621
97297,-0.0762298,0.0185019,1.00548,0.0433426,-0.364099,-0.0586258,1.05418,4.33482,0.0499174,0.617612,1.19661,4.38558,1.19856,4.3856,669,1997,1.19881,4.38529,0,178.477,179.666
97317,-0.0755491,0.0204602,1.00542,0.0280762,-0.348832,-0.0586258,1.1658,4.29635,0.0506621,0.61088,1.18376,4.36683,1.19084,4.37241,669,1997,1.19107,4.37208,0,178.579,179.746
97337,-0.0763536,0.0230917,1.00487,0.0280762,-0.157992,-0.134962,1.31641,4.34404,0.0514069,0.605689,1.20491,4.35573,1.20206,4.36345,669,1997,1.20228,4.36311,0,178.683,179.857
97357,-0.0719598,0.0202154,1.00025,0.0128088,-0.19616,-0.0204579,1.15781,4.11405,0.0514035,0.599629,1.20205,4.34047,1.20076,4.35149,669,2001,1.20099,4.35113,0,178.717,179.878
97379,-0.07722,0.019481,1.00548,0.0433426,-0.570206,0.0329772,1.10996,4.39082,0.0505757,0.605629,1.18353,4.37061,1.18958,4.36993,668,1998,1.18983,4.36955,0,178.65,179.8
97399,-0.075054,0.0227245,1.00548,-0.0177259,0.300023,-0.00519073,1.2947,4.26784,0.0511983,0.604378,1.20129,4.35067,1.19906,4.35799,668,1997,1.1993,4.35762,0,178.618,179.79
97419,-0.0765393,0.019787,1.00293,0.0280762,-0.104557,-0.0967938,1.13026,4.36328,0.0516682,0.607233,1.19467,4.34973,1.19561,4.35781,669,1998,1.19585,4.35746,0,178.651,179.826
97439,-0.0781483,0.0213169,1.00536,0.020442,0.0404809,-0.0280915,1.21468,4.44377,0.0525961,0.608806,1.19321,4.34674,1.19461,4.35562,668,1998,1.19488,4.35526,0,178.651,179.822
97459,-0.0814282,0.0192362,1.01023,-0.277267,0.811473,-0.0967938,1.09086,4.60746,0.051295,0.614654,1.19867,4.34482,1.1969,4.35564,668,1997,1.19719,4.35528,0,178.449,179.63
97481,-0.0738163,0.0209498,1.0056,-0.0100918,-0.0129542,-0.0891602,1.19347,4.19736,0.0516886,0.608822,1.19562,4.35941,1.19526,4.36084,669,1997,1.19555,4.36045,0,178.446,179.624
97501,-0.075054,0.0201542,1.00615,0.0280762,0.0175803,-0.0891602,1.14754,4.26524,0.0519448,0.611052,1.17969,4.35235,1.1859,4.35754,669,1997,1.18618,4.35714,0,178.278,179.463
97521,-0.0788909,0.0224185,1.00572,0.020442,0.139718,0.00244284,1.27696,4.48409,0.0518651,0.615709,1.18106,4.36997,1.18518,4.36879,669,2001,1.18548,4.3684,0,178.21,179.41
97541,-0.0749922,0.0218065,1.00493,0.05861,-0.135092,-0.0662594,1.24309,4.26673,0.0515258,0.613892,1.20486,4.37788,1.19804,4.37297,668,1997,1.19833,4.37257,0,178.449,179.638
97561,-0.0765393,0.0202766,1.00432,0.0738773,-0.226695,-0.0815266,1.1566,4.35718,0.0521637,0.610717,1.21258,4.37076,1.20346,4.36822,668,1997,1.20373,4.36779,0,178.486,179.67
97583,-0.0753635,0.0199706,1.00195,0.0738773,0.10155,0.0329772,1.14185,4.30065,0.0526183,0.612489,1.21463,4.36221,1.20573,4.3644,669,1998,1.206,4.36397,0,178.52,179.703
97603,-0.0780864,0.0196646,1.00512,0.0280762,0.200786,-0.0204579,1.12082,4.44148,0.0536989,0.614092,1.21049,4.37858,1.20474,4.37441,669,1997,1.20501,4.37398,0,178.688,179.855
97623,-0.0748684,0.0199706,1.00451,0.0509768,-0.0892901,-0.112061,1.13895,4.26167,0.0540467,0.61452,1.19243,4.37981,1.1949,4.37619,668,1997,1.19518,4.37576,0,178.788,179.935
97643,-0.0776532,0.0202154,1.00372,0.05861,-0.0358551,0.0100764,1.15381,4.42302,0.0545471,0.613024,1.19047,4.36966,1.1933,4.37006,668,1997,1.1936,4.36962,0,178.52,179.686
97663,-0.0775913,0.0215005,1.00603,0.05861,0.00994658,0.0482444,1.22432,4.40928,0.054727,0.614017,1.199,4.3837,1.19775,4.37873,666,1997,1.19803,4.3783,0,178.285,179.478
97685,-0.0772819,0.0214393,1.0042,0.0662441,-0.104557,-0.0662594,1.22306,4.39972,0.0554717,0.612598,1.18966,4.38297,1.19253,4.37852,668,2002,1.19281,4.37808,0,178.416,179.599
97705,-0.0762917,0.019481,1.00445,-0.0177259,-0.127458,-0.0357251,1.1111,4.34269,0.0559263,0.61153,1.18057,4.37234,1.18675,4.37271,669,1996,1.18703,4.37229,0,178.48,179.651
97725,-0.0765393,0.0207662,1.00572,-0.0329933,0.0023129,0.0329772,1.18287,4.3511,0.0558619,0.610736,1.18241,4.37217,1.18652,4.37241,668,1997,1.18681,4.37199,0,178.284,179.464
97745,-0.0741877,0.021011,1.00402,0.020442,-0.119824,-0.0891602,1.19884,4.22502,0.055599,0.609241,1.19669,4.36973,1.1937,4.3709,668,2001,1.19398,4.37046,0,178.351,179.541
97765,-0.0771581,0.0226633,1.00384,0.165481,-0.150359,-0.0433587,1.29333,4.39418,0.0572903,0.607409,1.20748,4.35178,1.2006,4.35974,668,1997,1.20086,4.35931,0,178.448,179.647
97787,-0.0766012,0.0221737,1.00402,0.020442,-0.127458,-0.00519073,1.26517,4.36184,0.0588136,0.603929,1.21136,4.35966,1.20386,4.36195,669,1997,1.20415,4.36153,0,178.545,179.737
97807,-0.0765393,0.0240708,1.01619,0.173114,-0.211427,-0.0738931,1.35693,4.30617,0.059482,0.6017,1.20801,4.36909,1.20298,4.36626,668,2001,1.20327,4.36586,0,178.614,179.798
97827,-0.0780245,0.0218677,1.0039,-0.0864277,0.750405,-0.0662594,1.24786,4.44313,0.0584863,0.607334,1.21284,4.34089,1.2055,4.35261,668,1997,1.20579,4.35221,0,178.451,179.644
97847,-0.078829,0.023826,1.00992,0.0433426,0.0786488,-0.0433587,1.35147,4.46191,0.0591241,0.606892,1.21856,4.35971,1.20962,4.36205,668,1997,1.20991,4.36166,0,178.581,179.767
97867,-0.0767249,0.0205826,1.0025,-0.0406265,-0.00532055,-0.0891602,1.17619,4.37561,0.059762,0.609823,1.22245,4.3812,1.21317,4.37584,668,1999,1.21346,4.37547,0,178.718,179.887
97889,-0.0754253,0.0198482,1.00426,0.0433426,0.0328474,-0.0433587,1.13224,4.29431,0.0600029,0.60958,1.22398,4.36891,1.2154,4.36938,668,1997,1.21569,4.369,0,178.652,179.829
97909,-0.0742495,0.0205214,1.00688,-0.0329933,0.0862825,-0.119695,1.16759,4.21661,0.0594346,0.610572,1.21188,4.3406,1.20903,4.35342,668,1996,1.2093,4.35304,0,178.477,179.671
97929,-0.0757967,0.0228469,1.00572,0.0357094,-0.104557,-0.112061,1.30136,4.30885,0.0594007,0.610939,1.21607,4.34626,1.21146,4.35518,668,1997,1.21173,4.35482,0,178.375,179.581
97949,-0.0774675,0.0213781,1.00536,0.0662441,0.170252,-0.0662594,1.21816,4.4052,0.0606798,0.613306,1.21983,4.35935,1.21485,4.36238,668,1996,1.21509,4.36204,0,178.374,179.582
97969,-0.0747446,0.0230305,1.00603,0.0662441,0.200786,0.0635116,1.31141,4.24797,0.0605696,0.617368,1.22722,4.35715,1.21971,4.36251,668,1996,1.21996,4.36218,0,178.443,179.645
97991,-0.0777151,0.020399,1.00554,-0.0406265,0.246588,0.0329772,1.16217,4.41851,0.0610242,0.620864,1.22804,4.35142,1.22146,4.3598,668,2001,1.2217,4.35949,0,178.443,179.649
98011,-0.0773438,0.019481,1.00475,0.0967779,-0.0358551,-0.104427,1.11076,4.40101,0.0610208,0.62404,1.21359,4.37693,1.21415,4.37488,668,1999,1.21442,4.3746,0,178.339,179.552
98031,-0.0785196,0.0223573,1.00305,0.0738773,0.139718,-0.0509923,1.27688,4.47494,0.0624526,0.625812,1.22374,4.39056,1.2206,4.3837,668,1996,1.22087,4.38344,0,178.403,179.626
98051,-0.0763536,0.0176451,1.0143,-0.0406265,0.0481145,0.0100764,0.996631,4.30427,0.0624187,0.624041,1.22045,4.37396,1.21928,4.37446,667,1997,1.21955,4.37421,0,178.612,179.808
98071,-0.079881,0.019481,1.00682,0.0967779,-0.00532055,0.00244284,1.10848,4.5355,0.0634688,0.626561,1.19479,4.38627,1.20517,4.38229,669,2000,1.20543,4.38205,0,178.48,179.665
98092,-0.0771581,0.0215617,0.999517,-0.0406265,0.635901,-0.0738931,1.2358,4.41319,0.0629463,0.632408,1.19387,4.37442,1.20286,4.37811,669,1997,1.20311,4.37787,0,178.245,179.446
98112,-0.0847699,0.0219901,1.01065,-0.0406265,-0.486237,-0.0280915,1.24646,4.79341,0.0627292,0.637737,1.20953,4.41382,1.21077,4.40226,669,1997,1.21101,4.40204,0,178.214,179.427
98132,-0.07722,0.0202766,1.00086,-0.0253592,0.826741,0.0482444,1.16061,4.41095,0.0628937,0.62931,1.20248,4.37752,1.20646,4.37945,669,1997,1.20669,4.37922,0,178.371,179.583
98152,-0.0759204,0.0175839,1.00512,0.05861,-0.211427,-0.0204579,1.00225,4.31892,0.0631652,0.633021,1.18897,4.37665,1.19826,4.3805,669,1997,1.19848,4.38029,0,178.406,179.598
98172,-0.0746208,0.0200318,0.999335,-0.0100918,0.185519,-0.104427,1.14835,4.26953,0.0644748,0.616426,1.16727,4.34702,1.1846,4.35618,669,1997,1.18482,4.35598,0,178.345,179.527
98194,-0.0858839,0.0285383,1.00694,-0.00245857,0.139718,-0.0815266,1.62341,4.87312,0.0638149,0.626227,1.21496,4.4497,1.20885,4.41818,669,1997,1.20907,4.41797,0,178.446,179.645
98214,-0.0748065,0.0248664,1.00146,0.0891447,-0.417534,-0.127328,1.42236,4.27058,0.0651245,0.618533,1.26785,4.45592,1.24084,4.42347,669,1997,1.24104,4.42326,0,178.447,179.662
98234,-0.0747446,0.0164823,1.01053,0.127313,-0.203794,-0.0433587,0.934444,4.22965,0.0658998,0.617297,1.23394,4.413,1.22556,4.40259,669,1997,1.22574,4.40237,0,178.349,179.562
98254,-0.0619964,0.0131777,1.00086,-0.00245857,-0.318298,0.0329772,0.754336,3.54426,0.0672705,0.600183,1.15955,4.26977,1.18438,4.31482,664,1994,1.18455,4.3146,0,178.354,179.536
98274,-0.08904,0.0220513,1.00743,-0.0177259,0.429794,0.0100764,1.25393,5.04967,0.0658473,0.612871,1.1324,4.34038,1.16397,4.35388,669,1997,1.16413,4.35367,0,178.523,179.664
98296,-0.0769106,0.0274367,1.00347,0.0357094,-0.608374,-0.0891602,1.56618,4.3812,0.0679202,0.604077,1.21998,4.41027,1.21102,4.38991,669,1997,1.21119,4.38969,0,178.614,179.795
98316,-0.0695463,0.0197258,1.00372,0.00517464,0.20842,-0.00519073,1.12588,3.96286,0.0690008,0.601177,1.25288,4.35093,1.23211,4.35748,669,2001,1.23228,4.35725,0,178.31,179.538
98336,-0.0801905,0.0158092,1.00098,0.05861,-0.310664,-0.0738931,0.904839,4.57974,0.0691501,0.599086,1.20694,4.33718,1.20823,4.34727,668,1997,1.20842,4.34705,0,178.413,179.615
98356,-0.0808712,0.0174615,1.0056,0.0662441,0.12445,-0.0357251,0.994796,4.59718,0.0688567,0.601284,1.15952,4.38559,1.18003,4.37508,669,1997,1.1802,4.37488,0,178.338,179.525
98376,-0.0738782,0.0233365,1.00633,0.127313,-0.112191,-0.0357251,1.32843,4.19762,0.0699983,0.598033,1.16054,4.36491,1.17769,4.36369,668,1997,1.17786,4.36351,0,178.406,179.59
98398,-0.0790147,0.0279263,1.00639,-0.00245857,0.0252137,-0.00519073,1.58948,4.48751,0.0705599,0.597423,1.2288,4.37201,1.21444,4.36779,669,1997,1.21461,4.36764,0,178.681,179.872
98418,-0.0772819,0.0235813,1.00335,0.0357094,-0.19616,0.0100764,1.34635,4.40323,0.070587,0.596507,1.26941,4.40051,1.23981,4.38485,668,1998,1.23997,4.38468,0,178.552,179.768
98438,-0.0717741,0.0147076,1.00487,0.0891447,-0.19616,0.0253437,0.838538,4.08504,0.0717134,0.591347,1.21835,4.3646,1.2147,4.36454,667,1998,1.21484,4.36436,0,178.382,179.592
98458,-0.0751159,0.0196646,1.00536,0.119678,-0.127458,0.0711452,1.12055,4.27213,0.072336,0.589149,1.17355,4.33486,1.18903,4.34653,668,1998,1.18915,4.34634,0,178.581,179.753
98478,-0.0790766,0.0267635,1.00378,0.104412,-0.226695,-0.0204579,1.52731,4.50281,0.0730655,0.586081,1.22383,4.35464,1.21582,4.35524,669,1997,1.21594,4.35505,0,178.686,179.871
98500,-0.0796954,0.0227857,1.00755,-0.0558939,-0.333565,-0.0586258,1.29552,4.52143,0.0731843,0.581379,1.26572,4.3744,1.24129,4.36507,669,1997,1.2414,4.36487,0,178.557,179.772
98520,-0.0733832,0.0159316,1.00341,-0.0177259,-0.0816565,-0.0280915,0.909631,4.18228,0.0730893,0.578341,1.24229,4.35801,1.23129,4.35609,669,1997,1.2314,4.35591,0,178.457,179.665
98540,-0.0759204,0.0183795,1.00226,0.0433426,0.246588,-0.0204579,1.05058,4.33113,0.0737271,0.580067,1.1887,4.33835,1.20171,4.34579,669,1998,1.20182,4.3456,0,178.389,179.578
98560,-0.0776532,0.0228469,1.00335,-0.0482597,0.0404809,0.0635116,1.30443,4.42438,0.0734947,0.582968,1.18975,4.3424,1.20014,4.34866,668,1997,1.20024,4.34847,0,178.596,179.765
98580,-0.0785815,0.0229693,1.00585,-0.0940619,0.0939159,-0.00519073,1.30817,4.46598,0.0723311,0.58532,1.2182,4.35048,1.21468,4.35379,668,1997,1.21478,4.35361,0,178.57,179.745
98602,-0.0744971,0.020399,1.00585,-0.0329933,-0.310664,-0.127328,1.16182,4.23496,0.0718849,0.582893,1.2187,4.34964,1.21516,4.35249,668,1997,1.21525,4.35229,0,178.238,179.443
98622,-0.0735069,0.0190526,1.00329,0.150213,-0.364099,-0.0891602,1.08793,4.18958,0.072706,0.576985,1.20856,4.33308,1.21013,4.34042,668,1997,1.21023,4.3402,0,178.243,179.436
98642,-0.0735688,0.0215005,1.00627,0.112045,-0.30303,0.0100764,1.22403,4.18052,0.0750691,0.568909,1.18434,4.30961,1.19639,4.32281,668,1997,1.19649,4.32258,0,178.513,179.666
98662,-0.0775913,0.0224797,1.00597,-0.0558939,0.10155,-0.0357251,1.28014,4.40945,0.0754626,0.569001,1.19285,4.3089,1.19951,4.32067,668,2001,1.19962,4.32044,0,178.578,179.734
98682,-0.0764774,0.0233365,1.00609,0.0128088,-0.0587556,-0.0815266,1.32875,4.34579,0.074589,0.56894,1.22852,4.32693,1.21876,4.32981,669,1996,1.21888,4.32957,0,178.345,179.541
98704,-0.0763536,0.020399,1.0053,0.0738773,-0.226695,0.0100764,1.16246,4.34245,0.0750436,0.566605,1.23175,4.32158,1.22222,4.32558,668,1997,1.22234,4.32535,0,178.212,179.417
98724,-0.0746827,0.0185631,1.0028,-0.0482597,0.0404809,-0.127328,1.06049,4.25845,0.0751166,0.565063,1.19897,4.29753,1.20444,4.31045,668,1997,1.20455,4.31019,0,178.277,179.462
98744,-0.0768487,0.0216841,1.00262,-0.0100918,-0.119824,0.00244284,1.23897,4.38201,0.0746705,0.565018,1.19775,4.31469,1.20227,4.31854,669,1996,1.20237,4.31827,0,178.207,179.402
98764,-0.0725786,0.0260904,1.0042,-0.0177259,-0.180893,-0.0586258,1.48828,4.13247,0.0751557,0.562194,1.22283,4.30259,1.21599,4.31007,668,2001,1.2161,4.3098,0,178.579,179.756
98784,-0.0749303,0.0231529,1.00572,0.0280762,0.185519,-0.0128243,1.31878,4.25976,0.0760225,0.562362,1.26058,4.29189,1.23904,4.3028,669,2001,1.23917,4.30254,0,178.685,179.872
98806,-0.0759823,0.0208274,1.00189,-0.0406265,0.20842,-0.0586258,1.1909,4.33602,0.0754237,0.566195,1.25854,4.30396,1.24043,4.3098,668,1997,1.24055,4.30953,0,178.321,179.539
98826,-0.0751778,0.019175,1.0056,-0.101695,0.12445,0.0329772,1.09239,4.27465,0.0742448,0.568714,1.23522,4.29837,1.22892,4.30672,668,1996,1.22904,4.30646,0,178.345,179.558
98846,-0.0730118,0.019175,1.00548,-0.0253592,0.223687,-0.119695,1.09253,4.15243,0.0737529,0.570577,1.20593,4.2876,1.21252,4.30001,668,1997,1.21265,4.2998,0,178.373,179.572
98866,-0.0774675,0.0203378,1.00353,-0.0482597,0.0939159,0.0864123,1.16101,4.41328,0.0737037,0.574273,1.19135,4.30185,1.20312,4.30753,668,1997,1.20325,4.30733,0,178.476,179.653
98886,-0.0792003,0.0209498,1.00475,-0.00245857,0.254221,0.0406108,1.19448,4.50609,0.0733034,0.578975,1.20179,4.31264,1.20738,4.31443,668,1997,1.2075,4.31423,0,178.445,179.626
98908,-0.0768487,0.0205214,1.00378,-0.0406265,0.277122,-0.00519073,1.1712,4.37709,0.0720786,0.581189,1.19795,4.32624,1.20378,4.32277,668,2001,1.20391,4.32259,0,178.375,179.56
98928,-0.0720836,0.0230305,1.00919,0.0662441,0.0939159,-0.0662594,1.3073,4.08446,0.0724111,0.584854,1.20647,4.32117,1.20784,4.32191,668,1997,1.20795,4.32176,0,178.377,179.564
98948,-0.0783339,0.0234589,1.00731,-0.0253592,0.238954,0.0711452,1.3341,4.4455,0.0722551,0.590641,1.20872,4.3292,1.20863,4.32821,668,2001,1.20873,4.32806,0,178.309,179.498
98968,-0.0766012,0.0219289,1.0028,0.134946,0.0328474,-0.0128243,1.25272,4.36713,0.0734273,0.592733,1.23155,4.34592,1.22226,4.33849,668,1997,1.22236,4.33835,0,178.406,179.596
98988,-0.074559,0.0221125,1.00603,-0.0635271,0.0252137,-0.0891602,1.25916,4.23755,0.074798,0.59342,1.22969,4.33538,1.2228,4.33346,669,1997,1.22292,4.33335,0,178.472,179.665
99010,-0.0757967,0.0208886,1.00402,-0.0177259,-0.0969236,0.101679,1.19186,4.31632,0.0741534,0.593711,1.21959,4.33433,1.21752,4.33275,669,1998,1.21766,4.33266,0,178.335,179.536
99029,-0.0731975,0.0243156,1.00445,-0.0558939,0.0633817,-0.0509923,1.38674,4.16676,0.0749897,0.586566,1.2277,4.31367,1.22247,4.318,669,1997,1.22259,4.31791,0,178.564,179.75
99049,-0.0738782,0.0226633,1.00548,0.0891447,-0.547305,-0.0586258,1.29121,4.20122,0.0752459,0.585666,1.23755,4.31977,1.22892,4.32032,669,1997,1.22904,4.32027,0,178.697,179.876
99069,-0.0788909,0.0228469,1.00773,0.00517464,-0.0587556,0.0329772,1.29876,4.47516,0.0759296,0.58643,1.25445,4.3283,1.24014,4.32465,669,1997,1.24024,4.32459,0,178.464,179.683
99089,-0.0791384,0.0185631,1.01005,0.0128088,0.170252,-0.104427,1.05289,4.4793,0.075575,0.589377,1.23245,4.3467,1.22944,4.33646,669,1997,1.22957,4.33642,0,178.333,179.548
99111,-0.0772819,0.0209498,1.00761,0.00517464,-0.0434885,-0.0433587,1.19109,4.38495,0.075816,0.588324,1.21932,4.33905,1.22248,4.33254,669,1997,1.22259,4.33252,0,178.528,179.72
99131,-0.0770962,0.0199094,1.00487,-0.0482597,0.154985,-0.0586258,1.13505,4.38642,0.075034,0.590019,1.21411,4.33499,1.21904,4.33138,669,1997,1.21913,4.33137,0,178.429,179.628
99151,-0.077777,0.0232141,1.00718,0.0815105,0.162618,-0.104427,1.32035,4.41457,0.0752443,0.592539,1.21717,4.35097,1.22016,4.34185,669,1997,1.22022,4.34184,0,178.167,179.381
99171,-0.076168,0.0218065,1.0067,-0.0100918,0.0633817,-0.0280915,1.24091,4.32581,0.0752868,0.593241,1.22963,4.34969,1.22724,4.34254,669,1997,1.22728,4.34255,0,178.2,179.411
99191,-0.0769725,0.020093,1.00396,0.0815105,0.0404809,-0.0204579,1.14655,4.38335,0.0756193,0.594784,1.21844,4.34728,1.22131,4.34252,669,1997,1.22134,4.34255,0,178.226,179.428
99213,-0.0764155,0.0213169,1.00366,-0.0100918,0.132084,-0.104427,1.21674,4.35296,0.0762418,0.597303,1.21498,4.34778,1.21926,4.34427,669,1997,1.2193,4.34431,0,178.225,179.43
99233,-0.0751778,0.0229693,1.00299,0.020442,0.0786488,-0.0815266,1.3119,4.28541,0.0763453,0.599533,1.22889,4.34803,1.22674,4.34569,669,1998,1.22676,4.34572,0,178.128,179.344
99253,-0.075054,0.0203378,1.00262,0.0433426,-0.0434885,-0.0357251,1.16206,4.28018,0.0763267,0.601579,1.22775,4.36016,1.22658,4.35366,669,1997,1.22658,4.35372,0,177.957,179.191
99273,-0.0811187,0.0199094,1.00816,0.417389,-3.71524,0.0635116,1.13135,4.59935,0.0785218,0.577641,1.2101,4.39128,1.21749,4.36175,668,1997,1.2175,4.36181,0,178.086,179.308
99293,-0.0741877,0.0219901,1.00712,0.531893,-4.18089,0.0253437,1.25083,4.21196,0.0889764,0.493458,1.22024,4.29875,1.22675,4.27659,668,1997,1.22674,4.27666,0,178.289,179.503
99315,-0.0690512,0.0226633,1.00086,0.0128088,-0.455702,-0.0509923,1.29718,3.9457,0.0944234,0.448817,1.24844,4.19492,1.2444,4.2007,669,1997,1.24438,4.20078,0,178.224,179.457
99335,-0.0725168,0.0211946,1.00451,-0.170398,1.31529,-0.112061,1.20873,4.12818,0.0933361,0.460146,1.25668,4.18008,1.24924,4.19612,668,1997,1.2492,4.19619,0,178.086,179.334
99355,-0.0779626,0.0213169,1.00901,-0.300168,2.09392,-0.0586258,1.21028,4.41728,0.0884778,0.499932,1.23484,4.21796,1.23559,4.23251,668,2001,1.23553,4.23258,0,178.125,179.351
99375,-0.0778389,0.0196034,1.00688,0.0280762,-0.0511222,-0.0204579,1.11538,4.41973,0.0858027,0.52033,1.22306,4.25951,1.22761,4.2632,669,1997,1.22756,4.26328,0,178.27,179.468
99395,-0.0709078,0.0214393,1.00323,-0.13223,0.193153,-0.0509923,1.22424,4.04199,0.0862878,0.514437,1.21527,4.24279,1.22266,4.25084,668,1997,1.22261,4.25093,0,178.267,179.463
99417,-0.0770344,0.0218065,1.00962,-0.101695,0.735137,-0.0967938,1.23733,4.36223,0.0839486,0.533522,1.21182,4.27461,1.21863,4.27585,668,1997,1.21858,4.27595,0,178.127,179.328
99437,-0.0757348,0.0231529,1.00116,0.05861,-0.722878,0.0558779,1.32479,4.32486,0.083991,0.530469,1.22162,4.30489,1.22325,4.29201,668,1997,1.22321,4.29212,0,178.033,179.247
99457,-0.0731356,0.0229693,1.00311,0.0509768,-0.677076,-0.0586258,1.31174,4.16891,0.0847052,0.514194,1.239,4.27559,1.23334,4.26993,668,1997,1.23331,4.27003,0,178.004,179.237
99477,-0.0704127,0.0218065,1.00451,-0.231466,2.10155,-0.104427,1.24362,4.00875,0.0829919,0.527966,1.23516,4.24861,1.23111,4.26078,668,1997,1.23106,4.26086,0,177.944,179.169
99497,-0.0818614,0.0205826,1.01029,-0.361238,2.94124,-0.0967938,1.16712,4.63147,0.0751107,0.588653,1.22111,4.30036,1.22025,4.31401,668,1996,1.22019,4.31411,0,177.907,179.127
99519,-0.0698557,0.0196646,1.00426,-0.0253592,-0.409901,-0.0357251,1.12177,3.97828,0.0752752,0.585844,1.2018,4.32085,1.20913,4.32384,668,1997,1.20908,4.32395,0,177.862,179.082
99539,-0.0762298,0.0214393,1.00463,-0.0253592,0.307657,-0.0891602,1.22254,4.33822,0.0743864,0.592914,1.19857,4.32785,1.20585,4.3299,668,1997,1.20578,4.33003,0,177.928,179.135
99559,-0.076168,0.0224185,1.00901,-0.109328,-0.264863,0.0787787,1.27281,4.31588,0.0744593,0.592074,1.20436,4.34504,1.20816,4.33908,668,1997,1.20808,4.33921,0,178.202,179.389
99579,-0.0753016,0.0221737,1.00542,-0.0558939,0.109183,-0.0967938,1.26341,4.28217,0.0734789,0.591205,1.2001,4.33005,1.20474,4.33055,669,1997,1.20466,4.3307,0,178.109,179.302
99599,-0.0787052,0.0194198,1.00718,0.0357094,-0.0969236,-0.0891602,1.1046,4.4674,0.074132,0.592518,1.20329,4.34682,1.20608,4.34037,669,1997,1.20601,4.3405,0,177.937,179.149
99621,-0.0768487,0.0213781,1.0028,0.020442,0.132084,-0.0815266,1.22127,4.38124,0.0743729,0.59174,1.20543,4.3563,1.20673,4.34622,668,1996,1.20665,4.34638,0,177.669,178.895
99641,-0.0743733,0.0229081,1.00396,0.0815105,-0.0740228,-0.0280915,1.30713,4.23563,0.0751329,0.591007,1.21032,4.3516,1.20951,4.34449,668,1996,1.20944,4.34463,0,177.635,178.866
99661,-0.0776532,0.024438,1.00688,0.0128088,-0.0663893,-0.0357251,1.39035,4.40877,0.0755112,0.589573,1.21595,4.34947,1.21267,4.34338,669,2001,1.21262,4.34352,0,177.902,179.119
99681,-0.076663,0.0223573,1.0028,0.020442,-0.0511222,-0.0433587,1.27719,4.3706,0.0747292,0.589543,1.23153,4.3497,1.22169,4.34425,668,1997,1.22166,4.34439,0,178.136,179.343
99701,-0.0765393,0.0224185,1.00755,0.05861,0.00994658,0.101679,1.27465,4.3431,0.0748479,0.588291,1.23154,4.34371,1.2229,4.34095,667,1996,1.22285,4.34108,0,178.035,179.245
99723,-0.0744352,0.0226021,1.00445,-0.0558939,-0.264863,-0.0433587,1.28905,4.23713,0.0744781,0.586719,1.22091,4.34353,1.21758,4.34064,668,2001,1.21753,4.34074,0,177.964,179.175
99743,-0.0801286,0.0243156,1.00262,0.00517464,0.269489,-0.0433587,1.38927,4.56798,0.0743984,0.593056,1.25122,4.34791,1.23542,4.34566,668,2001,1.23537,4.34576,0,177.832,179.066
99763,-0.0761061,0.0224797,1.00694,0.0433426,0.162618,-0.0204579,1.2789,4.32121,0.0740439,0.593209,1.26012,4.36479,1.24266,4.35599,668,1997,1.2426,4.35609,0,177.703,178.956
99783,-0.0752397,0.0197258,1.0039,0.00517464,-0.150359,-0.0586258,1.12567,4.28534,0.073781,0.593163,1.23415,4.36547,1.23,4.35774,668,1996,1.22989,4.35781,0,177.745,178.982
99803,-0.0800048,0.0204602,1.00773,-0.0177259,0.0710154,-0.0815266,1.16313,4.53831,0.0745104,0.5955,1.2169,4.36616,1.22095,4.35991,668,1997,1.22088,4.35999,0,177.914,179.133
99825,-0.0767249,0.0239484,1.00457,-0.0635271,0.483229,-0.0433587,1.36565,4.36631,0.0750262,0.598416,1.24073,4.36864,1.23457,4.36356,669,1997,1.23452,4.36363,0,177.939,179.175
99845,-0.0747446,0.021011,1.00658,-0.0253592,0.200786,-0.0357251,1.1958,4.24586,0.0748396,0.602569,1.24045,4.37624,1.2356,4.37079,668,1997,1.23553,4.37085,0,177.933,179.18
99865,-0.0775913,0.0225409,1.00092,-0.0329933,0.10155,-0.112061,1.2901,4.4316,0.075111,0.605776,1.23664,4.37148,1.23429,4.37024,669,2001,1.23419,4.37028,0,177.869,179.114
99885,-0.0779007,0.0210722,1.00329,-0.0329933,0.31529,-0.0357251,1.20321,4.43886,0.0742527,0.609517,1.23135,4.37235,1.23149,4.37267,668,1997,1.23139,4.37271,0,177.88,179.112
99905,-0.0780245,0.0211334,1.00451,-0.0482597,0.31529,-0.0586258,1.20524,4.44052,0.073547,0.615761,1.22926,4.38973,1.23036,4.38552,668,1996,1.23026,4.38552,0,177.75,178.989
99927,-0.0644099,0.020399,0.995197,-0.0329933,-0.0282214,-0.00519073,1.17425,3.70228,0.0773146,0.586281,1.22386,4.35175,1.22894,4.35402,669,1996,1.22884,4.354,0,177.615,178.858
99947,-0.0744971,0.020093,1.00481,0.104412,-0.616008,-0.112061,1.14558,4.23933,0.0761357,0.594907,1.19294,4.3825,1.20996,4.3753,669,2001,1.20986,4.37527,0,177.752,178.975
99967,-0.075054,0.0210722,1.00579,0.0280762,-0.119824,-0.0738931,1.20023,4.2667,0.0759186,0.596526,1.19646,4.35841,1.20978,4.36307,669,1997,1.20966,4.36303,0,177.745,178.98
99986,-0.0767249,0.0204602,1.00627,-0.0482597,0.254221,-0.142595,1.16481,4.35928,0.0756098,0.599305,1.21037,4.34898,1.21607,4.35837,669,1997,1.21594,4.35829,0,177.748,178.985
100006,-0.080438,0.019481,1.00804,0.104412,-0.264863,0.0558779,1.10714,4.5615,0.0762324,0.599107,1.21269,4.3792,1.21707,4.37483,669,1997,1.21694,4.37475,0,177.746,178.977
100028,-0.0741258,0.0176451,1.00305,-0.0558939,0.0939159,-0.0509923,1.00781,4.22586,0.0764123,0.595917,1.19251,4.35876,1.20506,4.36286,669,1997,1.20495,4.36276,0,177.881,179.096
100048,-0.0741877,0.0186855,1.00469,0.0662441,0.0023129,0.0711452,1.06548,4.2224,0.0764852,0.594177,1.16763,4.3329,1.18883,4.34699,669,1998,1.18872,4.34687,0,177.988,179.18
100068,-0.07722,0.0210722,1.00359,-0.0329933,0.0175803,-0.0509923,1.20284,4.3989,0.0762376,0.596406,1.17396,4.35199,1.18922,4.35744,669,1997,1.1891,4.3573,0,177.782,178.985
100088,-0.0781483,0.0232141,1.0056,0.00517464,0.0404809,-0.142595,1.32242,4.44251,0.0761884,0.597766,1.19782,4.37375,1.20073,4.37024,669,1997,1.20061,4.37009,0,177.782,179
100108,-0.0762298,0.0199094,1.00475,0.0128088,0.0633817,0.0787787,1.13518,4.33784,0.0760171,0.598239,1.20083,4.37444,1.20187,4.3717,669,1997,1.20175,4.37155,0,177.72,178.949
100130,-0.078272,0.0195422,1.00262,0.0967779,-0.30303,-0.0738931,1.11662,4.46304,0.076945,0.59627,1.18026,4.37941,1.18978,4.37422,669,1997,1.18965,4.37406,0,177.813,179.026
100150,-0.0796954,0.0201542,1.0067,0.0662441,-0.112191,-0.0967938,1.14691,4.52549,0.0775676,0.593966,1.18497,4.38315,1.19095,4.37641,669,1998,1.19085,4.37628,0,177.745,178.964
100170,-0.0798192,0.0232753,1.00499,-0.00245857,-0.486237,-0.0738931,1.32671,4.53983,0.0781139,0.589126,1.19945,4.39374,1.19827,4.3818,669,1997,1.19817,4.38164,0,177.618,178.855
100190,-0.0739401,0.0226021,1.00177,-0.00245857,-0.226695,0.0482444,1.2925,4.22025,0.0791792,0.577951,1.21877,4.38175,1.20967,4.3726,669,2001,1.20958,4.37241,0,177.758,178.987
100210,-0.0730737,0.020705,1.00359,-0.0940619,-0.150359,0.0787787,1.18189,4.16359,0.0790079,0.573372,1.20426,4.3611,1.20191,4.36065,669,1997,1.20184,4.36045,0,177.765,178.978
100232,-0.075611,0.0221737,1.00396,0.0128088,-0.0358551,-0.0128243,1.26524,4.30593,0.0783022,0.579479,1.19887,4.37708,1.19818,4.37313,669,1997,1.19812,4.37293,0,177.555,178.788
100252,-0.0760442,0.0226633,1.0081,0.0280762,-0.0511222,-0.0433587,1.28786,4.31276,0.0778714,0.580533,1.20435,4.37276,1.2008,4.37219,669,1997,1.20076,4.37199,0,177.45,178.7
100272,-0.0770344,0.020399,1.00676,0.0967779,0.0557482,-0.104427,1.16077,4.37469,0.0787993,0.582625,1.20688,4.36979,1.20269,4.37205,669,1997,1.2027,4.37185,0,177.657,178.878
100292,-0.0777151,0.0203378,1.0039,0.112045,0.0557482,-0.0357251,1.16059,4.42572,0.0796204,0.583618,1.20199,4.37743,1.20016,4.37736,668,1997,1.20017,4.37715,0,177.859,179.059
100312,-0.0762298,0.020399,1.00499,-0.0329933,0.0862825,-0.0128243,1.16281,4.33675,0.0800903,0.584397,1.19171,4.37046,1.19409,4.37438,668,1997,1.1941,4.37416,0,177.729,178.942
100334,-0.0775913,0.0216841,1.00481,-0.0864277,0.0710154,-0.0738931,1.23627,4.41458,0.0789418,0.584077,1.18926,4.37034,1.19122,4.37453,668,1997,1.19125,4.3743,0,177.625,178.856
100354,-0.0783958,0.0219901,1.00591,-0.0177259,-0.0511222,0.0329772,1.25234,4.4553,0.0793049,0.58481,1.20701,4.38073,1.20094,4.38095,669,1997,1.20098,4.38073,0,177.686,178.917
100374,-0.0768487,0.0222349,1.00621,0.0280762,0.00994658,-0.0433587,1.2659,4.36639,0.0793473,0.584917,1.21892,4.38298,1.20813,4.38323,666,1997,1.20819,4.38299,0,177.719,178.954
100394,-0.0766012,0.0208274,1.00688,-0.0177259,0.0710154,-0.0357251,1.185,4.34962,0.078947,0.585956,1.21057,4.38256,1.20405,4.38415,668,1997,1.20412,4.38391,0,177.744,178.983
100414,-0.0778389,0.0203378,1.00572,-0.0482597,-0.0434885,-0.119695,1.15848,4.42473,0.0782719,0.585834,1.20273,4.38099,1.19956,4.38371,669,1998,1.19961,4.38347,0,177.508,178.75
100436,-0.076663,0.0198482,1.00512,0.05861,0.154985,0.0787787,1.13128,4.36082,0.0787265,0.58701,1.20002,4.383,1.19826,4.38577,668,1997,1.19833,4.38552,0,177.415,178.658
100456,-0.0766012,0.0237036,1.00554,-0.0253592,-0.0511222,-0.0891602,1.35038,4.35512,0.0793033,0.586232,1.20813,4.37825,1.20283,4.38319,669,1997,1.2029,4.38292,0,177.453,178.699
100476,-0.0761061,0.0206438,1.00414,0.0662441,0.0252137,-0.0357251,1.17776,4.33337,0.0807198,0.586049,1.2224,4.3753,1.21217,4.38146,668,1997,1.21227,4.38118,0,177.346,178.613
100496,-0.0775294,0.020399,1.00694,-0.0406265,-0.00532055,-0.0128243,1.16056,4.4019,0.0804568,0.585805,1.2147,4.36831,1.20862,4.37712,668,2001,1.20874,4.37682,0,177.51,178.767
100516,-0.0757348,0.0234589,1.00761,0.0357094,0.0023129,-0.104427,1.3337,4.29726,0.081797,0.585333,1.20892,4.36355,1.20612,4.37382,668,1997,1.20626,4.37352,0,177.561,178.799
100538,-0.0780864,0.0224797,1.00585,0.020442,-0.0816565,0.0100764,1.28029,4.43801,0.0821906,0.584692,1.23462,4.364,1.22125,4.3731,668,1996,1.22141,4.37277,0,177.399,178.661
100558,-0.0759204,0.0202766,1.00633,0.0128088,0.10155,-0.0891602,1.1543,4.3135,0.0820498,0.585227,1.23154,4.35593,1.2211,4.36809,668,2001,1.22126,4.36775,0,177.457,178.715
100578,-0.076663,0.0186243,1.00633,-0.0329933,0.0786488,0.0177101,1.06025,4.35567,0.08168,0.586616,1.21497,4.36182,1.21278,4.37096,668,1996,1.21294,4.3706,0,177.482,178.728
100598,-0.0814282,0.0221125,1.00615,0.020442,0.0633817,-0.142595,1.25901,4.62578,0.0813865,0.587029,1.20324,4.37073,1.20586,4.37531,668,1997,1.20603,4.37494,0,177.611,178.851
100618,-0.0771581,0.0211946,1.00639,-0.0711613,0.177886,-0.0891602,1.20647,4.3832,0.0809404,0.589212,1.21074,4.37956,1.20945,4.38144,668,1996,1.20963,4.38108,0,177.449,178.7
100640,-0.0770962,0.0203378,1.00457,-0.0940619,0.00994658,-0.0891602,1.15981,4.3877,0.0796393,0.589885,1.20639,4.39268,1.2065,4.38964,666,1996,1.20669,4.38928,0,177.346,178.598
100660,-0.07722,0.0211334,1.00396,-0.0482597,0.39926,0.0100764,1.2059,4.3973,0.078155,0.593839,1.20314,4.39326,1.20382,4.39255,668,2001,1.20398,4.39216,0,177.509,178.751
100680,-0.0770344,0.0216841,1.00219,0.112045,-0.0587556,0.0482444,1.23949,4.39441,0.0774341,0.596954,1.19459,4.38422,1.19826,4.38924,668,1997,1.19844,4.38886,0,177.546,178.78
100700,-0.0759204,0.0196646,1.00828,-0.0329933,-0.0740228,-0.00519073,1.1173,4.30526,0.077278,0.596329,1.18471,4.37096,1.19187,4.38122,668,1997,1.19206,4.38085,0,177.453,178.688
100720,-0.0763536,0.0213169,1.00572,0.020442,0.00994658,0.0406108,1.21424,4.34054,0.0766334,0.596543,1.19311,4.3643,1.1952,4.37662,667,1994,1.19538,4.37624,0,177.39,178.64
100742,-0.0764774,0.0210722,1.00548,-0.0177259,-0.0358551,0.00244284,1.20059,4.34862,0.0761263,0.595017,1.20878,4.36806,1.20361,4.3771,668,1996,1.2038,4.37673,0,177.358,178.623
100762,-0.0763536,0.0207662,1.00518,-0.0329933,-0.0282214,0.0635116,1.18352,4.34295,0.0752068,0.595262,1.20309,4.36197,1.20033,4.37303,668,2001,1.20053,4.37265,0,177.253,178.52
100782,-0.074559,0.0220513,1.00384,0.0128088,0.132084,-0.0586258,1.25841,4.24676,0.0751577,0.59656,1.20053,4.35315,1.19892,4.3674,669,2001,1.19912,4.36703,0,177.324,178.581
100802,-0.0759204,0.0211946,1.00682,0.0128088,0.0939159,-0.0967938,1.20595,4.31134,0.07491,0.598988,1.21122,4.34862,1.20514,4.36411,668,1996,1.20536,4.36373,0,177.399,178.648
100822,-0.0767249,0.0219289,1.00426,0.020442,-0.0282214,-0.0815266,1.2509,4.36783,0.0742654,0.599553,1.21834,4.36564,1.20952,4.37239,668,1997,1.20976,4.37201,0,177.493,178.736
100844,-0.0785196,0.0202766,1.00426,-0.0100918,0.0404809,-0.142595,1.15667,4.46974,0.0741399,0.599324,1.21147,4.36309,1.20659,4.36989,669,2001,1.20681,4.36951,0,177.324,178.58
100864,-0.0771581,0.0199706,1.00524,-0.0406265,-0.0434885,-0.0815266,1.13812,4.38833,0.0738006,0.599905,1.20368,4.36908,1.20256,4.37275,668,1997,1.20277,4.37239,0,177.162,178.418
100884,-0.0762298,0.0214393,1.0042,-0.0482597,-0.0969236,-0.0509923,1.22306,4.34006,0.0729576,0.597539,1.20987,4.36525,1.20568,4.36928,669,1999,1.20589,4.36893,0,177.399,178.636
100904,-0.0769725,0.0205214,1.00609,-0.0406265,0.0023129,-0.0815266,1.16851,4.37407,0.0726488,0.597799,1.20427,4.35893,1.20276,4.36521,669,1996,1.20295,4.36487,0,177.506,178.747
100923,-0.0779626,0.0204602,1.00572,-0.0787945,-0.173259,-0.0357251,1.16545,4.43173,0.0724165,0.594929,1.21036,4.36297,1.20638,4.3654,669,1997,1.20657,4.36509,0,177.222,178.489
100945,-0.0755491,0.0211334,1.00609,-0.0558939,0.0328474,0.0482444,1.20335,4.29344,0.0724131,0.592227,1.1877,4.35554,1.19371,4.35967,669,1995,1.19388,4.35935,0,177.015,178.277
100965,-0.0751778,0.0226633,1.00359,0.0815105,-0.150359,-0.0433587,1.29364,4.28286,0.0729135,0.59122,1.21531,4.34989,1.20903,4.35545,669,1997,1.20919,4.35514,0,177.136,178.4
100985,-0.0794479,0.0178287,1.00396,0.0280762,0.277122,0.0787787,1.01737,4.52393,0.0731086,0.595312,1.20723,4.35941,1.20555,4.36141,669,1997,1.20572,4.36113,0,177.039,178.31
101005,-0.0718979,0.0246828,1.00828,0.0433426,-0.112191,-0.0891602,1.40233,4.0775,0.0737007,0.596152,1.18497,4.35096,1.19275,4.35699,669,1998,1.19289,4.3567,0,177.072,178.334
101025,-0.0759823,0.0161152,1.00128,0.409756,-0.173259,0.0864123,0.922069,4.33901,0.0724149,0.598641,1.17775,4.32131,1.18781,4.33946,669,1997,1.18794,4.33919,0,177.105,178.354
101047,-0.0900301,0.021011,1.00274,-0.101695,-0.0740228,-0.134962,1.20037,5.12936,0.0695413,0.609268,1.13909,4.45218,1.16245,4.41629,669,1997,1.16253,4.41605,0,177.103,178.334
101067,-0.0663283,0.0290278,0.999761,-0.0940619,0.0557482,-0.0586258,1.6631,3.79408,0.0726066,0.594276,1.23884,4.33657,1.21793,4.3486,669,1997,1.21801,4.34834,0,177.275,178.544
101087,-0.0759823,0.0178287,1.00931,0.0662441,-0.432801,0.0253437,1.01198,4.3045,0.0715193,0.601177,1.21423,4.35329,1.20625,4.35935,669,1997,1.20633,4.35911,0,177.21,178.468
101107,-0.0808093,0.0175227,1.00828,0.020442,-0.295397,-0.0967938,0.995632,4.58153,0.0704167,0.604002,1.16464,4.37542,1.17786,4.37201,669,1998,1.17795,4.37178,0,177.022,178.27
101127,-0.0801286,0.0218677,1.00226,-0.185664,0.727504,-0.0967938,1.24991,4.56989,0.0701538,0.60672,1.17432,4.40388,1.18111,4.38972,669,2001,1.1812,4.38948,0,177.089,178.327
101149,-0.0703508,0.0231529,1.00299,-0.0177259,0.0862825,0.0177101,1.32238,4.01117,0.0698145,0.605194,1.19315,4.37642,1.19074,4.37561,669,1997,1.19084,4.3754,0,177.008,178.273
101169,-0.0775913,0.0212557,1.00585,-0.00245857,0.216053,0.0406108,1.21061,4.4101,0.0694753,0.612538,1.18897,4.37126,1.18831,4.37532,668,1997,1.18841,4.37515,0,177.111,178.363
101189,-0.0799429,0.0205214,1.00451,-0.13223,0.735137,-0.0738931,1.17035,4.5493,0.0685711,0.620065,1.19262,4.38981,1.18973,4.38836,668,1997,1.18985,4.38818,0,177.205,178.445
101209,-0.0751778,0.0195422,1.00512,0.0280762,0.261855,-0.0357251,1.11385,4.27668,0.0675601,0.628554,1.17999,4.40364,1.18206,4.40052,669,1997,1.18218,4.40034,0,177.067,178.314
101229,-0.0773438,0.0230305,1.00457,-0.0177259,0.0481145,0.0635116,1.31332,4.40148,0.0669766,0.631944,1.18524,4.38989,1.18416,4.3942,668,1997,1.18427,4.39402,0,177.133,178.383
101251,-0.085822,0.0224185,1.00895,-0.116962,1.37636,-0.0738931,1.27288,4.86072,0.0656755,0.647242,1.20526,4.41601,1.19511,4.41451,668,1997,1.19524,4.41435,0,177.194,178.451
101271,-0.0774057,0.0217453,1.0042,-0.0406265,0.0633817,-0.0280915,1.24051,4.40671,0.0644355,0.653929,1.21012,4.4499,1.19852,4.4375,668,1997,1.19864,4.43735,0,177.169,178.421
101291,-0.0767868,0.021011,1.00968,-0.0100918,0.12445,-0.0738931,1.19213,4.34807,0.0631191,0.655823,1.19588,4.43408,1.19121,4.43077,669,1997,1.19131,4.43065,0,177.008,178.265
101311,-0.0808712,0.0217453,1.00439,0.0891447,-0.264863,-0.0128243,1.24028,4.60234,0.0632226,0.6568,1.20197,4.43976,1.19511,4.43452,668,1997,1.1952,4.43437,0,177.103,178.358
101331,-0.079386,0.021011,1.00925,-0.0253592,-0.0434885,-0.127328,1.19263,4.49655,0.0634025,0.649686,1.20868,4.45271,1.1999,4.43982,669,1997,1.2,4.43967,0,177.19,178.444
101353,-0.0775294,0.0219289,1.00475,0.104412,-0.287763,-0.0891602,1.2503,4.41132,0.065277,0.648404,1.20474,4.45009,1.19956,4.4395,668,1997,1.19965,4.43937,0,177.192,178.447
101373,-0.0756729,0.0199094,1.00536,-0.0177259,0.300023,-0.127328,1.1345,4.30367,0.0664644,0.647764,1.20257,4.40983,1.19947,4.41747,669,1997,1.19956,4.41735,0,177.2,178.457
101393,-0.0783339,0.0185631,1.00378,-0.0864277,0.559565,-0.0280915,1.05946,4.46151,0.066171,0.653856,1.1795,4.41508,1.18648,4.42204,668,1997,1.18657,4.4219,0,177.095,178.345
101413,-0.0731356,0.0232141,0.998483,-0.0482597,-0.0816565,-0.142595,1.33185,4.18812,0.066244,0.655337,1.18444,4.42641,1.18819,4.42889,668,1997,1.18828,4.42874,0,177.258,178.49
101433,-0.0775913,0.0218065,1.00359,-0.0558939,-0.119824,-0.17313,1.24475,4.4199,0.0651872,0.659383,1.21162,4.42015,1.20317,4.42645,668,1998,1.20325,4.42632,0,177.202,178.449
101455,-0.0768487,0.0192362,1.00378,0.020442,-0.135092,0.0100764,1.09787,4.3772,0.0653059,0.654697,1.20239,4.40088,1.19927,4.41242,668,1997,1.19936,4.41229,0,177.006,178.27
101475,-0.0785196,0.0182571,1.00603,0.020442,0.170252,-0.0586258,1.03967,4.4621,0.0656537,0.657567,1.18877,4.40235,1.19209,4.41273,668,1997,1.19219,4.4126,0,177.067,178.317
101495,-0.0789528,0.0217453,1.0042,0.00517464,0.0633817,0.00244284,1.24051,4.49443,0.0656656,0.659186,1.20085,4.4066,1.19856,4.41424,669,1997,1.19864,4.41413,0,177.025,178.29
101515,-0.0776532,0.0211946,1.00585,-0.00245857,0.193153,-0.0967938,1.20712,4.41361,0.0653263,0.662775,1.21922,4.43095,1.2094,4.42885,668,1997,1.20947,4.42875,0,177.198,178.462
101535,-0.0779626,0.0196034,1.00286,-0.0864277,0.0710154,-0.0738931,1.11984,4.44439,0.0649107,0.661599,1.21489,4.43486,1.20833,4.43078,668,1997,1.20837,4.43072,0,177.241,178.49
101557,-0.0776532,0.019787,1.00457,-0.0177259,-0.119824,-0.0815266,1.12841,4.41932,0.0645257,0.661814,1.19586,4.43278,1.19818,4.42997,668,1997,1.19821,4.42992,0,177.031,178.292
101577,-0.078829,0.0213781,1.00505,0.104412,-0.203794,-0.0738931,1.21853,4.48366,0.0644765,0.658684,1.19369,4.4483,1.19665,4.43799,668,1997,1.19669,4.43796,0,176.987,178.26
101597,-0.0769725,0.0215005,1.00372,-0.0635271,0.0175803,0.0482444,1.22714,4.38428,0.063435,0.655876,1.20159,4.43954,1.2006,4.43309,668,2001,1.20065,4.43308,0,177.022,178.293
101617,-0.078829,0.0208886,1.00779,0.0128088,-0.219061,0.0558779,1.1874,4.47158,0.0639659,0.655143,1.2036,4.44826,1.20218,4.43863,668,1996,1.2022,4.43859,0,177.128,178.39
101637,-0.0770344,0.0204602,1.00767,-0.0329933,-0.219061,0.0940459,1.1632,4.37074,0.0637488,0.651174,1.18841,4.44677,1.19352,4.43736,668,1997,1.19354,4.43732,0,177.329,178.558
101659,-0.0783339,0.0216229,1.00359,0.0433426,-0.249595,-0.0357251,1.23427,4.46205,0.0642187,0.647969,1.18753,4.44713,1.19246,4.43726,668,2001,1.19248,4.43724,0,177.459,178.675
101679,-0.0777151,0.0215617,1.00268,0.0509768,0.0557482,-0.0738931,1.2319,4.43096,0.0646123,0.646488,1.19894,4.4525,1.19873,4.44133,669,1997,1.19873,4.44128,0,177.192,178.447
101699,-0.0787671,0.0215617,1.00542,-0.0482597,0.0328474,-0.0967938,1.22855,4.47852,0.0647463,0.646458,1.19754,4.45929,1.19802,4.44696,668,1997,1.19803,4.4469,0,176.992,178.269
101719,-0.0774057,0.0218065,1.00372,-0.0940619,0.139718,-0.00519073,1.2446,4.40883,0.0643002,0.64742,1.20547,4.46243,1.20232,4.45121,668,1997,1.2023,4.45117,0,176.855,178.139
101739,-0.079386,0.0223573,1.00737,0.0509768,-0.0663893,-0.0357251,1.2714,4.5048,0.0640373,0.649848,1.21134,4.46801,1.206,4.45732,669,1997,1.20596,4.45727,0,177.121,178.385
101761,-0.0785196,0.0203378,1.00432,-0.15513,0.0252137,-0.0204579,1.16009,4.46946,0.0637286,0.649192,1.2023,4.45359,1.20147,4.45054,668,1997,1.20142,4.4505,0,177.285,178.534
101781,-0.0803142,0.0209498,1.00639,0.05861,-0.211427,-0.0433587,1.19253,4.56178,0.0631451,0.648582,1.19138,4.4614,1.19524,4.45551,668,1997,1.19518,4.45545,0,177.308,178.552
101801,-0.0795716,0.0200318,1.00737,0.00517464,0.238954,-0.0967938,1.13919,4.51551,0.0628211,0.650811,1.19827,4.45917,1.19889,4.45635,668,1996,1.19883,4.45628,0,177.379,178.616
101821,-0.0774675,0.0198482,1.00487,-0.139863,0.50613,-0.0204579,1.13156,4.40747,0.0621765,0.655468,1.17821,4.44425,1.18689,4.4507,669,1997,1.18681,4.45062,0,177.453,178.675
101841,-0.0770962,0.0210722,1.00609,-0.0482597,0.154985,-0.0204579,1.19986,4.38103,0.0606922,0.661392,1.17509,4.44056,1.18349,4.45084,669,1997,1.18342,4.45076,0,177.418,178.649
101863,-0.082047,0.0213781,1.00712,-0.0253592,0.322924,0.0253437,1.21603,4.65637,0.060582,0.664981,1.18214,4.45804,1.18647,4.46133,669,1997,1.1864,4.46124,0,177.288,178.525
101882,-0.0753016,0.0214393,1.00086,0.020442,-0.0282214,-0.0204579,1.22715,4.30168,0.0602427,0.663393,1.19119,4.4447,1.191,4.45331,669,1997,1.19093,4.45323,0,177.133,178.381
101902,-0.0789528,0.021011,1.00694,0.150213,-0.79158,0.0406108,1.19537,4.48233,0.0611859,0.653714,1.1841,4.43746,1.1873,4.44422,669,1997,1.18721,4.44413,0,177.159,178.402
101922,-0.0753016,0.0214393,1.00329,0.020442,-0.409901,-0.0357251,1.22417,4.29129,0.062862,0.637318,1.19222,4.40819,1.19226,4.42007,669,1997,1.19217,4.41997,0,177.348,178.584
101942,-0.0780245,0.0201542,1.00518,-0.0253592,-0.0663893,-0.0509923,1.14865,4.43766,0.0635304,0.638784,1.18749,4.41871,1.18977,4.42553,669,1998,1.18967,4.42546,0,177.256,178.497
101964,-0.0751778,0.020093,1.00493,0.0891447,-0.333565,-0.0967938,1.14544,4.2774,0.0638629,0.632174,1.18459,4.40473,1.18796,4.41427,669,1997,1.18787,4.4142,0,177.02,178.274
101984,-0.0763536,0.0215617,1.00353,0.0662441,-0.0663893,0.00244284,1.23086,4.34995,0.065203,0.6308,1.19535,4.39464,1.19424,4.40681,669,1997,1.19413,4.40675,0,176.982,178.236
102004,-0.0805618,0.0195422,1.00499,-0.0100918,-0.0205877,0.0329772,1.11398,4.58225,0.0653676,0.629701,1.19776,4.3893,1.19592,4.40159,669,1997,1.19582,4.40151,0,177.083,178.336
102024,-0.0773438,0.0215617,1.00219,-0.0177259,-0.0129542,-0.0738931,1.2325,4.412,0.0655322,0.627976,1.19391,4.3989,1.194,4.40506,669,1997,1.19389,4.40494,0,177.081,178.339
102044,-0.0757348,0.0182571,1.00439,-0.0253592,-0.0358551,-0.0357251,1.04137,4.31147,0.0644448,0.628007,1.18463,4.39557,1.18812,4.40258,669,1997,1.18802,4.40244,0,177.286,178.52
102066,-0.0779626,0.0215617,1.00536,-0.0558939,0.0023129,-0.0738931,1.22862,4.43323,0.064243,0.627733,1.18135,4.40704,1.18556,4.40829,669,1997,1.18547,4.40819,0,177.267,178.499
102086,-0.0762298,0.0190526,1.00554,-0.101695,-0.0663893,0.0482444,1.08549,4.33451,0.0637968,0.626924,1.17298,4.39437,1.18008,4.40042,669,1997,1.17999,4.40031,0,177.363,178.588
102106,-0.0767868,0.0208274,1.00201,-0.0253592,-0.0511222,-0.0433587,1.19075,4.38122,0.0634881,0.625826,1.1756,4.38164,1.18027,4.39162,669,1997,1.18017,4.39149,0,177.551,178.766
102126,-0.076663,0.0211334,1.00311,0.0280762,-0.0205877,-0.0738931,1.20692,4.3694,0.0634848,0.626956,1.18481,4.39095,1.1848,4.39595,668,1997,1.18469,4.39581,0,177.157,178.404
102146,-0.0801286,0.0221737,1.00518,-0.0940619,-0.0892901,-0.112061,1.26371,4.55664,0.0629623,0.627323,1.19332,4.40899,1.18943,4.40557,669,1997,1.18936,4.40544,0,176.897,178.168
102168,-0.079881,0.0213169,1.00579,0.0662441,-0.135092,-0.142595,1.21416,4.53997,0.0637528,0.623537,1.20219,4.41511,1.19517,4.40779,668,1997,1.19512,4.40764,0,177.214,178.46
102188,-0.0781483,0.020399,1.00189,0.0128088,-0.211427,0.0482444,1.16641,4.45917,0.0638105,0.620713,1.20519,4.4256,1.19774,4.41367,668,1996,1.19768,4.41352,0,177.411,178.636
102208,-0.0779626,0.0224797,1.00524,-0.0253592,-0.142725,-0.119695,1.28107,4.43367,0.0640362,0.618087,1.21494,4.42179,1.20433,4.41195,668,1998,1.20428,4.41181,0,177.219,178.459
102228,-0.0788909,0.0217453,1.00256,-0.0177259,0.307657,-0.00519073,1.24254,4.49825,0.0639107,0.619248,1.22033,4.42295,1.20878,4.41446,668,1997,1.20873,4.41432,0,177.152,178.41
102248,-0.0761061,0.0223573,1.00554,0.0128088,-0.135092,-0.0509923,1.27371,4.32721,0.0641821,0.618516,1.2207,4.42485,1.21067,4.4166,669,1997,1.21062,4.41645,0,177.313,178.571
102270,-0.0788909,0.0221737,1.00432,-0.0329933,0.307657,-0.0586258,1.26478,4.49034,0.0628505,0.624959,1.21686,4.41214,1.20929,4.41283,669,1997,1.2092,4.41267,0,177.447,178.705
102290,-0.0783339,0.0206438,1.00658,0.00517464,-0.203794,0.0329772,1.17491,4.44898,0.0627555,0.622746,1.21114,4.40275,1.2072,4.40641,668,1997,1.20712,4.40626,0,177.513,178.755
102310,-0.0743733,0.0221737,1.00262,0.0509768,0.338191,-0.0280915,1.26693,4.24133,0.0627827,0.623037,1.1972,4.39534,1.1998,4.40207,668,1997,1.19971,4.40191,0,177.274,178.518
102330,-0.0754872,0.0212557,1.00463,-0.0253592,0.147351,0.0482444,1.21207,4.29614,0.0629778,0.621724,1.20278,4.36426,1.20309,4.38266,668,1997,1.20299,4.3825,0,177.277,178.533
102350,-0.0764774,0.0210722,1.00585,0.020442,-0.127458,-0.0128243,1.20015,4.34705,0.0639821,0.622961,1.20578,4.37442,1.20534,4.38659,669,1996,1.20525,4.38646,0,177.322,178.572
102372,-0.0825421,0.0234589,1.00846,-0.0253592,0.261855,-0.0586258,1.33257,4.67794,0.0629863,0.625206,1.20865,4.40818,1.20669,4.4051,668,1998,1.20657,4.405,0,177.266,178.514
102392,-0.0740639,0.0197258,0.997144,-0.0635271,0.10155,-0.0509923,1.13329,4.24707,0.06367,0.619664,1.20908,4.38114,1.20787,4.38775,668,1997,1.20774,4.38762,0,177.133,178.386
102412,-0.0763536,0.0218677,1.0014,0.14258,-0.341198,0.00244284,1.25097,4.35914,0.0634071,0.622657,1.20535,4.39363,1.20597,4.39531,668,1997,1.20584,4.39519,0,177.406,178.645
102432,-0.0784577,0.0203378,1.00512,-0.00245857,0.0557482,0.0864123,1.15918,4.46245,0.063877,0.622612,1.21087,4.38953,1.20954,4.39253,668,1997,1.2094,4.39242,0,177.341,178.596
102452,-0.0775913,0.0211334,1.00414,-0.0482597,0.216053,-0.0738931,1.20568,4.41756,0.0640874,0.620047,1.21463,4.38742,1.21229,4.38983,668,1996,1.21216,4.38972,0,177.123,178.395
102474,-0.0742495,0.0189914,1.00603,-0.0177259,-0.180893,0.0177101,1.08148,4.22029,0.0650153,0.617697,1.2174,4.37257,1.21515,4.38,668,1997,1.215,4.37991,0,177.253,178.518
102494,-0.0784577,0.0211946,1.00597,0.0128088,-0.112191,-0.0509923,1.20698,4.45861,0.064905,0.617957,1.22589,4.36414,1.22073,4.37382,669,2001,1.22056,4.37373,0,177.291,178.564
102514,-0.0778389,0.0218065,1.0028,0.0357094,0.177886,0.0711452,1.24573,4.43743,0.0652986,0.617301,1.22799,4.36088,1.22312,4.37004,668,2001,1.22294,4.36996,0,177.118,178.402
102534,-0.077777,0.0218677,1.00852,0.0662441,-0.127458,-0.150229,1.24214,4.40887,0.0660128,0.617576,1.22756,4.37566,1.22412,4.37721,668,1996,1.22394,4.37711,0,177.151,178.434
102554,-0.0770962,0.0226633,1.00493,0.0815105,-0.0587556,-0.150229,1.29192,4.3859,0.0665438,0.618218,1.23773,4.3833,1.23118,4.38146,668,1997,1.23099,4.38136,0,177.245,178.537
102576,-0.0768487,0.0216229,1.00353,0.0128088,0.0404809,0.0482444,1.23435,4.37804,0.0668,0.617775,1.23577,4.37603,1.2317,4.3768,669,1996,1.2315,4.37671,0,177.143,178.441
102596,-0.0786434,0.0211946,1.00426,0.0509768,0.00994658,-0.119695,1.20902,4.47667,0.0667966,0.616799,1.22326,4.38408,1.2255,4.38039,667,1997,1.22529,4.38031,0,177.217,178.493
102616,-0.0769725,0.0211334,1.00475,0.05861,0.00994658,-0.0204579,1.20495,4.37982,0.0674955,0.61712,1.22403,4.39173,1.22648,4.38511,667,1997,1.22627,4.38505,0,177.385,178.644
102636,-0.0783339,0.0195422,1.00518,0.112045,-0.0587556,-0.0280915,1.11378,4.45524,0.0682097,0.616876,1.21634,4.38339,1.22277,4.38053,669,1997,1.22255,4.38049,0,177.245,178.515
102656,-0.0762298,0.019787,1.00499,0.0280762,-0.104557,-0.211298,1.12793,4.3368,0.0691682,0.616434,1.19893,4.38816,1.21278,4.3833,669,2001,1.21254,4.38328,0,177.116,178.378
102678,-0.0772819,0.0218065,1.00524,-0.0100918,-0.0129542,-0.0967938,1.24272,4.39518,0.0697297,0.615762,1.19843,4.3892,1.21121,4.38396,669,1997,1.21096,4.38394,0,177.289,178.534
102698,-0.077777,0.0216229,1.00432,-0.0864277,-0.0816565,-0.0738931,1.23338,4.42724,0.0694973,0.615442,1.19599,4.37779,1.20834,4.37752,668,2001,1.20809,4.3775,0,177.291,178.547
102718,-0.0759204,0.0222961,1.00615,-0.0253592,0.0175803,-0.0357251,1.26946,4.3141,0.0694176,0.615763,1.19701,4.3828,1.20762,4.38041,669,1998,1.20737,4.38043,0,177.198,178.458
102738,-0.0774675,0.0215005,1.00414,0.0280762,0.109183,0.00244284,1.22662,4.41051,0.0698722,0.616115,1.20033,4.37926,1.20857,4.37839,668,1997,1.20832,4.37841,0,177.327,178.572
102758,-0.0791384,0.0226021,1.00566,0.134946,-0.142725,-0.0204579,1.28749,4.49836,0.0700826,0.615505,1.19715,4.39224,1.20591,4.38535,668,1996,1.20565,4.38537,0,177.215,178.477
102780,-0.0757967,0.0206438,1.00244,-0.0100918,-0.0587556,0.0635116,1.17976,4.32312,0.0711632,0.611047,1.20583,4.38866,1.21049,4.3822,669,1997,1.21022,4.38222,0,177.315,178.573
102800,-0.0762298,0.0219901,1.0039,0.0509768,-0.0663893,-0.0357251,1.25485,4.34132,0.0719843,0.609505,1.21348,4.36686,1.21479,4.3695,669,1997,1.21449,4.36954,0,177.39,178.638
102819,-0.0814282,0.0225409,1.00621,0.00517464,-0.112191,-0.0509923,1.28331,4.62545,0.0719809,0.610788,1.2155,4.40156,1.21582,4.38943,669,1997,1.2155,4.38951,0,177.228,178.496
102839,-0.0772819,0.0202766,1.0042,0.173114,-0.00532055,0.0100764,1.15674,4.39983,0.0737943,0.609216,1.23114,4.39949,1.22597,4.38914,669,2000,1.22566,4.38923,0,177.391,178.653
102859,-0.0766012,0.0221737,1.00505,-0.0253592,0.0404809,0.0253437,1.26387,4.35737,0.0744933,0.608866,1.22951,4.38072,1.22612,4.37923,669,1997,1.2258,4.37931,0,177.286,178.555
102881,-0.0789528,0.0224185,1.0011,0.0357094,0.0939159,-0.0128243,1.28286,4.50823,0.0750548,0.610042,1.22645,4.38761,1.22504,4.3835,669,1997,1.2247,4.38359,0,177.263,178.535
102901,-0.0779007,0.0211334,1.00305,0.020442,-0.0129542,-0.104427,1.207,4.43993,0.075601,0.610454,1.2311,4.39966,1.22855,4.3912,669,1997,1.22822,4.39129,0,177.457,178.715
102921,-0.0774675,0.0201542,1.00475,-0.0940619,-0.0129542,-0.112061,1.14914,4.40797,0.0752312,0.609859,1.2317,4.40848,1.22947,4.39741,669,1998,1.22912,4.3975,0,177.381,178.653
102941,-0.0718979,0.0199094,0.997509,0.119678,-0.295397,0.0253437,1.14342,4.12179,0.0752889,0.606364,1.22136,4.36635,1.22406,4.37358,669,1998,1.22369,4.37366,0,177.348,178.615
102961,-0.0807474,0.0220513,1.01564,0.0967779,-0.448069,-0.112061,1.24379,4.5446,0.0745222,0.610898,1.19968,4.41241,1.21085,4.40102,669,1997,1.21046,4.40108,0,177.391,178.634
102983,-0.0740639,0.0199706,1.00639,0.0509768,-0.203794,-0.0662594,1.13681,4.20817,0.0750685,0.609418,1.20517,4.39283,1.21304,4.39069,669,1997,1.21265,4.39074,0,177.489,178.727
103003,-0.0803761,0.0216229,1.00761,-0.0329933,0.361092,0.0482444,1.22936,4.55973,0.07563,0.611403,1.20595,4.3892,1.21254,4.38921,669,1997,1.21216,4.38925,0,177.457,178.697
103023,-0.0751159,0.0231529,1.00195,0.0357094,-0.0663893,-0.0815266,1.32374,4.28628,0.0756724,0.609373,1.22354,4.39586,1.22188,4.39265,669,1997,1.22149,4.39268,0,177.233,178.496
103043,-0.0753016,0.0206438,1.00731,0.05861,-0.0816565,-0.0509923,1.17406,4.27432,0.0760354,0.610167,1.20748,4.37708,1.21311,4.38284,669,1997,1.21273,4.38285,0,176.999,178.277
103063,-0.0769725,0.0199094,1.01613,-0.00245857,-0.119824,0.0635116,1.12247,4.33109,0.0755893,0.610519,1.19342,4.36835,1.20409,4.37716,668,1996,1.2037,4.37718,0,177.128,178.386
103085,-0.0779626,0.0193586,0.999396,-0.0177259,0.200786,0.0253437,1.1097,4.45976,0.0761356,0.607466,1.17811,4.34662,1.19392,4.36205,668,1997,1.19353,4.36206,0,177.358,178.594
103105,-0.0771581,0.0241932,1.0053,0.0128088,-0.432801,-0.104427,1.3786,4.38767,0.0751856,0.609863,1.18438,4.42022,1.19459,4.40402,668,1997,1.1942,4.40402,0,177.256,178.503
103125,-0.075054,0.0225409,1.00201,-0.124596,-0.0892901,0.0253437,1.28869,4.28257,0.0740525,0.608154,1.21038,4.39166,1.20786,4.38894,668,1997,1.2075,4.38893,0,177.156,178.419
103145,-0.0778389,0.0189914,1.00499,0.020442,0.437428,-0.0509923,1.08259,4.42805,0.0727209,0.60791,1.21645,4.36748,1.21113,4.37495,668,1997,1.21081,4.37494,0,177.285,178.542
103165,-0.080438,0.0173391,1.00262,-0.0329933,0.284756,-0.0509923,0.990762,4.5862,0.0730076,0.608017,1.17374,4.40303,1.18713,4.39474,668,2001,1.18681,4.39472,0,177.411,178.645
103187,-0.0733213,0.0237036,1.00366,0.0662441,-0.234328,-0.0967938,1.35292,4.17712,0.0730805,0.604186,1.18029,4.41299,1.18857,4.40084,668,1997,1.18825,4.40082,0,177.42,178.65
103207,-0.057355,0.0134837,1.00645,0.0280762,-0.677076,-0.0204579,0.767556,3.2613,0.0715962,0.59985,1.15624,4.29213,1.17327,4.33178,665,1999,1.17296,4.33178,0,177.222,178.449
103227,-0.107667,0.0201542,1.00895,-0.170398,1.77331,0.0329772,1.14436,6.08991,0.0716081,0.613194,1.10403,4.31868,1.14004,4.34387,668,1997,1.13974,4.34387,0,177.225,178.423
103247,-0.07722,0.0353312,1.00335,0.218916,-0.799214,-0.157863,2.01673,4.39821,0.0724292,0.607714,1.27849,4.51121,1.2357,4.452,668,1997,1.23544,4.452,0,177.366,178.635
103267,-0.0653381,0.00932223,1.00341,-0.0100918,-0.0129542,-0.0586258,0.532293,3.72545,0.0730823,0.604951,1.26993,4.41561,1.238,4.40381,662,1998,1.23776,4.4038,0,177.415,178.688
103289,-0.0801286,0.011097,1.00451,-0.0864277,0.185519,0.0787787,0.63293,4.5605,0.0720866,0.608829,1.10856,4.35035,1.14767,4.36834,662,1998,1.14742,4.36831,0,177.447,178.638
103309,-0.0860076,0.0281099,1.0056,-0.147496,0.246588,-0.0586258,1.60119,4.88662,0.0697626,0.607349,1.12963,4.44863,1.1523,4.42238,668,1997,1.15206,4.42234,0,177.296,178.494
103329,-0.0667615,0.0277427,1.00286,-0.0253592,-0.79158,-0.0967938,1.58459,3.80715,0.0690111,0.603365,1.22406,4.45303,1.20326,4.42838,668,1997,1.20303,4.42837,0,177.256,178.503
103349,-0.0752397,0.0185631,1.00451,-0.0787945,0.605366,-0.0662594,1.05869,4.28285,0.0688856,0.603136,1.2491,4.34228,1.2206,4.36699,668,1997,1.22037,4.36698,0,177.244,178.514
103369,-0.0811187,0.0186855,1.00554,0.0128088,-0.0282214,0.00244284,1.06457,4.61137,0.0677982,0.606526,1.22402,4.39293,1.20922,4.39457,669,1997,1.20898,4.39456,0,177.217,178.485
103391,-0.0753016,0.0179511,1.00645,-0.0329933,-0.19616,-0.157863,1.02182,4.27814,0.0669094,0.603427,1.18454,4.41339,1.18774,4.40576,668,1997,1.18751,4.40574,0,177.154,178.405
103411,-0.0741877,0.020093,1.00201,-0.0253592,-0.112191,-0.0357251,1.14878,4.23353,0.0658678,0.603672,1.16197,4.37659,1.17332,4.38586,668,1997,1.1731,4.38584,0,177.086,178.326
103431,-0.0782102,0.0290278,1.00426,-0.0635271,0.116817,-0.0509923,1.65565,4.45125,0.0661698,0.602344,1.21624,4.38046,1.2025,4.38648,668,2001,1.20231,4.38646,0,177.184,178.442
103451,-0.0778389,0.0215617,1.0056,-0.00245857,-0.219061,-0.0204579,1.22833,4.42515,0.0657084,0.603093,1.25679,4.41423,1.22786,4.40604,668,1996,1.2277,4.40602,0,177.179,178.456
103471,-0.0738163,0.0137897,1.00773,-0.00245857,0.0328474,0.0100764,0.783977,4.18904,0.0668653,0.601368,1.20054,4.39339,1.19996,4.39487,666,1999,1.19982,4.39483,0,177.091,178.345
103493,-0.0780864,0.0227857,1.0067,0.0280762,0.238954,-0.0586258,1.29662,4.43424,0.0670146,0.602803,1.14336,4.38741,1.16623,4.39192,669,1997,1.16609,4.39185,0,177.269,178.477
103513,-0.0759823,0.029701,1.00463,0.05861,-0.0358551,-0.0815266,1.69341,4.32329,0.0678662,0.603369,1.21649,4.39303,1.20554,4.39536,668,1997,1.20543,4.3953,0,177.258,178.503
103533,-0.0765393,0.0240708,1.00688,0.0815105,-0.0511222,-0.0204579,1.36947,4.34581,0.0684125,0.603522,1.27465,4.39564,1.2412,4.39706,668,1997,1.24108,4.39698,0,177.195,178.486
103553,-0.0765393,0.0175227,1.00439,-0.00245857,0.0328474,-0.0128243,0.999492,4.35715,0.0695847,0.602469,1.24429,4.37765,1.22881,4.38625,668,1996,1.22868,4.38616,0,177.3,178.581
103573,-0.0771581,0.0174615,1.00396,-0.00245857,-0.0663893,-0.0738931,0.996424,4.3941,0.0690622,0.602347,1.19613,4.38635,1.20279,4.39048,669,1997,1.20266,4.39038,0,177.152,178.419
103595,-0.0772819,0.021011,1.00274,0.0509768,-0.0358551,-0.0662594,1.20037,4.40614,0.0693947,0.600714,1.20344,4.38292,1.20636,4.38742,668,1997,1.20624,4.3873,0,177.426,178.667
103615,-0.0776532,0.0226021,1.00591,0.0662441,0.00994658,-0.00519073,1.28718,4.41321,0.0697883,0.601249,1.21527,4.38548,1.21311,4.38884,666,2001,1.21299,4.3887,0,177.396,178.643
103635,-0.0778389,0.0200318,1.00122,0.00517464,0.0633817,-0.104427,1.14618,4.44457,0.070991,0.600456,1.2307,4.38592,1.22333,4.38847,668,1997,1.22323,4.38833,0,177.255,178.519
103655,-0.0786434,0.0182571,1.00572,0.020442,0.00994658,-0.104427,1.03998,4.47045,0.0713693,0.600685,1.19741,4.39482,1.20535,4.39355,666,2001,1.20523,4.3934,0,177.454,178.687
103675,-0.0753016,0.0198482,1.00475,0.0509768,0.0023129,0.0177101,1.13169,4.28522,0.0730759,0.598334,1.17595,4.37181,1.19258,4.37969,668,1997,1.19246,4.37953,0,177.513,178.738
103697,-0.079881,0.0234589,1.00311,-0.0406265,0.154985,-0.0280915,1.33969,4.55182,0.0727519,0.599923,1.1938,4.37931,1.20043,4.38361,668,1997,1.20033,4.38342,0,177.417,178.656
103717,-0.0762917,0.0220513,1.00372,0.0128088,-0.119824,-0.0509923,1.25857,4.34561,0.0719852,0.600442,1.22156,4.40123,1.21539,4.39624,669,1997,1.21529,4.39604,0,177.299,178.554
103737,-0.0767249,0.0189914,1.00329,-0.0177259,0.170252,-0.119695,1.08443,4.37231,0.072165,0.600901,1.21084,4.402,1.21028,4.39776,669,2001,1.21017,4.39755,0,177.25,178.518
103757,-0.0769725,0.0185019,1.00372,-0.116962,0.246588,-0.0280915,1.05603,4.38454,0.0719479,0.599451,1.17985,4.38238,1.19231,4.38645,670,1997,1.1922,4.38623,0,177.411,178.649
103776,-0.0739401,0.0243768,1.00645,0.0433426,-0.310664,-0.150229,1.38746,4.20051,0.0712117,0.599299,1.19257,4.40272,1.19732,4.39838,669,1997,1.19723,4.39816,0,177.388,178.627
103798,-0.0762917,0.0218065,1.00785,-0.0711613,-0.188527,-0.134962,1.23949,4.32786,0.0710862,0.599833,1.19859,4.3921,1.20012,4.39325,669,1997,1.20003,4.39303,0,177.496,178.731
103818,-0.0794479,0.0200318,1.00366,-0.0177259,-0.0892901,-0.0204579,1.14341,4.52511,0.070579,0.600765,1.19624,4.41216,1.19837,4.40505,669,1997,1.19827,4.40483,0,177.46,178.699
103838,-0.0761061,0.0174003,1.00505,-0.0864277,0.0023129,-0.119695,0.991851,4.32972,0.0692168,0.597056,1.16126,4.3935,1.17721,4.39401,669,1997,1.17712,4.39378,0,177.322,178.55
103858,-0.0763536,0.0209498,1.00524,-0.0482597,0.0557482,-0.0738931,1.19391,4.34267,0.0679616,0.598109,1.15556,4.38196,1.17091,4.38792,669,1997,1.17084,4.38769,0,177.294,178.507
103878,-0.0762917,0.0230305,1.00244,-0.0711613,0.0557482,0.0329772,1.31611,4.35103,0.0677597,0.597911,1.17734,4.38335,1.18093,4.38829,669,1997,1.18084,4.38806,0,177.321,178.545
103900,-0.0796954,0.021011,1.00676,-0.0482597,-0.157992,-0.104427,1.19558,4.52514,0.0677258,0.597164,1.19413,4.40644,1.18989,4.40092,669,2001,1.1898,4.40066,0,177.172,178.43
103920,-0.0730118,0.0186243,1.00311,0.0280762,-0.150359,-0.0967938,1.06366,4.16225,0.0676461,0.591058,1.1836,4.39117,1.1841,4.39091,669,1997,1.18402,4.39063,0,177.108,178.367
103940,-0.0755491,0.0196646,1.00694,0.0357094,-0.0587556,0.162748,1.11879,4.28995,0.0676427,0.592539,1.16378,4.3823,1.17213,4.38677,669,1998,1.17206,4.38648,0,177.19,178.421
103960,-0.0759204,0.0231529,1.00682,0.0280762,-0.0434885,-0.0738931,1.31734,4.31116,0.0686623,0.592142,1.16376,4.36425,1.17076,4.37576,670,1997,1.17069,4.37549,0,177.256,178.486
103980,-0.0793241,0.0224797,1.00737,0.0128088,0.0557482,-0.0280915,1.27836,4.50129,0.0688574,0.592234,1.19453,4.37614,1.18722,4.38122,669,1997,1.18718,4.38095,0,177.447,178.684
104002,-0.0771581,0.0189302,1.00725,0.020442,-0.180893,0.00244284,1.07669,4.37971,0.0694342,0.589884,1.20506,4.38539,1.19432,4.38522,668,1997,1.19427,4.38497,0,177.316,178.561
104022,-0.0779626,0.0222349,1.0067,-0.0406265,0.0252137,0.0253437,1.26528,4.42729,0.069782,0.587838,1.19168,4.37748,1.18761,4.37994,669,1999,1.18758,4.37968,0,177.19,178.431
104042,-0.0775294,0.0205826,1.0025,0.0357094,0.0023129,-0.134962,1.17619,4.42131,0.0705877,0.585885,1.19531,4.37957,1.19022,4.3803,668,1997,1.19019,4.38002,0,177.357,178.581
104062,-0.0770962,0.0213781,1.00067,0.00517464,-0.142725,-0.0662594,1.22387,4.40461,0.0704622,0.584511,1.20784,4.39114,1.19774,4.38667,668,1997,1.19772,4.38641,0,177.144,178.405
104082,-0.0774675,0.0211334,1.00384,-0.0482597,0.0633817,-0.0738931,1.20604,4.41187,0.0713291,0.582786,1.20766,4.39275,1.19905,4.38767,668,1998,1.19904,4.3874,0,177.118,178.379
104104,-0.0743114,0.0186855,1.00518,0.112045,-0.257229,-0.157863,1.06496,4.22738,0.0722265,0.578268,1.19936,4.37426,1.19564,4.37635,669,1997,1.19565,4.37605,0,177.355,178.588
104124,-0.0767868,0.0205214,1.00548,0.0433426,0.139718,-0.17313,1.16922,4.3662,0.0732002,0.577627,1.19547,4.34954,1.19391,4.36162,668,1997,1.19394,4.36132,0,177.508,178.74
104144,-0.0777151,0.0220513,1.00572,0.0280762,-0.287763,0.0100764,1.25605,4.41756,0.0737159,0.57404,1.20494,4.35133,1.19954,4.3597,669,1997,1.19957,4.35937,0,177.741,178.957
104164,-0.0759823,0.0201542,1.00749,0.0357094,-0.249595,-0.0433587,1.14601,4.31208,0.075163,0.570116,1.20242,4.3574,1.1992,4.36075,668,1997,1.19924,4.36043,0,177.678,178.889
104184,-0.0766012,0.019787,1.00323,-0.0482597,-0.0205877,-0.0280915,1.12992,4.36548,0.074839,0.568041,1.19507,4.34326,1.19498,4.35144,668,1997,1.19503,4.35113,0,177.51,178.731
104206,-0.0775294,0.0215005,1.00798,-0.00245857,-0.30303,0.0253437,1.22196,4.3973,0.0752936,0.563965,1.1987,4.35116,1.197,4.35344,668,1997,1.19704,4.35312,0,177.64,178.859
104226,-0.0770344,0.0189914,1.00706,-0.0329933,-0.0205877,-0.00519073,1.08037,4.37349,0.075046,0.563706,1.19104,4.36182,1.19266,4.35928,669,1996,1.19271,4.35894,0,177.959,179.162
104246,-0.0757348,0.0202766,1.00597,-0.0711613,0.0252137,-0.0357251,1.15471,4.30455,0.0740808,0.562469,1.19548,4.34329,1.1944,4.34838,668,1997,1.19447,4.34805,0,178.056,179.264
104266,-0.0774057,0.0208886,1.0028,-0.0711613,-0.142725,-0.17313,1.19331,4.41291,0.073711,0.562363,1.19764,4.34415,1.19547,4.34809,668,1997,1.19555,4.34776,0,178.129,179.321
104286,-0.0747446,0.0210722,1.00767,-0.0329933,0.0710154,-0.157863,1.19798,4.24125,0.0726236,0.56247,1.19315,4.34168,1.19254,4.3464,668,1997,1.19263,4.34605,0,177.932,179.13
104308,-0.0784577,0.019175,1.00743,-0.0100918,-0.00532055,-0.0967938,1.09042,4.45236,0.0733836,0.560914,1.19197,4.33944,1.19224,4.34358,668,1997,1.19231,4.34322,0,177.831,179.036
104328,-0.0770962,0.0215617,1.00493,0.0357094,-0.180893,-0.0738931,1.22914,4.38601,0.0721741,0.561326,1.1914,4.36744,1.19109,4.3596,669,1997,1.19119,4.35924,0,178.061,179.25
104348,-0.0756729,0.0216841,1.00402,-0.0253592,0.0023129,-0.0128243,1.23724,4.30923,0.0714074,0.559174,1.18547,4.3582,1.18707,4.35452,668,1997,1.18719,4.35414,0,177.896,179.102
104368,-0.0741258,0.0216841,1.00384,0.020442,0.0252137,-0.0815266,1.23747,4.22221,0.0718926,0.558396,1.18448,4.33617,1.18624,4.3421,669,1998,1.18636,4.34173,0,177.828,179.04
104388,-0.0795097,0.020093,1.00645,-0.0787945,-0.287763,0.0177101,1.14371,4.51608,0.0713854,0.55519,1.18843,4.36331,1.18797,4.3555,668,1997,1.18812,4.35512,0,178.095,179.281
104410,-0.0801905,0.0220513,1.00505,0.00517464,0.109183,-0.0357251,1.25689,4.56071,0.0711377,0.553893,1.18958,4.38182,1.18836,4.36667,669,1997,1.18852,4.3663,0,178.063,179.242
104430,-0.0736307,0.0187466,1.00366,0.05861,-0.142725,-0.0586258,1.07007,4.19512,0.0714703,0.552,1.18676,4.36715,1.18704,4.35981,668,1996,1.18721,4.35945,0,177.925,179.115
104450,-0.0731356,0.0205214,1.00347,-0.0482597,-0.0663893,0.0864123,1.17156,4.16762,0.0714822,0.547802,1.17756,4.32685,1.18133,4.33594,669,1997,1.18151,4.3356,0,178.086,179.268
104470,-0.0787671,0.0198482,1.00165,-0.0177259,-0.00532055,0.0177101,1.1352,4.49547,0.0712193,0.549406,1.17659,4.34231,1.17987,4.34431,669,2001,1.18005,4.34397,0,178.221,179.391
104490,-0.075611,0.0206438,1.00329,-0.0177259,-0.0969236,-0.0738931,1.17876,4.30893,0.0713533,0.547986,1.17771,4.34947,1.17982,4.34796,668,1996,1.18,4.34763,0,178.189,179.357
104512,-0.0741258,0.0188078,1.00335,0.00517464,-0.0969236,-0.112061,1.07389,4.22449,0.0724034,0.546979,1.17347,4.33498,1.17729,4.33958,668,1997,1.17748,4.33925,0,178.186,179.355
104532,-0.0741877,0.0198482,1.00609,0.0357094,-0.127458,-0.0509923,1.13019,4.21646,0.0729649,0.545194,1.17223,4.33112,1.17589,4.33611,669,1996,1.17609,4.33578,0,178.284,179.445
104552,-0.0759204,0.0202766,1.00524,0.0128088,-0.0663893,0.0406108,1.15555,4.31818,0.0743203,0.543881,1.17403,4.33102,1.17663,4.33483,668,1997,1.17685,4.33447,0,178.147,179.315
104572,-0.0752397,0.0210722,1.00493,0.0815105,-0.180893,0.0329772,1.20124,4.28083,0.0757673,0.541515,1.17124,4.34391,1.1748,4.34111,668,1997,1.17504,4.34074,0,178.214,179.376
104592,-0.0754253,0.020093,1.0053,-0.00245857,-0.0129542,0.0329772,1.14502,4.28989,0.075657,0.541119,1.17874,4.33832,1.17824,4.33825,668,1997,1.17849,4.3379,0,178.452,179.601
104614,-0.075611,0.0226633,1.00627,0.112045,-0.0511222,-0.0280915,1.2902,4.29603,0.0756842,0.540371,1.18511,4.33355,1.18138,4.33534,668,1997,1.18164,4.33501,0,178.177,179.35
104634,-0.0761061,0.0217453,1.00633,0.0280762,0.0404809,0.00244284,1.23788,4.32388,0.076032,0.540127,1.18514,4.33727,1.18157,4.33732,669,1996,1.1818,4.33696,0,178.207,179.377
104654,-0.0780245,0.0207662,1.00718,-0.0177259,-0.165626,0.0406108,1.18116,4.4288,0.0757844,0.5377,1.18,4.33222,1.1785,4.33346,668,1996,1.17874,4.3331,0,178.513,179.651
104674,-0.0771581,0.0211946,1.00274,-0.0482597,0.559565,-0.0128243,1.21086,4.39909,0.0750634,0.539548,1.18898,4.34159,1.18314,4.33961,669,1997,1.18342,4.33925,0,178.582,179.718
104694,-0.0783958,0.0210722,1.00445,0.020442,0.139718,-0.0662594,1.20182,4.46184,0.0742814,0.544831,1.19216,4.36478,1.18499,4.35571,669,1997,1.18527,4.35536,0,178.684,179.823
104715,-0.0754253,0.0192974,1.00737,0.0280762,-0.150359,-0.104427,1.09744,4.28118,0.0748582,0.542587,1.17904,4.35981,1.17817,4.35351,669,1997,1.17843,4.35317,0,178.752,179.882
104735,-0.0792003,0.0207662,1.00645,0.020442,-0.180893,0.0100764,1.18202,4.49852,0.0759846,0.542755,1.15994,4.35629,1.16725,4.35241,669,1997,1.16753,4.35206,0,178.48,179.628
104755,-0.076663,0.0217453,1.00274,-0.0100918,-0.318298,-0.0204579,1.24231,4.37093,0.0762408,0.538405,1.17458,4.36139,1.17435,4.35449,669,1997,1.17464,4.35415,0,178.507,179.663
104775,-0.0768487,0.0212557,1.00566,0.020442,-0.0129542,0.0100764,1.21083,4.36884,0.0776267,0.533825,1.19175,4.36361,1.18452,4.35516,669,1997,1.18481,4.35479,0,178.505,179.673
104795,-0.0763536,0.0193586,1.00615,-0.0100918,-0.104557,-0.0815266,1.10225,4.33888,0.0775775,0.531261,1.19315,4.3542,1.1858,4.35016,669,1997,1.18609,4.34979,0,178.41,179.584
104817,-0.0776532,0.0197258,1.00299,-0.0100918,-0.112191,0.0482444,1.1267,4.42627,0.0784291,0.529231,1.18201,4.35779,1.18015,4.35232,669,1997,1.18047,4.35195,0,178.505,179.662
104837,-0.0765393,0.0209498,1.00718,0.134946,-0.203794,0.0177101,1.1916,4.3448,0.0795861,0.527094,1.17899,4.35482,1.17866,4.351,669,1997,1.179,4.35062,0,178.645,179.791
104857,-0.0759204,0.0216841,1.00475,0.0815105,-0.0816565,-0.0357251,1.23634,4.32014,0.0807735,0.524545,1.18545,4.34498,1.18239,4.3454,669,1997,1.18274,4.34502,0,178.547,179.711
104877,-0.0783958,0.0199094,1.00828,0.020442,-0.0511222,-0.0586258,1.13121,4.44505,0.0815335,0.525766,1.18781,4.3427,1.18398,4.34497,669,1997,1.18435,4.34458,0,178.377,179.554
104897,-0.075611,0.0243768,1.00639,0.0891447,0.0710154,0.00244284,1.38754,4.29534,0.0816981,0.526026,1.19919,4.33752,1.19055,4.34248,669,1997,1.19093,4.3421,0,178.647,179.808
104919,-0.0753016,0.0202766,1.0056,0.05861,0.0786488,-0.119695,1.15513,4.28157,0.0819848,0.526393,1.20194,4.32533,1.19297,4.33557,669,1997,1.19337,4.33521,0,178.644,179.809
104939,-0.0775294,0.0205826,1.00548,0.14258,-0.348832,0.0253437,1.1727,4.40825,0.0829891,0.52305,1.19457,4.34139,1.19002,4.34263,669,1997,1.19039,4.3423,0,178.614,179.775
104959,-0.0751778,0.0218677,1.007,0.0433426,-0.157992,0.0253437,1.24402,4.2685,0.0845735,0.517692,1.20484,4.33484,1.19696,4.33715,668,1997,1.19734,4.33682,0,178.552,179.722
104979,-0.076663,0.0201542,1.00688,0.0509768,0.0252137,0.0406108,1.14671,4.35318,0.0855472,0.515341,1.19846,4.32411,1.19439,4.33017,669,1997,1.19481,4.32987,0,178.414,179.587
104999,-0.0783339,0.0216229,1.00767,-0.109328,-0.119824,-0.0586258,1.22928,4.44408,0.0851927,0.513571,1.20313,4.35251,1.19724,4.34559,668,2001,1.19768,4.34526,0,178.815,179.959
105021,-0.0759204,0.0226021,1.00505,0.0738773,-0.127458,0.0100764,1.28827,4.31875,0.085113,0.511373,1.2132,4.35447,1.20344,4.34754,668,1998,1.20385,4.34721,0,178.984,-179.875
105041,-0.0759823,0.0227245,1.00049,0.119678,-0.0282214,0.0253437,1.30115,4.34188,0.0868501,0.510671,1.22733,4.34507,1.21342,4.34331,669,1998,1.21384,4.34296,0,178.883,-179.961
105061,-0.075611,0.0197258,1.00432,0.0433426,0.0252137,-0.00519073,1.12519,4.30459,0.0881597,0.511053,1.21892,4.35598,1.21105,4.35089,668,1998,1.21145,4.35053,0,178.782,179.943
105081,-0.0731975,0.0193586,1.00347,-0.00245857,0.0404809,0.0329772,1.10519,4.17123,0.0890418,0.509878,1.1991,4.33111,1.20092,4.33754,669,1997,1.2013,4.33718,0,178.546,179.72
105101,-0.075054,0.0200318,1.00457,0.0662441,-0.0205877,-0.0738931,1.14237,4.27194,0.0893438,0.510535,1.18511,4.31895,1.19261,4.33054,669,1997,1.19298,4.33018,0,178.581,179.737
105123,-0.075611,0.0202154,1.00025,0.0128088,0.0862825,-0.0738931,1.15781,4.32202,0.0890961,0.511253,1.18654,4.30276,1.19219,4.32057,669,1997,1.19255,4.32019,0,178.744,179.888
105143,-0.0725168,0.0206438,1.00621,-0.0177259,-0.0282214,0.00244284,1.17533,4.12127,0.0888943,0.513085,1.1997,4.30439,1.19878,4.32079,668,1997,1.19916,4.3204,0,178.849,179.997
105163,-0.0752397,0.0156256,1.00384,-0.0711613,0.284756,-0.0509923,0.891785,4.2859,0.0886924,0.516597,1.17424,4.2932,1.18426,4.31399,668,1997,1.18464,4.31359,0,178.849,179.986
105183,-0.0758585,0.0265799,1.00232,-0.0787945,0.277122,-0.0280915,1.51904,4.32656,0.0889486,0.519269,1.20964,4.2778,1.20281,4.30387,668,1997,1.2032,4.30348,0,178.846,-179.995
105203,-0.0818614,0.019481,1.00718,-0.109328,-0.00532055,-0.0738931,1.10808,4.64577,0.0868842,0.527483,1.21856,4.35851,1.20813,4.35063,668,1997,1.2085,4.35024,0,178.746,179.916
105225,-0.0733213,0.019481,1.00359,0.0433426,-0.0511222,-0.0357251,1.11204,4.17774,0.0876747,0.524598,1.19069,4.31834,1.19352,4.32753,669,1997,1.1939,4.32714,0,178.674,179.836
105245,-0.0774675,0.0205214,1.00542,-0.0177259,0.284756,-0.0967938,1.16929,4.40502,0.0887858,0.528507,1.18841,4.33004,1.19214,4.33469,668,1997,1.19251,4.33431,0,178.88,-179.971
105265,-0.0791384,0.0252948,1.00518,0.0357094,-0.00532055,-0.0204579,1.44152,4.50024,0.0887061,0.529378,1.23068,4.35151,1.21569,4.34695,669,1997,1.21605,4.34659,0,178.919,-179.914
105285,-0.0777151,0.0220513,1.01029,-0.109328,-0.00532055,-0.0815266,1.25038,4.39769,0.0873898,0.529897,1.24413,4.36784,1.22503,4.35747,668,1997,1.22538,4.3571,0,178.883,-179.947
105305,-0.0735069,0.0195422,1.00366,-0.0406265,-0.0129542,-0.0509923,1.11547,4.18803,0.0869437,0.528035,1.22704,4.34117,1.21768,4.34294,669,1997,1.21803,4.34257,0,178.812,179.983
105327,-0.0769725,0.0193586,1.00512,-0.0864277,-0.0205877,-0.0586258,1.10339,4.37839,0.085322,0.530707,1.19165,4.34839,1.19775,4.34815,669,1997,1.1981,4.34778,0,178.709,179.874
105347,-0.0740639,0.0225409,1.00609,-0.0100918,-0.142725,0.00244284,1.28347,4.20922,0.0852728,0.528448,1.1899,4.33144,1.19557,4.33778,668,1997,1.1959,4.3374,0,178.778,179.929
105367,-0.0799429,0.0221737,1.00384,-0.0329933,0.39926,0.0100764,1.2654,4.55217,0.085361,0.532174,1.21397,4.34115,1.2088,4.34393,669,1997,1.2091,4.34352,0,178.711,179.883
105387,-0.0742495,0.020399,1.00828,0.00517464,-0.127458,-0.0586258,1.15902,4.21079,0.0850981,0.533365,1.22027,4.35318,1.21331,4.35167,668,1997,1.2136,4.35124,0,178.64,179.831
105407,-0.0774675,0.0199706,1.00585,-0.0329933,0.193153,-0.0280915,1.13743,4.40321,0.0859803,0.534541,1.2066,4.34996,1.20673,4.35057,668,1996,1.20702,4.35017,0,178.504,179.691
105429,-0.0774675,0.0237648,1.00432,0.0433426,-0.0129542,0.0329772,1.35551,4.40949,0.0867708,0.535015,1.19575,4.35619,1.2005,4.35452,669,1997,1.20077,4.35411,0,178.34,179.535
105449,-0.0774057,0.0226633,1.00846,-0.0177259,-0.0511222,0.0482444,1.2874,4.38809,0.087546,0.533474,1.21438,4.37078,1.21118,4.36292,669,1997,1.21143,4.3625,0,178.513,179.707
105469,-0.0728881,0.0259068,1.00579,-0.0177259,-0.318298,0.00244284,1.47548,4.14354,0.0875579,0.529886,1.26041,4.35153,1.23835,4.35192,668,1996,1.23858,4.35149,0,178.511,179.727
105489,-0.0808712,0.0185019,1.00804,-0.116962,0.177886,0.0100764,1.05151,4.58604,0.0867454,0.531383,1.25495,4.34926,1.23848,4.35096,668,1996,1.2387,4.35053,0,178.405,179.63
105509,-0.0762917,0.0164823,1.00536,-0.0482597,-0.287763,-0.0586258,0.93925,4.33899,0.0856428,0.530757,1.20864,4.37885,1.21385,4.3682,668,2001,1.21407,4.36776,0,178.611,179.794
105531,-0.0768487,0.0213169,1.00396,-0.0253592,0.12445,0.0482444,1.21637,4.37622,0.0851814,0.529903,1.19613,4.35126,1.20593,4.3535,668,1997,1.20615,4.35306,0,178.683,179.848
105551,-0.0814282,0.0254172,1.00378,0.0738773,-0.0816565,-0.0891602,1.45051,4.6363,0.084949,0.530911,1.22153,4.39007,1.21941,4.3764,668,1997,1.21963,4.37594,0,178.477,179.674
105571,-0.0755491,0.0222961,1.00402,-0.0711613,-0.0282214,-0.0815266,1.27215,4.30215,0.0863502,0.527385,1.24777,4.39597,1.23593,4.38101,669,1997,1.23615,4.38055,0,178.645,179.844
105591,-0.0725786,0.0213169,1.00396,0.0128088,-0.165626,-0.0433587,1.21637,4.13393,0.0860415,0.526301,1.22046,4.35888,1.22191,4.36181,668,1997,1.2221,4.36135,0,178.61,179.802
105611,-0.0797573,0.0219901,1.00341,-0.00245857,0.0862825,-0.104427,1.25546,4.54358,0.0862977,0.525645,1.21935,4.34863,1.22164,4.35541,669,1997,1.22181,4.35495,0,178.411,179.616
105633,-0.0747446,0.0226633,1.00493,-0.0406265,-0.341198,-0.0433587,1.29192,4.25262,0.0862943,0.523478,1.22016,4.36254,1.22227,4.36276,669,2001,1.22243,4.36232,0,178.516,179.707
105653,-0.0716504,0.0208274,1.00372,0.0128088,0.10155,0.0635116,1.18873,4.08226,0.0861382,0.519982,1.22194,4.30448,1.22356,4.32829,669,1997,1.22367,4.32787,0,178.59,179.77
105672,-0.0758585,0.0237036,1.00378,-0.00245857,0.154985,0.0253437,1.35276,4.3206,0.0868982,0.521478,1.23279,4.28465,1.23007,4.31449,669,1997,1.23017,4.31407,0,178.553,179.741
105692,-0.0822946,0.0211946,1.00146,-0.0329933,-0.0740228,-0.0738931,1.2124,4.69663,0.0857193,0.523525,1.24738,4.36504,1.23903,4.35822,669,1999,1.2391,4.35781,0,178.613,179.815
105712,-0.0700414,0.0198482,1.00505,-0.101695,-0.188527,-0.0662594,1.13135,3.98567,0.0850136,0.518869,1.23772,4.33778,1.23483,4.34246,669,1997,1.23488,4.34206,0,178.64,179.84
105734,-0.0783958,0.0202766,1.00256,0.0738773,0.254221,0.0253437,1.15864,4.47027,0.0842011,0.522747,1.20209,4.33803,1.21462,4.34351,669,1997,1.21465,4.34312,0,178.711,179.885
105754,-0.0779007,0.02505,0.999639,0.173114,-0.0816565,-0.104427,1.43548,4.4546,0.0852511,0.523496,1.21866,4.36629,1.2232,4.35991,669,2001,1.2232,4.35951,0,178.684,179.856
105774,-0.0753635,0.0227245,1.00329,0.05861,-0.00532055,0.0787787,1.29753,4.29468,0.0862554,0.523557,1.23894,4.35843,1.23526,4.35683,669,1997,1.23527,4.35643,0,178.447,179.656
105794,-0.0791384,0.0183795,1.00804,0.0128088,0.170252,-0.0815266,1.04455,4.4882,0.0874123,0.526291,1.23995,4.3567,1.23759,4.35725,669,1997,1.23759,4.35683,0,178.511,179.733
105814,-0.076663,0.0189302,1.00505,-0.00245857,-0.104557,-0.0357251,1.07904,4.36116,0.088783,0.526703,1.20447,4.37047,1.21834,4.36597,669,1997,1.21833,4.36554,0,178.61,179.801
105836,-0.0765393,0.0206438,1.00652,0.00517464,-0.112191,-0.180763,1.17498,4.34771,0.0892987,0.525192,1.19042,4.35791,1.20893,4.35917,669,1997,1.20888,4.35873,0,178.615,179.792
105856,-0.075611,0.024132,1.00518,0.00517464,-0.0282214,-0.0891602,1.37528,4.30054,0.0893259,0.52478,1.20032,4.34433,1.2123,4.35133,670,1997,1.21225,4.35088,0,178.786,179.948
105876,-0.0747446,0.020399,1.00299,-0.0100918,-0.0434885,-0.0280915,1.16514,4.26105,0.0894141,0.523407,1.21799,4.33315,1.22148,4.34384,669,1997,1.22141,4.3434,0,178.715,179.884
105896,-0.0846462,0.0205826,1.00487,0.0357094,0.284756,-0.19603,1.17341,4.81398,0.0889832,0.526949,1.2127,4.37538,1.21814,4.36827,668,2001,1.21807,4.36783,0,178.581,179.763
105916,-0.0767249,0.0224185,1.00755,0.157846,-0.417534,-0.0967938,1.27465,4.3536,0.0901554,0.527759,1.21752,4.45517,1.22078,4.41684,668,1997,1.22071,4.41641,0,178.514,179.706
105938,-0.0494337,0.0186243,0.994588,0.00517464,-0.173259,-0.00519073,1.07277,2.84492,0.093236,0.498584,1.24341,4.14771,1.23718,4.23308,668,1997,1.23711,4.23268,0,178.477,179.69
105958,-0.0968375,0.021011,1.00938,-0.101695,0.689336,0.0864123,1.19248,5.47889,0.0896907,0.526538,1.20678,4.27498,1.21537,4.30507,668,1999,1.21528,4.30466,0,178.442,179.64
105978,-0.0765393,0.0243156,1.00098,0.0509768,-0.845015,0.0635116,1.39155,4.3713,0.0904354,0.516875,1.23007,4.38515,1.22807,4.36214,668,1997,1.22797,4.36175,0,178.509,179.706
105998,-0.0717123,0.020093,1.00493,-0.0864277,0.490863,-0.165496,1.14544,4.08091,0.0895465,0.519165,1.23271,4.33557,1.22995,4.33763,668,1997,1.22984,4.33723,0,178.579,179.77
106018,-0.0747446,0.0249276,1.00402,0.0967779,-0.0587556,0.0253437,1.42223,4.25624,0.0898943,0.521257,1.26017,4.28529,1.24649,4.30892,669,1997,1.24636,4.30851,0,178.649,179.859
106040,-0.0830991,0.019481,1.0067,-0.0253592,0.12445,0.0329772,1.10862,4.71797,0.0892039,0.527288,1.2374,4.37775,1.23534,4.36173,669,1997,1.23521,4.36133,0,178.647,179.85
106060,-0.0728262,0.0208274,1.00213,0.0662441,-0.211427,-0.0280915,1.19061,4.15555,0.0911242,0.521411,1.23389,4.35998,1.23466,4.35159,668,1997,1.23451,4.3512,0,178.684,179.874
106080,-0.075054,0.0225409,1.00749,0.00517464,0.31529,-0.0128243,1.28168,4.25938,0.0904643,0.525717,1.22434,4.33125,1.22904,4.33774,668,1998,1.22886,4.33736,0,178.686,179.879
106100,-0.0761061,0.0221125,1.00512,0.0509768,-0.104557,0.0635116,1.2603,4.32906,0.0906136,0.527824,1.23353,4.33824,1.23415,4.34188,668,1997,1.23396,4.34149,0,178.586,179.794
106120,-0.0776532,0.0205826,1.0056,-0.0253592,0.20842,-0.0357251,1.17256,4.41473,0.0909004,0.529763,1.23051,4.3444,1.23279,4.34567,669,1997,1.23259,4.34529,0,178.521,179.724
106142,-0.0762298,0.0193586,1.0056,0.020442,0.10155,-0.0280915,1.10285,4.33422,0.0904848,0.53068,1.20672,4.33914,1.21868,4.34292,668,1997,1.2185,4.34256,0,178.477,179.683
106162,-0.0712791,0.0229081,1.00153,0.00517464,0.0710154,-0.0357251,1.31031,4.06984,0.0908631,0.531169,1.21627,4.31508,1.22287,4.32908,669,1998,1.22268,4.32872,0,178.611,179.812
106182,-0.076168,0.0227857,1.007,-0.0177259,0.361092,0.00244284,1.29622,4.32442,0.0907376,0.534681,1.2263,4.29035,1.22804,4.31397,668,1997,1.22785,4.31362,0,178.442,179.654
106202,-0.0751778,0.0186855,1.00457,0.00517464,0.12445,0.0253437,1.06561,4.27907,0.0897418,0.54033,1.2053,4.31297,1.21556,4.32623,668,1997,1.21533,4.32589,0,178.41,179.604
106222,-0.0748065,0.0188078,1.0042,-0.116962,0.139718,0.0406108,1.07297,4.25954,0.0891125,0.541689,1.18837,4.30686,1.20408,4.32112,669,1997,1.20387,4.32079,0,178.515,179.693
106244,-0.0774057,0.025968,1.00627,-0.0482597,0.162618,-0.0967938,1.47825,4.39725,0.0880099,0.548988,1.21538,4.34279,1.21715,4.34257,668,1997,1.21693,4.34225,0,178.451,179.646
106264,-0.0774675,0.0188078,1.00098,0.00517464,0.0328474,0.0406108,1.07643,4.42463,0.0884034,0.550377,1.22371,4.35593,1.22239,4.3504,668,1996,1.22215,4.35008,0,178.621,179.808
106284,-0.076663,0.018869,1.00554,-0.0100918,0.261855,0.0406108,1.07503,4.35906,0.088736,0.555095,1.19421,4.35851,1.20562,4.35424,669,2001,1.20537,4.35393,0,178.616,179.797
106304,-0.0806856,0.0227245,1.00189,-0.0177259,0.162618,-0.0891602,1.29934,4.6031,0.088473,0.557523,1.19406,4.38559,1.20367,4.37085,669,1997,1.2034,4.37055,0,178.579,179.762
106324,-0.0717123,0.0234589,1.00146,-0.0329933,-0.211427,-0.0586258,1.34188,4.09469,0.0885918,0.558974,1.21259,4.38743,1.21316,4.37473,668,1996,1.21288,4.37444,0,178.512,179.706
106346,-0.0742495,0.0158704,1.00311,-0.0406265,0.261855,-0.0509923,0.906412,4.23276,0.0888938,0.561463,1.18366,4.36072,1.19685,4.36158,668,1996,1.19656,4.3613,0,178.344,179.535
106366,-0.0784577,0.0176451,1.00232,-0.0100918,0.238954,-0.0357251,1.00855,4.47509,0.0891347,0.565433,1.15429,4.3737,1.17802,4.37011,668,1997,1.17775,4.36983,0,178.417,179.578
106386,-0.0749922,0.0236425,1.00274,0.112045,-0.00532055,-0.104427,1.35066,4.27584,0.0913145,0.565189,1.16445,4.3677,1.18102,4.36697,668,2001,1.18075,4.36674,0,178.592,179.739
106406,-0.0802524,0.0238872,1.00219,-0.0482597,-0.0969236,-0.134962,1.36538,4.57699,0.0917692,0.57032,1.19725,4.38544,1.19749,4.37895,669,1997,1.19724,4.37874,0,178.59,179.753
106426,-0.0767249,0.0209498,1.00426,-0.0177259,0.0023129,-0.0815266,1.19506,4.36792,0.0917047,0.572137,1.21549,4.39377,1.2077,4.38528,668,1996,1.20747,4.38508,0,178.618,179.789
106448,-0.0735069,0.0223573,1.00268,-0.00245857,0.20842,-0.0891602,1.27734,4.19183,0.0921441,0.572779,1.2218,4.35379,1.21208,4.36323,668,1996,1.21182,4.36303,0,178.587,179.761
106468,-0.0790766,0.0192974,1.00785,0.104412,0.223687,0.00244284,1.09691,4.48544,0.0934995,0.578672,1.20833,4.37663,1.20598,4.37722,668,2001,1.20574,4.37704,0,178.563,179.722
106488,-0.0754253,0.0213781,1.00195,0.0891447,0.246588,-0.104427,1.22231,4.30404,0.0932519,0.582215,1.18516,4.39274,1.19205,4.38783,668,1996,1.19182,4.38768,0,178.529,179.684
106508,-0.0767868,0.0215005,1.00384,0.0128088,0.20842,0.0253437,1.22699,4.37322,0.0939202,0.584765,1.19599,4.37562,1.19739,4.37927,668,2001,1.19718,4.37912,0,178.623,179.789
106528,-0.080438,0.0206438,1.00664,-0.0940619,0.177886,-0.104427,1.17484,4.56771,0.0931077,0.589712,1.1966,4.41154,1.19679,4.40129,668,1997,1.19662,4.40116,0,178.593,179.75
106550,-0.0701651,0.0184407,1.0008,-0.0406265,-0.0205877,-0.112061,1.05561,4.00973,0.0931806,0.588399,1.18061,4.41353,1.18725,4.40372,669,1996,1.18709,4.4036,0,178.528,179.669
106570,-0.0780864,0.0193586,1.00347,0.0891447,-0.135092,-0.0815266,1.10519,4.44875,0.0931925,0.590827,1.16015,4.39503,1.17386,4.39505,669,1998,1.17371,4.39496,0,178.619,179.759
106590,-0.0722692,0.0221737,1.00603,0.0433426,0.0481145,0.00244284,1.26264,4.10786,0.0946396,0.581164,1.1729,4.3696,1.17918,4.37693,668,1997,1.17905,4.37685,0,178.485,179.639
106609,-0.0757967,0.0226633,1.00402,0.0662441,-0.219061,-0.0738931,1.29309,4.31615,0.0949263,0.583729,1.20251,4.36213,1.19508,4.37235,669,1997,1.19498,4.3723,0,178.287,179.463
106629,-0.0811806,0.0186243,1.00615,0.0738773,-0.127458,-0.0586258,1.06045,4.6121,0.0952893,0.583592,1.19801,4.37505,1.19308,4.37779,669,1997,1.19301,4.37775,0,178.426,179.594
106651,-0.0796335,0.0210722,1.00718,0.0967779,-0.0205877,-0.0357251,1.19856,4.51973,0.0971791,0.582982,1.19541,4.38985,1.19244,4.38516,669,1995,1.19236,4.38513,0,178.395,179.558
106671,-0.0736307,0.020093,1.00238,0.0128088,0.0481145,0.0482444,1.14836,4.20034,0.0973589,0.57973,1.19774,4.37407,1.19356,4.37526,669,1998,1.19351,4.37523,0,178.361,179.525
106691,-0.077777,0.0227857,1.00396,0.00517464,-0.0282214,0.0482444,1.30015,4.42873,0.0974471,0.580143,1.19856,4.35727,1.19389,4.36505,669,1997,1.19385,4.36504,0,178.328,179.5
106711,-0.0803761,0.0219901,1.00299,-0.0329933,0.170252,-0.0891602,1.25599,4.58062,0.0980239,0.580968,1.21231,4.37475,1.20209,4.37396,669,1997,1.20206,4.37397,0,178.299,179.475
106731,-0.0780245,0.0206438,1.00499,0.0433426,-0.0740228,0.0329772,1.17676,4.43842,0.0985244,0.5808,1.22387,4.39463,1.20986,4.38528,669,1997,1.20984,4.3853,0,178.637,179.789
106753,-0.0757348,0.0213781,1.00579,-0.0787945,0.0633817,-0.0891602,1.21765,4.30523,0.0998492,0.579869,1.21817,4.36955,1.20835,4.37133,669,1997,1.20834,4.37134,0,178.428,179.603
106773,-0.078829,0.0215005,1.00341,-0.0100918,0.132084,-0.0891602,1.22751,4.49096,0.098823,0.582496,1.21817,4.37134,1.20886,4.37264,669,1997,1.20886,4.37267,0,178.164,179.351
106793,-0.0787671,0.0217453,1.007,0.020442,-0.00532055,-0.0738931,1.23706,4.4715,0.0992013,0.583305,1.21754,4.38842,1.20941,4.38225,669,1997,1.2094,4.38232,0,178.24,179.417
106813,-0.0769106,0.0237648,1.00073,0.0280762,0.0939159,-0.0128243,1.36037,4.39355,0.0994422,0.584756,1.22071,4.3861,1.21192,4.38197,669,1998,1.21193,4.38205,0,178.235,179.424
106833,-0.0712172,0.0232753,1.00153,0.0128088,-0.707611,0.0100764,1.3313,4.06629,0.101133,0.576894,1.23476,4.37778,1.22154,4.37451,669,1997,1.22156,4.37457,0,178.437,179.623
106855,-0.0753635,0.0216841,1.00572,-0.109328,-0.104557,-0.0586258,1.23515,4.28443,0.100214,0.580146,1.22467,4.36595,1.21691,4.36886,668,1998,1.21694,4.36893,0,178.235,179.432
106875,-0.0796335,0.0199706,1.00572,0.0280762,-0.0282214,-0.0357251,1.13757,4.52636,0.10047,0.579216,1.20953,4.37905,1.20914,4.37511,669,1993,1.20918,4.37521,0,178.206,179.393
106895,-0.0779007,0.0218065,1.00305,-0.0329933,-0.165626,-0.0433587,1.24543,4.43987,0.10062,0.578361,1.21194,4.39273,1.21042,4.38283,668,1997,1.21048,4.38291,0,178.403,179.57
106915,-0.0779626,0.0227857,1.0025,0.112045,-0.135092,-0.0509923,1.30204,4.4457,0.101425,0.576896,1.23471,4.3922,1.2241,4.38264,668,1998,1.22415,4.38272,0,178.162,179.365
106935,-0.076663,0.0185631,1.00323,-0.0482597,-0.0511222,-0.0128243,1.06004,4.36909,0.101147,0.573568,1.22606,4.38787,1.22052,4.37989,668,1997,1.22061,4.37996,0,178.233,179.424
106957,-0.0775913,0.0193586,1.0039,0.00517464,-0.112191,-0.0357251,1.10472,4.41879,0.100457,0.572133,1.20606,4.38534,1.20929,4.37862,669,1997,1.20939,4.3787,0,177.97,179.169
106977,-0.0769725,0.0187466,1.00378,0.00517464,-0.0129542,0.0558779,1.06994,4.38426,0.101507,0.570683,1.19863,4.38015,1.20491,4.37567,669,2001,1.205,4.37575,0,178.201,179.377
106997,-0.0777151,0.0225409,1.00445,0.00517464,0.0862825,-0.0509923,1.28557,4.42311,0.101335,0.570638,1.20069,4.37458,1.20486,4.37286,667,1998,1.20496,4.37297,0,178.266,179.441
107017,-0.0770962,0.0211946,1.00615,-0.0329933,0.0557482,-0.180763,1.20676,4.38076,0.101531,0.571906,1.19848,4.38466,1.20297,4.37954,668,1997,1.20307,4.37966,0,178.13,179.321
107037,-0.0769725,0.0208274,1.00579,0.020442,0.0175803,-0.0280915,1.18629,4.37537,0.100306,0.572349,1.19578,4.38784,1.20013,4.38222,668,1997,1.20023,4.38232,0,178.129,179.322
107059,-0.0781483,0.0213781,1.00591,0.134946,-0.0129542,-0.0128243,1.2175,4.44135,0.100531,0.572945,1.1929,4.40063,1.19766,4.39065,669,1997,1.19778,4.39076,0,177.999,179.196
107079,-0.0770344,0.0211334,1.00335,-0.0482597,0.0023129,0.0329772,1.20663,4.38942,0.100879,0.572441,1.19289,4.38108,1.19684,4.38051,669,1998,1.19697,4.3806,0,178.062,179.254
107099,-0.0782102,0.0222349,1.00518,0.157846,-0.0816565,-0.142595,1.2672,4.44799,0.101716,0.572121,1.2006,4.38753,1.20069,4.38406,668,1997,1.20081,4.38413,0,178.093,179.285
107119,-0.0754253,0.0214393,1.00305,-0.00245857,-0.226695,-0.104427,1.22447,4.29936,0.102155,0.570595,1.2127,4.40162,1.20761,4.3924,668,1997,1.20777,4.39249,0,178.035,179.229
107139,-0.0747446,0.018869,1.00579,-0.0253592,0.00994658,-0.00519073,1.07477,4.24936,0.101556,0.569359,1.20495,4.37356,1.20336,4.37699,667,1997,1.20353,4.37707,0,178.302,179.469
107161,-0.077777,0.0202766,1.0081,0.0280762,0.0328474,-0.0357251,1.15228,4.41087,0.101186,0.569939,1.18972,4.3811,1.19425,4.38114,669,1997,1.19443,4.3812,0,178.431,179.589
107181,-0.0799429,0.0224797,1.00645,-0.0482597,0.0862825,-0.0586258,1.27952,4.54036,0.101488,0.571878,1.19754,4.4041,1.19776,4.39521,668,1997,1.19799,4.39527,0,178.23,179.412
107201,-0.0746827,0.0196646,1.00481,0.112045,-0.0511222,-0.0586258,1.12116,4.24989,0.101042,0.571406,1.19529,4.39015,1.1962,4.38835,668,1996,1.19642,4.38839,0,177.963,179.16
107221,-0.0761061,0.0209498,1.00542,0.0662441,0.10155,-0.0204579,1.19369,4.32786,0.101268,0.572047,1.19714,4.35762,1.19695,4.37011,668,1996,1.19718,4.37014,0,177.872,179.078
107241,-0.0759823,0.0215005,1.00414,-0.0482597,0.147351,0.00244284,1.22662,4.32627,0.101051,0.57359,1.18605,4.34451,1.18992,4.36151,669,1997,1.19014,4.36153,0,178.042,179.232
107263,-0.0793241,0.0245604,1.00372,0.00517464,0.154985,-0.19603,1.40172,4.51737,0.102147,0.576018,1.20513,4.36513,1.20035,4.37213,668,1997,1.20058,4.37213,0,177.934,179.145
107283,-0.0764155,0.020093,1.00414,0.0433426,0.170252,-0.0662594,1.14634,4.35097,0.102357,0.578614,1.20708,4.36945,1.20199,4.37491,668,2001,1.20224,4.3749,0,177.905,179.112
107303,-0.0756729,0.0199094,1.00512,-0.0406265,0.162618,-0.0509923,1.13477,4.30471,0.101743,0.581332,1.20736,4.36508,1.20227,4.37271,668,2001,1.20252,4.37269,0,178.143,179.324
107323,-0.0749303,0.0211334,1.00499,-0.0177259,-0.0587556,-0.0433587,1.20466,4.26303,0.100839,0.582523,1.20665,4.35296,1.20172,4.36516,668,2001,1.20196,4.36514,0,178.167,179.351
107343,-0.0772819,0.0217453,1.00962,-0.0635271,0.0481145,-0.0357251,1.23385,4.37619,0.100454,0.583959,1.20052,4.35493,1.19829,4.36491,668,1996,1.19852,4.36489,0,178.061,179.261
107365,-0.0762917,0.0232141,1.00451,0.0738773,-0.0816565,-0.0738931,1.32386,4.34209,0.100618,0.584188,1.21773,4.36483,1.20828,4.36926,668,2001,1.20852,4.36924,0,178,179.214
107385,-0.0762917,0.0215005,1.00475,0.0357094,-0.0663893,-0.0204579,1.22588,4.3412,0.101851,0.583333,1.22803,4.36845,1.2158,4.37004,668,1996,1.21604,4.37006,0,178.066,179.28
107405,-0.0769106,0.0197258,1.00542,0.05861,-0.0434885,-0.0662594,1.12397,4.37354,0.102016,0.584372,1.22386,4.37348,1.21506,4.3728,669,1994,1.21529,4.37279,0,178.227,179.431
107425,-0.076663,0.0207662,1.00414,0.0280762,0.0862825,-0.0662594,1.18474,4.36495,0.103005,0.585014,1.21209,4.37836,1.20958,4.37562,668,1997,1.2098,4.37561,0,178.267,179.457
107445,-0.0774057,0.0198482,1.00414,0.0509768,0.0175803,-0.0128243,1.13238,4.40715,0.103673,0.586831,1.20917,4.38096,1.20853,4.37793,669,2001,1.20877,4.37795,0,178.204,179.388
107467,-0.0783339,0.0207662,1.00432,0.0128088,0.0328474,0.00244284,1.18452,4.4589,0.104082,0.587748,1.2165,4.40169,1.21303,4.39038,669,2001,1.21325,4.39041,0,178.07,179.267
107487,-0.0785815,0.0211334,1.00384,0.05861,0.0252137,0.0329772,1.20604,4.47506,0.104323,0.588939,1.22265,4.41038,1.21719,4.39726,669,2001,1.21742,4.3973,0,177.966,179.184
107507,-0.0767249,0.0187466,1.00329,-0.0100918,0.0557482,0.0787787,1.07046,4.37233,0.104992,0.587901,1.21106,4.40235,1.21159,4.39376,669,1997,1.21182,4.39381,0,178.104,179.305
107527,-0.0787671,0.0227857,1.00548,0.0738773,-0.0129542,-0.0357251,1.29818,4.47813,0.105049,0.588298,1.20637,4.40792,1.20854,4.39806,669,1998,1.20875,4.39811,0,178.105,179.304
107547,-0.0757967,0.0213169,1.00463,0.0815105,-0.0663893,0.0100764,1.21556,4.31368,0.106237,0.58723,1.21477,4.40305,1.21354,4.39613,669,1997,1.21372,4.39617,0,178.106,179.303
107568,-0.078272,0.0218677,1.00341,0.05861,-0.0205877,-0.0662594,1.24847,4.45932,0.107073,0.586375,1.21942,4.40526,1.21665,4.39785,669,1993,1.21683,4.39787,0,177.993,179.212
107588,-0.0759823,0.019481,1.00359,0.020442,-0.0282214,-0.0891602,1.11204,4.3288,0.106596,0.586971,1.20687,4.41461,1.20956,4.40463,669,2000,1.20973,4.40465,0,177.963,179.186
107608,-0.0759204,0.0215005,1.0025,0.00517464,0.00994658,0.0711452,1.22863,4.32982,0.106379,0.58775,1.1997,4.40834,1.20468,4.40273,667,1997,1.20486,4.40275,0,177.87,179.087
107628,-0.0756729,0.0232141,1.00098,0.00517464,-0.0740228,0.0329772,1.32853,4.32212,0.105093,0.586667,1.20496,4.39727,1.20628,4.39663,669,1997,1.20645,4.39664,0,177.803,179.013
107648,-0.0770962,0.0206438,1.00664,-0.0711613,0.0328474,-0.0662594,1.17484,4.3787,0.104983,0.58711,1.22013,4.38575,1.21483,4.39016,669,1997,1.215,4.39017,0,177.801,179.02
107670,-0.078272,0.0205214,1.00414,0.0280762,-0.104557,0.00244284,1.17078,4.45622,0.105194,0.588072,1.2114,4.40708,1.21034,4.40247,669,1998,1.21052,4.40248,0,177.794,179.024
107690,-0.0746208,0.0208886,1.0008,0.0433426,0.0404809,-0.119695,1.1957,4.26325,0.106076,0.586394,1.20843,4.37724,1.20904,4.38525,669,1997,1.20924,4.38525,0,177.865,179.099
107710,-0.0770344,0.0219901,1.00219,0.00517464,0.0252137,-0.0815266,1.25698,4.39438,0.105584,0.587325,1.21364,4.35747,1.21159,4.37301,669,1997,1.21179,4.37299,0,178.003,179.225
107730,-0.0795097,0.0246216,1.00153,-0.0329933,0.10155,-0.0891602,1.40828,4.53775,0.104481,0.587662,1.24761,4.39403,1.23093,4.39224,669,1997,1.2311,4.39221,0,177.964,179.197
107750,-0.0759823,0.0183183,1.00633,-0.0329933,0.10155,-0.134962,1.04284,4.31716,0.103974,0.587234,1.23803,4.39584,1.22774,4.39362,669,1997,1.22792,4.39359,0,178.002,179.223
107772,-0.0762298,0.0205214,1.00232,-0.0482597,0.0175803,0.0711452,1.17291,4.34827,0.103681,0.588136,1.20618,4.38355,1.21038,4.38724,669,1998,1.21053,4.3872,0,177.972,179.176
107792,-0.0769725,0.025662,1.00475,-0.0864277,0.0939159,-0.0891602,1.46305,4.37937,0.102822,0.587327,1.22736,4.39447,1.22153,4.39277,668,1998,1.22166,4.39271,0,177.939,179.159
107812,-0.0795097,0.0221737,1.00615,0.0509768,0.0633817,-0.0662594,1.26249,4.51724,0.102666,0.588671,1.23946,4.4166,1.22953,4.4062,668,1997,1.22966,4.40613,0,177.912,179.139
107832,-0.0762298,0.0193586,1.00396,-0.0100918,-0.0282214,-0.0280915,1.10466,4.34129,0.102556,0.589129,1.23152,4.42664,1.22654,4.41397,669,1998,1.22669,4.41391,0,177.813,179.042
107852,-0.072393,0.016054,1.00548,0.0433426,0.10155,0.0329772,0.914732,4.11757,0.103087,0.588534,1.20363,4.38312,1.21166,4.39055,668,1997,1.21181,4.39051,0,178.044,179.247
107874,-0.0794479,0.0224185,1.0028,-0.0253592,0.0862825,-0.0815266,1.28068,4.52871,0.10258,0.592397,1.18443,4.38887,1.19891,4.39424,669,1997,1.19906,4.3942,0,177.869,179.078
107894,-0.0753635,0.0227857,1.0042,-0.0406265,-0.127458,-0.0280915,1.29984,4.29079,0.102561,0.591466,1.19596,4.39983,1.20361,4.39982,668,1997,1.20373,4.39976,0,177.933,179.144
107914,-0.0787052,0.0227857,1.00183,-0.0864277,0.116817,-0.0204579,1.30291,4.49086,0.102512,0.591574,1.21001,4.40598,1.21074,4.4033,668,1998,1.21085,4.40327,0,178.337,179.526
107934,-0.079881,0.024132,1.00366,-0.0558939,-0.0434885,-0.0815266,1.37736,4.54928,0.102371,0.592383,1.23839,4.4249,1.22702,4.41521,668,1998,1.22712,4.41517,0,178.137,179.35
107954,-0.0741877,0.0185631,1.00615,-0.0406265,0.0328474,-0.104427,1.05696,4.21631,0.102124,0.591514,1.21727,4.40134,1.21653,4.40283,668,1997,1.21659,4.40277,0,177.774,179.002
107976,-0.0775913,0.0197258,1.00439,-0.0100918,0.177886,0.0253437,1.12513,4.41662,0.10209,0.593224,1.19344,4.39098,1.20274,4.39735,668,1997,1.20279,4.39727,0,177.682,178.907
107996,-0.0774057,0.0252336,1.00725,-0.0406265,-0.0282214,-0.0433587,1.43508,4.3931,0.101018,0.592858,1.21322,4.39612,1.21235,4.3995,668,1998,1.21237,4.3994,0,178.112,179.312
108016,-0.0743733,0.0215005,1.00554,0.0357094,-0.0205877,-0.0357251,1.22491,4.22913,0.101121,0.592065,1.23633,4.38859,1.22616,4.39471,668,1997,1.22619,4.39461,0,178.076,179.29
108036,-0.0764155,0.0197258,1.00548,-0.0864277,0.0710154,0.0253437,1.1239,4.34523,0.100431,0.59318,1.21783,4.38846,1.21667,4.39432,668,1997,1.2167,4.3942,0,177.708,178.948
108056,-0.0775294,0.0226633,1.00317,-0.0635271,0.0862825,0.0482444,1.29419,4.41817,0.0999998,0.595974,1.21402,4.39604,1.21425,4.39913,669,1997,1.21428,4.39901,0,177.805,179.034
108078,-0.0770962,0.0238872,1.00445,-0.0406265,-0.0282214,0.0100764,1.36232,4.38789,0.0995231,0.595394,1.24177,4.39421,1.23018,4.39757,669,1997,1.23021,4.39745,0,177.88,179.112
108098,-0.0744971,0.0206438,1.00505,0.020442,0.0252137,-0.0204579,1.17669,4.23826,0.0990465,0.596402,1.25244,4.39134,1.23814,4.39603,668,1997,1.23814,4.39592,0,177.778,179.026
108118,-0.0780245,0.0193586,1.00585,0.0509768,-0.0434885,-0.0815266,1.10258,4.43479,0.0996232,0.596891,1.23936,4.39444,1.23297,4.39724,668,1997,1.23295,4.39713,0,177.607,178.866
108138,-0.0764155,0.0221737,1.00299,-0.0329933,0.0252137,-0.0280915,1.26647,4.35577,0.0997115,0.597441,1.23545,4.40724,1.23164,4.40466,669,1999,1.23163,4.40453,0,177.811,179.047
108158,-0.0779626,0.0222349,1.00378,-0.0787945,0.0710154,0.0329772,1.26897,4.44012,0.0985631,0.598175,1.24443,4.39125,1.23722,4.39589,668,1997,1.23721,4.39575,0,178.039,179.266
108180,-0.0771581,0.0223573,1.00274,-0.0329933,-0.0358551,0.0177101,1.27726,4.39898,0.0978879,0.598587,1.25445,4.40289,1.24404,4.4022,669,1996,1.24402,4.40207,0,178.007,179.247
108200,-0.0788909,0.0215617,1.00725,0.14258,0.0175803,-0.0509923,1.22632,4.47743,0.0981288,0.597885,1.2627,4.41017,1.25095,4.40611,668,1997,1.25091,4.406,0,178.109,179.336
108220,-0.0768487,0.0195422,1.00311,-0.0100918,0.0175803,-0.0433587,1.11608,4.38008,0.0979422,0.596527,1.24752,4.39423,1.24434,4.39687,669,1996,1.2443,4.39677,0,178.216,179.422
108240,-0.0758585,0.0204602,1.00469,0.020442,0.0404809,-0.0738931,1.16665,4.317,0.0979083,0.596589,1.22309,4.38084,1.23108,4.38887,669,1995,1.23103,4.38878,0,178.016,179.229
108260,-0.0783339,0.0239484,1.00122,-0.0100918,0.0557482,-0.0967938,1.37021,4.47234,0.0973401,0.596314,1.2308,4.3883,1.23466,4.39189,668,1997,1.23458,4.39179,0,177.878,179.11
108282,-0.0754872,0.0233365,1.00457,-0.0177259,-0.165626,0.00244284,1.33076,4.2962,0.0973978,0.595719,1.25419,4.39826,1.24841,4.39714,668,1996,1.24832,4.39704,0,177.911,179.156
108302,-0.0766012,0.0213169,1.00499,-0.0711613,-0.356466,0.0100764,1.21512,4.35771,0.0967074,0.592147,1.26727,4.391,1.25724,4.39149,668,1997,1.25716,4.39138,0,177.949,179.202
108322,-0.07722,0.0181347,1.00299,0.104412,-0.28013,-0.0662594,1.03583,4.40181,0.0964597,0.589155,1.22588,4.37926,1.23527,4.38321,668,1996,1.23517,4.3831,0,178.208,179.426
108342,-0.0813663,0.0217453,1.00804,0.020442,0.00994658,0.0787787,1.23579,4.6137,0.0976319,0.584698,1.21112,4.37806,1.22647,4.37961,667,1996,1.22636,4.37947,0,178.306,179.516
108362,-0.0793241,0.0251112,1.00645,0.104412,-0.203794,-0.0815266,1.42924,4.50508,0.0985446,0.580943,1.24228,4.41015,1.24342,4.39652,668,1997,1.24331,4.39638,0,178.075,179.312
108384,-0.0749303,0.020705,1.00414,-0.0635271,-0.112191,-0.0967938,1.18125,4.26667,0.0987702,0.576195,1.2535,4.37817,1.2506,4.37785,669,1997,1.25047,4.37772,0,178.205,179.437
108404,-0.0780864,0.0174003,1.00645,0.020442,-0.150359,0.0482444,0.990472,4.43578,0.0979577,0.575005,1.21547,4.37349,1.22958,4.37441,669,1996,1.22942,4.37431,0,178.269,179.481
108424,-0.078272,0.0170943,1.00816,0.020442,0.0175803,0.00244284,0.971413,4.43882,0.0985497,0.571585,1.18723,4.37833,1.21228,4.37565,668,1997,1.21213,4.37555,0,178.197,179.404
108444,-0.0749303,0.0240708,1.00299,0.0433426,0.0023129,-0.0204579,1.37479,4.27125,0.0987296,0.569769,1.1878,4.37165,1.20959,4.37148,669,1997,1.20944,4.37137,0,178.261,179.463
108464,-0.0765393,0.0251112,1.00603,-0.0100918,0.0481145,-0.0662594,1.42985,4.34937,0.099398,0.569693,1.21761,4.36587,1.2246,4.36802,669,1998,1.22445,4.36793,0,178.3,179.5
108486,-0.0765393,0.0211946,1.00548,0.05861,0.109183,-0.0280915,1.20756,4.35211,0.0997915,0.57206,1.22977,4.38105,1.23129,4.37742,669,2001,1.23115,4.37733,0,178.305,179.501
108505,-0.0751159,0.0175839,1.00366,0.0967779,-0.0282214,0.00244284,1.00371,4.27952,0.100475,0.572579,1.21106,4.36068,1.22093,4.36624,669,1997,1.22079,4.36615,0,178.301,179.499
108525,-0.0754253,0.0216229,1.00645,-0.0100918,0.00994658,-0.0509923,1.23077,4.28484,0.100472,0.574427,1.19395,4.35683,1.20971,4.36397,667,1995,1.20957,4.36387,0,178.434,179.618
108545,-0.0780864,0.0232141,1.00268,-0.0100918,0.238954,0.0329772,1.32627,4.45188,0.100331,0.577802,1.22173,4.34687,1.22383,4.35822,669,1997,1.22367,4.35815,0,178.44,179.629
108565,-0.0796335,0.0230917,1.00293,-0.0406265,0.154985,0.0177101,1.31896,4.53863,0.0996559,0.581848,1.24445,4.37483,1.23654,4.37441,669,1997,1.23639,4.37436,0,178.309,179.513
108587,-0.0770962,0.0201542,1.00219,-0.0558939,0.0786488,-0.0128243,1.15207,4.39807,0.0991487,0.584337,1.23814,4.39536,1.23412,4.38738,669,1997,1.23397,4.38734,0,178.242,179.447
108607,-0.0762298,0.018869,1.00213,-0.0711613,0.193153,-0.0433587,1.07869,4.3492,0.0978476,0.587284,1.21166,4.38745,1.21898,4.38491,669,1997,1.21882,4.38489,0,178.271,179.474
108627,-0.0755491,0.0219289,1.00439,-0.00245857,0.238954,-0.00519073,1.25075,4.30062,0.0966992,0.592567,1.20525,4.38119,1.21381,4.38368,669,1997,1.21364,4.38364,0,178.072,179.289
108647,-0.0749922,0.0216841,1.00579,-0.00245857,0.223687,-0.0433587,1.23507,4.26314,0.09636,0.596644,1.22816,4.3825,1.22601,4.3858,669,1997,1.22583,4.38578,0,178.107,179.328
108667,-0.0773438,0.0210722,1.00658,-0.0558939,0.330557,0.0177101,1.19928,4.39293,0.0959596,0.600919,1.21929,4.37073,1.22108,4.38007,669,1997,1.22093,4.38006,0,178.173,179.383
108689,-0.07722,0.0213169,1.00505,-0.0177259,0.162618,-0.0280915,1.21505,4.39251,0.0949639,0.604706,1.21432,4.38088,1.21756,4.38613,669,1997,1.21737,4.38614,0,177.85,179.074
108709,-0.0781483,0.0206438,1.00268,-0.0482597,0.109183,0.0253437,1.17947,4.45564,0.0941208,0.607714,1.20013,4.40692,1.2087,4.40146,669,1996,1.20851,4.40152,0,177.728,178.948
108729,-0.0782102,0.0227245,1.0084,0.0357094,0.170252,-0.0357251,1.29095,4.43378,0.0939801,0.609897,1.21846,4.40757,1.21811,4.40312,669,1997,1.21791,4.4032,0,177.682,178.923
108749,-0.0767868,0.0223573,1.00256,-0.00245857,-0.0434885,0.0100764,1.2775,4.37869,0.0937019,0.610096,1.23397,4.41799,1.22711,4.40975,669,1998,1.2269,4.40982,0,177.678,178.93
108769,-0.0785196,0.0217453,1.00639,-0.0864277,-0.0816565,0.0558779,1.23781,4.46018,0.0935306,0.612417,1.23097,4.42539,1.22629,4.41567,668,1997,1.22608,4.41575,0,177.653,178.899
108791,-0.0801286,0.020093,1.007,0.0433426,-0.0740228,0.0253437,1.14309,4.54862,0.0949318,0.610464,1.21029,4.43462,1.21568,4.42116,668,1998,1.21547,4.42124,0,177.615,178.854
108811,-0.0751159,0.0204602,1.00317,0.0509768,-0.0816565,0.00244284,1.16842,4.28135,0.0958597,0.604846,1.19142,4.41426,1.20456,4.40892,668,1997,1.20432,4.409,0,177.415,178.658
108831,-0.0771581,0.0229081,1.00652,0.0738773,-0.226695,-0.0662594,1.30381,4.38251,0.0964518,0.602907,1.20947,4.41212,1.21355,4.40738,668,1997,1.21332,4.40744,0,177.518,178.76
108851,-0.0785815,0.0192362,1.00463,-0.00245857,0.0481145,-0.0128243,1.09694,4.47172,0.0965705,0.601366,1.21502,4.4151,1.21651,4.40898,669,1997,1.21629,4.40904,0,177.746,178.982
108871,-0.0766012,0.0197258,1.00481,0.0357094,-0.0434885,-0.0586258,1.12465,4.35864,0.0962008,0.599824,1.19284,4.41271,1.20316,4.4079,669,1997,1.20293,4.40794,0,177.813,179.029
108893,-0.0774057,0.0195422,1.00396,-0.0253592,-0.0511222,-0.0357251,1.11513,4.40797,0.0961668,0.598069,1.18264,4.40507,1.19572,4.40335,668,1997,1.19549,4.40339,0,177.791,178.991
108913,-0.0790147,0.0224797,1.00286,-0.0253592,-0.0205877,0.109313,1.2841,4.50384,0.0957055,0.598543,1.18989,4.4189,1.19773,4.41176,669,1997,1.1975,4.41179,0,177.959,179.147
108933,-0.076663,0.0210722,1.00256,0.0357094,-0.0511222,-0.0204579,1.20409,4.37178,0.0946945,0.598192,1.20715,4.43069,1.20626,4.41966,669,1997,1.20604,4.41968,0,177.713,178.927
108953,-0.0769106,0.0199094,1.00688,0.0433426,-0.0434885,-0.127328,1.13278,4.36721,0.0956987,0.597398,1.20609,4.42124,1.20611,4.41533,668,1997,1.20592,4.41536,0,177.644,178.869
108973,-0.0764774,0.0209498,1.00445,0.127313,-0.104557,-0.0357251,1.19485,4.35309,0.0971305,0.597277,1.19538,4.41889,1.20025,4.41511,668,1998,1.20008,4.41513,0,177.655,178.872
108995,-0.076168,0.0202154,1.00439,0.0357094,0.0710154,-0.0509923,1.15304,4.33587,0.0977072,0.596941,1.1928,4.38783,1.19817,4.39766,669,1997,1.198,4.39766,0,177.716,178.927
109015,-0.076663,0.0208274,1.00426,0.020442,-0.0816565,0.0635116,1.18808,4.36442,0.0979634,0.596117,1.19965,4.39826,1.20134,4.40237,668,1997,1.20119,4.40238,0,177.875,179.077
109035,-0.0792003,0.0208886,1.00505,-0.0558939,0.109183,-0.00519073,1.19064,4.50474,0.0977921,0.596484,1.20716,4.40766,1.20512,4.40754,668,1998,1.20495,4.40756,0,177.753,178.955
109055,-0.0775294,0.020705,1.00779,-0.0482597,0.0023129,-0.0738931,1.17697,4.39817,0.0963231,0.597324,1.19207,4.41355,1.19575,4.41167,669,2001,1.19558,4.41169,0,177.62,178.827
109075,-0.0784577,0.019787,1.00244,0.0128088,0.10155,-0.0891602,1.13081,4.47437,0.0965029,0.59931,1.192,4.42314,1.1951,4.4185,668,1996,1.19493,4.41853,0,177.568,178.787
109097,-0.0777151,0.0216841,1.00189,-0.0940619,0.0939159,-0.0662594,1.23987,4.43443,0.095385,0.599875,1.19489,4.4387,1.19549,4.42873,668,1997,1.19536,4.42877,0,177.571,178.789
109117,-0.075054,0.0202766,1.00153,-0.0177259,-0.142725,0.0253437,1.15983,4.28484,0.0951374,0.597707,1.20417,4.4194,1.20046,4.41847,668,1996,1.20031,4.41849,0,177.549,178.774
109137,-0.0758585,0.0185019,1.0039,0.0662441,-0.0129542,0.0329772,1.05584,4.32055,0.0960348,0.596089,1.19139,4.40131,1.1937,4.40775,669,1996,1.19358,4.40772,0,177.453,178.673
109157,-0.0767868,0.0219289,1.00524,-0.0558939,-0.112191,0.0406108,1.24969,4.36712,0.09481,0.594869,1.18973,4.38733,1.19134,4.39848,668,2001,1.19125,4.39843,0,177.447,178.661
109177,-0.0767868,0.0228469,1.00871,-0.0482597,-0.264863,0.0329772,1.29751,4.35208,0.0943486,0.592548,1.2003,4.37601,1.1967,4.38963,668,1997,1.19663,4.38957,0,177.509,178.733
109199,-0.0771581,0.0217453,1.00597,-0.0253592,-0.104557,-0.0967938,1.23833,4.385,0.0940705,0.586732,1.20642,4.36722,1.20021,4.38034,669,1996,1.20016,4.38027,0,177.551,178.773
109219,-0.0762917,0.0205826,1.00499,0.0662441,0.177886,0.0100764,1.17327,4.34024,0.0941892,0.586977,1.2081,4.37771,1.20168,4.38511,668,1996,1.20166,4.38504,0,177.563,178.773
