ts,axg,ayg,azg,gxdps,gydps,gzdps,racc,rpacc,rgyro,pgyro,rcf,pcf,rkf,pkf,exec_us,dt_us,rkfix,pkfix
409110,0.0680,0.0050,1.0013,-0.02,-0.33,-0.03,0.29,-3.89,11.78,-12.96,0.26,-3.75,0.25,-3.74,763,1995,0.25,-3.74
409130,0.0644,0.0052,1.0068,0.00,-0.03,0.11,0.30,-3.66,11.78,-12.96,0.25,-3.74,0.25,-3.74,764,1995,0.25,-3.74
409150,0.0677,0.0033,1.0044,0.11,0.26,-0.08,0.19,-3.86,11.78,-12.96,0.25,-3.76,0.25,-3.75,764,1997,0.25,-3.75
409170,0.0651,0.0050,0.9987,0.04,0.02,-0.01,0.29,-3.73,11.78,-12.96,0.25,-3.76,0.25,-3.75,764,1997,0.25,-3.75
409190,0.0668,0.0041,0.9986,0.04,-0.23,-0.02,0.24,-3.83,11.78,-12.96,0.26,-3.75,0.26,-3.75,764,2000,0.26,-3.75
409210,0.0657,0.0049,1.0029,0.03,-0.10,0.04,0.28,-3.75,11.78,-12.96,0.25,-3.76,0.25,-3.75,764,1997,0.25,-3.75
409230,0.0673,0.0045,1.0030,0.02,0.06,0.05,0.26,-3.84,11.78,-12.97,0.26,-3.76,0.26,-3.75,764,1996,0.26,-3.75
409250,0.0668,0.0017,0.9979,0.08,-0.22,-0.02,0.10,-3.83,11.78,-12.97,0.26,-3.76,0.25,-3.75,764,2002,0.25,-3.75
409270,0.0654,0.0046,1.0057,0.06,-0.16,-0.04,0.26,-3.72,11.78,-12.97,0.26,-3.77,0.26,-3.76,764,1995,0.25,-3.76
409290,0.0657,0.0045,1.0040,-0.02,0.05,0.03,0.26,-3.74,11.78,-12.97,0.26,-3.77,0.25,-3.76,764,1997,0.25,-3.76
409310,0.0667,0.0050,1.0028,-0.05,-0.12,0.05,0.29,-3.80,11.78,-12.97,0.26,-3.75,0.25,-3.75,764,1998,0.25,-3.75
409330,0.0663,0.0042,1.0024,0.08,-0.17,-0.05,0.24,-3.78,11.78,-12.97,0.27,-3.76,0.26,-3.76,766,1997,0.26,-3.76
409350,0.0667,0.0059,1.0001,-0.04,-0.03,-0.06,0.34,-3.81,11.79,-12.97,0.27,-3.76,0.26,-3.75,764,1998,0.26,-3.75
409370,0.0634,0.0052,1.0016,-0.03,-0.11,0.03,0.30,-3.62,11.79,-12.97,0.28,-3.75,0.27,-3.75,767,2001,0.27,-3.75
409390,0.0662,0.0052,0.9978,0.03,-0.15,-0.06,0.30,-3.79,11.79,-12.98,0.27,-3.76,0.26,-3.75,765,2000,0.26,-3.75
409409,0.0652,0.0042,1.0049,0.02,-0.04,-0.06,0.24,-3.71,11.79,-12.98,0.27,-3.76,0.26,-3.75,765,1994,0.26,-3.75
409429,0.0648,0.0040,1.0012,0.04,-0.10,-0.11,0.23,-3.70,11.79,-12.98,0.26,-3.76,0.26,-3.75,765,2000,0.26,-3.75
409449,0.0666,0.0050,1.0028,0.04,0.01,0.03,0.28,-3.80,11.79,-12.98,0.26,-3.75,0.26,-3.75,765,1998,0.26,-3.75
409469,0.0674,0.0052,1.0022,0.08,-0.06,-0.12,0.30,-3.85,11.79,-12.98,0.27,-3.76,0.26,-3.76,765,1998,0.26,-3.76
409489,0.0648,0.0039,1.0010,-0.01,-0.13,0.04,0.23,-3.70,11.79,-12.98,0.25,-3.76,0.25,-3.76,765,1998,0.26,-3.76
409509,0.0668,0.0045,0.9992,0.10,-0.09,-0.12,0.26,-3.83,11.79,-12.98,0.26,-3.78,0.26,-3.77,764,1993,0.26,-3.77
409529,0.0655,0.0028,1.0010,0.02,0.03,-0.05,0.16,-3.75,11.79,-12.98,0.26,-3.78,0.26,-3.77,765,1998,0.26,-3.77
409549,0.0680,0.0059,1.0019,0.02,-0.04,-0.11,0.34,-3.88,11.79,-12.98,0.25,-3.77,0.25,-3.76,765,1998,0.25,-3.76
409569,0.0649,0.0027,1.0040,-0.02,-0.10,-0.08,0.15,-3.70,11.80,-12.98,0.25,-3.76,0.25,-3.76,765,1998,0.25,-3.76
409589,0.0647,0.0039,1.0015,0.14,-0.04,0.01,0.23,-3.70,11.80,-12.99,0.26,-3.76,0.26,-3.76,765,1998,0.26,-3.76
409609,0.0669,0.0039,1.0018,0.03,0.04,-0.02,0.23,-3.82,11.80,-12.99,0.26,-3.76,0.26,-3.76,765,1998,0.26,-3.76
409629,0.0665,0.0031,1.0001,-0.01,0.09,-0.02,0.18,-3.80,11.80,-12.99,0.27,-3.76,0.26,-3.76,763,1998,0.26,-3.76
409649,0.0662,0.0054,1.0049,0.14,-0.06,-0.02,0.31,-3.77,11.80,-12.99,0.26,-3.77,0.26,-3.76,765,1997,0.26,-3.76
409669,0.0667,0.0042,0.9982,0.11,-0.03,0.07,0.24,-3.82,11.80,-12.99,0.26,-3.77,0.26,-3.76,764,1998,0.26,-3.76
409689,0.0649,0.0051,1.0000,0.11,0.01,-0.05,0.29,-3.71,11.80,-12.99,0.27,-3.76,0.26,-3.76,764,1999,0.26,-3.76
409709,0.0651,0.0025,1.0015,0.11,-0.01,0.03,0.14,-3.72,11.80,-12.99,0.26,-3.75,0.26,-3.75,764,1998,0.26,-3.75
409729,0.0636,0.0054,1.0029,0.02,-0.00,-0.02,0.31,-3.63,11.81,-12.99,0.26,-3.75,0.26,-3.75,766,1998,0.26,-3.75
409749,0.0652,0.0034,1.0013,0.03,-0.03,0.02,0.19,-3.73,11.81,-12.99,0.26,-3.74,0.26,-3.75,766,1996,0.26,-3.75
409769,0.0652,0.0051,0.9983,0.05,-0.03,-0.02,0.29,-3.74,11.81,-12.99,0.26,-3.75,0.26,-3.75,766,1996,0.26,-3.75
409789,0.0673,0.0039,1.0004,-0.05,-0.06,0.07,0.23,-3.85,11.81,-12.99,0.26,-3.75,0.26,-3.75,766,1995,0.26,-3.75
409809,0.0656,0.0049,1.0027,0.08,-0.06,-0.06,0.28,-3.74,11.81,-12.99,0.25,-3.75,0.25,-3.75,766,1996,0.25,-3.75
409829,0.0644,0.0023,1.0039,0.07,-0.10,-0.08,0.13,-3.67,11.81,-12.99,0.25,-3.75,0.25,-3.75,766,2002,0.25,-3.75
409849,0.0672,0.0022,1.0007,0.05,-0.06,-0.04,0.13,-3.84,11.81,-12.99,0.25,-3.75,0.25,-3.75,766,1997,0.25,-3.75
409869,0.0637,0.0044,0.9946,-0.01,-0.02,0.07,0.25,-3.66,11.81,-12.99,0.25,-3.75,0.25,-3.75,765,1998,0.25,-3.75
409889,0.0667,0.0049,1.0021,0.12,-0.11,-0.11,0.28,-3.81,11.81,-12.99,0.25,-3.75,0.25,-3.75,766,1998,0.25,-3.75
409909,0.0644,0.0058,1.0031,0.06,-0.06,-0.09,0.33,-3.68,11.81,-13.00,0.26,-3.75,0.26,-3.75,766,1997,0.26,-3.75
409929,0.0664,0.0044,1.0024,0.05,0.01,0.04,0.25,-3.79,11.81,-13.00,0.27,-3.75,0.26,-3.75,767,1996,0.26,-3.75
409949,0.0642,0.0066,1.0006,0.03,-0.12,0.09,0.38,-3.67,11.81,-13.00,0.28,-3.73,0.26,-3.74,766,1997,0.26,-3.74
409969,0.0675,0.0051,1.0022,0.04,-0.02,0.01,0.29,-3.85,11.82,-13.00,0.29,-3.74,0.27,-3.74,767,1997,0.27,-3.74
409989,0.0651,0.0054,1.0000,0.08,0.08,-0.08,0.31,-3.73,11.82,-13.00,0.29,-3.73,0.28,-3.73,766,2001,0.28,-3.73
410009,0.0635,0.0052,1.0034,0.01,-0.11,0.07,0.29,-3.62,11.82,-13.00,0.29,-3.71,0.28,-3.72,766,1997,0.28,-3.72
410029,0.0666,0.0055,1.0038,0.06,-0.01,-0.05,0.32,-3.80,11.82,-13.00,0.29,-3.72,0.28,-3.72,764,1997,0.28,-3.72
410049,0.0647,0.0053,1.0024,0.02,-0.04,-0.11,0.30,-3.69,11.82,-13.00,0.28,-3.73,0.27,-3.73,764,2001,0.27,-3.73
410069,0.0642,0.0057,1.0058,0.05,-0.09,-0.05,0.33,-3.65,11.82,-13.00,0.28,-3.74,0.27,-3.73,764,2001,0.27,-3.73
410089,0.0668,0.0061,0.9976,0.05,-0.01,0.01,0.35,-3.83,11.82,-13.00,0.29,-3.74,0.28,-3.73,764,1996,0.28,-3.73
410109,0.0660,0.0034,1.0028,0.01,-0.03,-0.04,0.20,-3.77,11.82,-13.00,0.27,-3.75,0.27,-3.74,764,1995,0.27,-3.74
410129,0.0668,0.0025,0.9984,-0.03,-0.03,-0.12,0.14,-3.83,11.82,-13.00,0.26,-3.77,0.26,-3.75,764,1995,0.26,-3.75
410149,0.0644,0.0049,1.0037,0.01,0.03,-0.09,0.28,-3.67,11.82,-13.00,0.27,-3.77,0.27,-3.75,763,1996,0.27,-3.75
410169,0.0644,0.0039,1.0007,0.02,-0.10,-0.00,0.22,-3.68,11.82,-13.00,0.26,-3.75,0.26,-3.74,764,1996,0.26,-3.74
410189,0.0622,0.0057,1.0023,-0.01,0.02,-0.04,0.32,-3.55,11.82,-13.00,0.27,-3.74,0.27,-3.74,764,1999,0.27,-3.74
410209,0.0669,0.0036,1.0029,0.04,0.00,0.09,0.21,-3.82,11.82,-13.01,0.26,-3.74,0.26,-3.73,764,2002,0.26,-3.73
410229,0.0639,0.0062,1.0013,-0.08,-0.07,-0.02,0.35,-3.65,11.82,-13.01,0.27,-3.72,0.26,-3.73,764,1997,0.26,-3.73
410249,0.0650,0.0057,1.0007,-0.10,-0.11,0.10,0.33,-3.72,11.82,-13.01,0.28,-3.72,0.27,-3.72,766,1996,0.27,-3.72
410269,0.0685,0.0011,1.0042,-0.01,-0.06,-0.06,0.06,-3.90,11.82,-13.01,0.26,-3.73,0.26,-3.73,764,1998,0.26,-3.73
410289,0.0653,0.0057,1.0012,0.02,-0.03,-0.03,0.33,-3.73,11.82,-13.01,0.25,-3.73,0.25,-3.73,764,1998,0.25,-3.73
410309,0.0661,0.0053,1.0044,0.17,-0.08,-0.08,0.30,-3.77,11.82,-13.01,0.25,-3.73,0.26,-3.73,766,1996,0.26,-3.73
410329,0.0641,0.0056,0.9991,0.08,-0.03,-0.03,0.32,-3.67,11.82,-13.01,0.26,-3.73,0.26,-3.73,764,1994,0.26,-3.73
410349,0.0651,0.0041,1.0043,0.08,0.07,0.01,0.23,-3.71,11.82,-13.01,0.27,-3.73,0.26,-3.73,764,2002,0.26,-3.73
410369,0.0654,0.0053,1.0018,0.03,-0.13,0.04,0.30,-3.73,11.82,-13.01,0.28,-3.73,0.27,-3.72,765,1995,0.27,-3.73
410389,0.0647,0.0019,1.0033,-0.03,-0.06,-0.00,0.11,-3.69,11.82,-13.02,0.27,-3.72,0.26,-3.72,765,2000,0.26,-3.72
410408,0.0637,0.0055,1.0030,0.05,-0.07,-0.02,0.31,-3.63,11.82,-13.02,0.27,-3.71,0.27,-3.71,765,1998,0.27,-3.71
410428,0.0656,0.0043,0.9986,0.04,-0.09,-0.09,0.25,-3.76,11.83,-13.02,0.26,-3.71,0.26,-3.71,765,2000,0.26,-3.71
410448,0.0650,0.0061,1.0000,0.08,-0.00,0.01,0.35,-3.72,11.83,-13.02,0.28,-3.71,0.27,-3.71,764,1998,0.27,-3.71
410468,0.0653,0.0050,1.0034,-0.03,-0.19,0.04,0.29,-3.72,11.83,-13.02,0.29,-3.72,0.28,-3.72,765,1998,0.28,-3.72
410488,0.0638,0.0055,1.0000,0.08,-0.19,-0.05,0.31,-3.65,11.83,-13.02,0.30,-3.72,0.28,-3.72,765,1999,0.28,-3.72
410508,0.0651,0.0064,1.0008,0.04,0.04,-0.02,0.37,-3.72,11.83,-13.02,0.30,-3.72,0.29,-3.71,764,1998,0.29,-3.71
410528,0.0657,0.0074,1.0006,0.06,-0.04,0.05,0.43,-3.76,11.83,-13.02,0.31,-3.73,0.30,-3.72,765,1998,0.30,-3.72
410548,0.0654,0.0041,0.9980,0.02,-0.03,-0.01,0.24,-3.75,11.83,-13.02,0.30,-3.73,0.29,-3.72,765,1996,0.29,-3.72
410568,0.0660,0.0033,1.0041,-0.02,0.00,-0.06,0.19,-3.76,11.83,-13.03,0.29,-3.74,0.29,-3.73,765,1997,0.29,-3.73
410588,0.0651,0.0068,1.0009,0.12,-0.15,0.01,0.39,-3.72,11.83,-13.03,0.29,-3.74,0.29,-3.73,764,1998,0.29,-3.73
410608,0.0641,0.0050,0.9977,0.02,-0.09,-0.03,0.29,-3.68,11.84,-13.03,0.30,-3.73,0.29,-3.73,764,1997,0.29,-3.73
410628,0.0654,0.0025,1.0029,0.01,-0.00,0.06,0.14,-3.73,11.84,-13.03,0.28,-3.74,0.28,-3.73,765,1996,0.28,-3.73
410648,0.0660,0.0054,1.0018,0.04,0.07,-0.03,0.31,-3.77,11.84,-13.03,0.29,-3.73,0.29,-3.73,765,1998,0.29,-3.73
410668,0.0664,0.0057,1.0010,-0.08,-0.12,-0.06,0.32,-3.79,11.84,-13.03,0.30,-3.73,0.29,-3.72,763,1997,0.29,-3.72
410688,0.0659,0.0039,1.0004,0.04,-0.07,-0.04,0.22,-3.77,11.84,-13.03,0.29,-3.73,0.29,-3.73,766,2001,0.29,-3.73
410708,0.0652,0.0040,1.0021,-0.01,-0.00,-0.07,0.23,-3.72,11.84,-13.03,0.28,-3.73,0.29,-3.72,766,1995,0.29,-3.72
410728,0.0669,0.0049,1.0010,0.03,0.04,-0.02,0.28,-3.82,11.84,-13.03,0.28,-3.74,0.28,-3.73,766,1997,0.28,-3.73
410748,0.0655,0.0033,0.9995,0.04,-0.04,0.02,0.19,-3.75,11.84,-13.04,0.27,-3.75,0.28,-3.73,766,2002,0.28,-3.73
410768,0.0649,0.0024,1.0021,0.00,-0.11,0.01,0.14,-3.71,11.84,-13.04,0.25,-3.74,0.26,-3.73,766,1997,0.26,-3.73
410788,0.0656,0.0039,1.0023,0.03,-0.02,-0.11,0.22,-3.75,11.84,-13.04,0.26,-3.74,0.27,-3.73,766,1997,0.27,-3.73
410808,0.0668,0.0030,1.0011,0.05,-0.03,-0.06,0.17,-3.82,11.84,-13.04,0.25,-3.74,0.26,-3.73,766,2002,0.26,-3.73
410828,0.0662,0.0038,0.9986,0.00,0.01,0.03,0.22,-3.79,11.84,-13.04,0.26,-3.74,0.26,-3.73,766,2001,0.26,-3.73
410848,0.0682,0.0062,1.0013,0.02,-0.04,0.01,0.35,-3.90,11.84,-13.04,0.25,-3.74,0.26,-3.73,766,1997,0.26,-3.73
410868,0.0654,0.0052,0.9984,0.02,0.13,0.01,0.30,-3.75,11.85,-13.04,0.26,-3.75,0.26,-3.74,766,1998,0.26,-3.74
410888,0.0681,0.0042,0.9964,-0.02,-0.06,0.07,0.24,-3.91,11.85,-13.04,0.25,-3.75,0.26,-3.74,766,1997,0.26,-3.74
410908,0.0670,0.0054,1.0018,0.11,0.06,-0.02,0.31,-3.82,11.85,-13.04,0.26,-3.75,0.26,-3.74,766,1996,0.26,-3.74
410928,0.0641,0.0055,1.0016,-0.03,0.00,0.01,0.32,-3.66,11.85,-13.04,0.27,-3.75,0.27,-3.74,765,1996,0.26,-3.74
410948,0.0664,0.0051,1.0036,0.08,-0.04,-0.05,0.29,-3.79,11.85,-13.04,0.28,-3.75,0.27,-3.74,767,1997,0.27,-3.74
410968,0.0660,0.0057,1.0029,0.08,-0.01,-0.06,0.32,-3.76,11.85,-13.04,0.28,-3.75,0.27,-3.74,766,2001,0.27,-3.74
410988,0.0652,0.0030,0.9975,-0.01,-0.08,0.05,0.17,-3.74,11.85,-13.05,0.27,-3.75,0.27,-3.74,763,2001,0.27,-3.74
411008,0.0654,0.0042,1.0016,0.13,-0.14,0.02,0.24,-3.74,11.85,-13.05,0.26,-3.74,0.26,-3.74,764,2001,0.26,-3.74
411028,0.0673,0.0044,1.0034,-0.01,-0.01,0.07,0.25,-3.84,11.85,-13.05,0.27,-3.75,0.26,-3.74,764,1996,0.26,-3.74
411048,0.0647,0.0046,0.9989,0.08,-0.15,0.11,0.26,-3.70,11.85,-13.05,0.27,-3.74,0.26,-3.74,764,1997,0.26,-3.74
411068,0.0652,0.0042,0.9992,-0.01,-0.13,0.08,0.24,-3.74,11.85,-13.05,0.27,-3.74,0.26,-3.74,764,1996,0.26,-3.74
411088,0.0651,0.0039,1.0009,0.06,-0.10,-0.02,0.23,-3.72,11.85,-13.05,0.26,-3.74,0.26,-3.74,764,1995,0.26,-3.74
411108,0.0657,0.0022,0.9998,0.03,0.01,-0.06,0.12,-3.76,11.85,-13.05,0.25,-3.73,0.25,-3.73,764,1996,0.25,-3.73
411128,0.0646,0.0045,1.0012,-0.04,-0.13,0.07,0.26,-3.69,11.85,-13.05,0.24,-3.74,0.25,-3.74,764,1997,0.25,-3.74
411148,0.0660,0.0038,1.0011,-0.02,-0.05,0.02,0.21,-3.77,11.85,-13.06,0.24,-3.74,0.24,-3.74,764,1997,0.25,-3.74
411168,0.0660,0.0059,1.0006,-0.04,-0.17,-0.07,0.34,-3.77,11.85,-13.06,0.25,-3.75,0.25,-3.74,764,1996,0.25,-3.74
411188,0.0665,0.0045,1.0015,0.09,-0.14,0.01,0.26,-3.80,11.86,-13.06,0.26,-3.74,0.25,-3.74,764,1997,0.25,-3.74
411208,0.0664,0.0037,1.0020,0.00,-0.03,0.05,0.21,-3.79,11.85,-13.06,0.26,-3.74,0.25,-3.74,764,1997,0.26,-3.74
411228,0.0669,0.0052,0.9971,0.02,0.07,-0.03,0.30,-3.84,11.86,-13.06,0.26,-3.74,0.25,-3.74,766,1999,0.25,-3.74
411248,0.0655,0.0051,0.9990,0.08,-0.07,-0.05,0.29,-3.75,11.86,-13.06,0.26,-3.74,0.25,-3.74,764,1998,0.25,-3.74
411268,0.0651,0.0058,1.0064,0.11,0.03,-0.07,0.33,-3.70,11.86,-13.06,0.26,-3.73,0.25,-3.73,766,1996,0.25,-3.73
411288,0.0652,0.0036,0.9999,0.03,-0.12,0.04,0.20,-3.73,11.86,-13.06,0.26,-3.72,0.25,-3.73,764,2002,0.26,-3.73
411308,0.0648,0.0045,0.9997,-0.03,0.03,-0.04,0.26,-3.71,11.86,-13.06,0.26,-3.72,0.25,-3.72,764,1998,0.25,-3.72
411328,0.0673,0.0080,1.0016,0.02,-0.01,-0.12,0.46,-3.85,11.86,-13.06,0.27,-3.74,0.26,-3.73,763,2002,0.26,-3.73
411348,0.0644,0.0060,0.9999,0.12,-0.06,-0.08,0.34,-3.68,11.86,-13.06,0.27,-3.74,0.26,-3.73,765,1999,0.26,-3.73
411368,0.0664,0.0052,1.0015,0.05,-0.06,0.01,0.30,-3.79,11.86,-13.06,0.28,-3.75,0.27,-3.74,765,2000,0.27,-3.74
411387,0.0670,0.0051,0.9993,0.03,-0.08,-0.02,0.29,-3.84,11.86,-13.07,0.28,-3.76,0.27,-3.75,765,1999,0.27,-3.75
411407,0.0675,0.0059,1.0035,0.04,-0.03,-0.04,0.34,-3.85,11.86,-13.07,0.28,-3.77,0.27,-3.75,765,1999,0.27,-3.75
411427,0.0642,0.0068,1.0010,0.12,-0.13,-0.04,0.39,-3.67,11.86,-13.07,0.28,-3.77,0.27,-3.76,764,1998,0.27,-3.76
411447,0.0663,0.0044,1.0019,-0.07,-0.13,0.09,0.25,-3.79,11.87,-13.07,0.29,-3.77,0.27,-3.76,764,1999,0.27,-3.76
411467,0.0631,0.0052,1.0041,0.00,-0.08,-0.03,0.30,-3.60,11.86,-13.07,0.27,-3.75,0.27,-3.75,764,2001,0.27,-3.75
411487,0.0679,0.0048,1.0003,-0.05,0.07,-0.02,0.27,-3.88,11.87,-13.07,0.28,-3.76,0.27,-3.75,764,1994,0.27,-3.75
411507,0.0648,0.0050,1.0015,-0.02,-0.02,-0.03,0.29,-3.70,11.87,-13.07,0.28,-3.77,0.27,-3.76,765,1998,0.27,-3.76
411527,0.0652,0.0050,1.0024,0.08,-0.01,-0.00,0.29,-3.72,11.87,-13.07,0.28,-3.78,0.27,-3.77,765,1998,0.27,-3.77
411547,0.0667,0.0039,1.0006,-0.03,-0.04,-0.05,0.23,-3.81,11.87,-13.08,0.27,-3.78,0.27,-3.77,765,1998,0.27,-3.77
411567,0.0675,0.0039,0.9988,0.03,-0.05,-0.02,0.22,-3.86,11.87,-13.08,0.28,-3.78,0.27,-3.77,765,1998,0.27,-3.77
411587,0.0679,0.0050,0.9970,-0.01,-0.01,-0.07,0.29,-3.90,11.87,-13.08,0.27,-3.79,0.27,-3.78,766,1999,0.27,-3.78
411607,0.0664,0.0035,1.0016,0.05,0.00,0.02,0.20,-3.79,11.87,-13.08,0.27,-3.79,0.27,-3.78,765,1997,0.27,-3.78
411627,0.0657,0.0024,1.0005,0.11,-0.03,-0.01,0.14,-3.76,11.87,-13.08,0.27,-3.79,0.27,-3.78,765,2002,0.27,-3.78
411647,0.0668,0.0063,0.9974,0.03,-0.10,0.01,0.36,-3.83,11.87,-13.08,0.27,-3.79,0.27,-3.78,767,2001,0.27,-3.78
411667,0.0642,0.0063,1.0012,-0.02,-0.06,0.06,0.36,-3.67,11.87,-13.08,0.29,-3.79,0.28,-3.78,766,2001,0.28,-3.78
411687,0.0654,0.0042,0.9988,0.03,-0.14,0.03,0.24,-3.75,11.87,-13.08,0.28,-3.78,0.28,-3.78,766,1999,0.28,-3.78
411707,0.0665,0.0024,1.0023,-0.02,-0.12,-0.00,0.14,-3.79,11.87,-13.08,0.28,-3.78,0.27,-3.78,766,1997,0.27,-3.78
411727,0.0660,0.0050,1.0011,0.02,-0.06,-0.05,0.29,-3.77,11.87,-13.08,0.27,-3.78,0.27,-3.78,766,1999,0.27,-3.78
411747,0.0664,0.0057,1.0011,-0.02,-0.09,-0.06,0.32,-3.79,11.87,-13.08,0.28,-3.78,0.27,-3.78,766,1997,0.27,-3.78
411767,0.0672,0.0020,0.9998,0.02,-0.02,-0.04,0.11,-3.84,11.87,-13.08,0.28,-3.79,0.28,-3.78,766,1998,0.28,-3.78
411787,0.0654,0.0052,1.0025,0.01,0.03,-0.00,0.29,-3.73,11.87,-13.09,0.27,-3.79,0.27,-3.79,766,1996,0.27,-3.79
411807,0.0654,0.0054,0.9992,0.03,-0.12,0.01,0.31,-3.74,11.87,-13.09,0.27,-3.78,0.27,-3.78,766,1997,0.27,-3.78
411827,0.0676,0.0057,0.9988,0.13,-0.14,-0.03,0.33,-3.87,11.87,-13.09,0.28,-3.79,0.28,-3.79,766,1996,0.28,-3.79
411847,0.0642,0.0035,1.0028,-0.01,-0.02,-0.00,0.20,-3.67,11.87,-13.09,0.28,-3.78,0.28,-3.78,766,1997,0.28,-3.78
411867,0.0652,0.0027,1.0024,0.02,-0.12,-0.08,0.15,-3.72,11.87,-13.09,0.26,-3.78,0.26,-3.78,766,1997,0.26,-3.78
411887,0.0644,0.0078,0.9971,-0.05,-0.06,-0.05,0.45,-3.69,11.87,-13.09,0.27,-3.77,0.27,-3.78,767,1998,0.27,-3.78
411907,0.0660,0.0050,0.9976,-0.02,0.03,-0.01,0.29,-3.79,11.87,-13.09,0.27,-3.76,0.27,-3.77,765,1995,0.27,-3.77
411927,0.0651,0.0031,1.0026,0.03,-0.05,-0.05,0.18,-3.72,11.88,-13.09,0.26,-3.77,0.26,-3.77,764,2000,0.26,-3.77
411947,0.0656,0.0053,1.0009,0.12,-0.04,-0.02,0.30,-3.75,11.88,-13.09,0.26,-3.77,0.26,-3.77,764,1998,0.26,-3.77
411967,0.0680,0.0069,1.0007,0.01,-0.05,-0.00,0.40,-3.89,11.88,-13.10,0.27,-3.77,0.27,-3.77,764,1997,0.27,-3.77
411987,0.0655,0.0057,1.0041,-0.01,-0.00,0.03,0.33,-3.73,11.88,-13.10,0.27,-3.76,0.26,-3.77,764,1998,0.26,-3.77
412007,0.0648,0.0074,0.9997,0.05,-0.12,-0.02,0.42,-3.71,11.88,-13.10,0.28,-3.77,0.27,-3.77,763,1997,0.27,-3.77
412027,0.0663,0.0062,0.9984,0.02,-0.03,0.05,0.36,-3.80,11.88,-13.10,0.28,-3.77,0.27,-3.77,764,1997,0.27,-3.77
412047,0.0651,0.0044,1.0022,0.04,0.04,0.01,0.25,-3.72,11.88,-13.10,0.28,-3.76,0.27,-3.77,764,1997,0.27,-3.77
412067,0.0640,0.0051,1.0038,0.05,-0.08,-0.03,0.29,-3.65,11.88,-13.10,0.27,-3.76,0.27,-3.77,764,1997,0.27,-3.77
412087,0.0670,0.0032,0.9999,0.04,-0.12,-0.04,0.18,-3.84,11.88,-13.10,0.26,-3.76,0.26,-3.76,764,2001,0.26,-3.76
412107,0.0646,0.0057,1.0041,0.02,-0.03,-0.07,0.32,-3.68,11.88,-13.10,0.26,-3.75,0.26,-3.76,764,1997,0.26,-3.76
412127,0.0672,0.0050,0.9985,0.02,-0.12,-0.02,0.29,-3.85,11.88,-13.10,0.27,-3.76,0.27,-3.76,764,2001,0.27,-3.76
412147,0.0649,0.0034,1.0013,-0.05,-0.01,0.05,0.20,-3.71,11.88,-13.11,0.26,-3.76,0.26,-3.76,766,1995,0.26,-3.76
412167,0.0668,0.0064,1.0015,0.00,0.00,0.05,0.37,-3.82,11.88,-13.11,0.28,-3.76,0.27,-3.76,764,1997,0.27,-3.76
412187,0.0653,0.0037,1.0023,0.09,0.01,0.07,0.21,-3.73,11.88,-13.11,0.28,-3.76,0.27,-3.76,764,1998,0.27,-3.76
412207,0.0668,0.0040,1.0030,0.05,-0.00,-0.08,0.23,-3.81,11.88,-13.11,0.27,-3.76,0.27,-3.76,766,1997,0.27,-3.76
412227,0.0640,0.0046,1.0009,0.02,0.03,-0.05,0.26,-3.66,11.88,-13.11,0.27,-3.75,0.27,-3.76,764,2001,0.27,-3.76
412247,0.0649,0.0039,1.0004,0.01,-0.08,0.01,0.22,-3.71,11.89,-13.11,0.27,-3.74,0.27,-3.75,764,1997,0.27,-3.75
412267,0.0650,0.0022,1.0027,0.11,-0.01,0.06,0.12,-3.71,11.89,-13.11,0.26,-3.73,0.26,-3.74,763,2002,0.26,-3.74
412287,0.0655,0.0038,0.9990,-0.05,-0.02,0.02,0.22,-3.75,11.89,-13.11,0.25,-3.74,0.26,-3.74,764,1998,0.26,-3.74
412307,0.0648,0.0049,1.0037,0.16,-0.17,0.09,0.28,-3.69,11.89,-13.11,0.26,-3.74,0.26,-3.74,765,1998,0.26,-3.74
412327,0.0672,0.0042,1.0020,0.02,-0.05,-0.00,0.24,-3.84,11.89,-13.11,0.27,-3.74,0.26,-3.74,764,1998,0.26,-3.74
412347,0.0652,0.0004,0.9999,0.11,-0.06,-0.01,0.03,-3.73,11.89,-13.11,0.25,-3.74,0.25,-3.74,764,1998,0.25,-3.74
412367,0.0655,0.0064,1.0001,0.08,-0.06,-0.12,0.37,-3.75,11.89,-13.11,0.24,-3.75,0.25,-3.74,765,1994,0.25,-3.74
412386,0.0646,0.0033,1.0014,0.09,-0.03,0.01,0.19,-3.69,11.89,-13.11,0.27,-3.74,0.26,-3.74,765,1998,0.26,-3.74
412406,0.0655,0.0057,1.0034,-0.07,-0.16,-0.05,0.32,-3.74,11.89,-13.11,0.27,-3.75,0.26,-3.74,764,2000,0.26,-3.74
412426,0.0648,0.0053,1.0001,0.05,0.00,-0.01,0.31,-3.71,11.89,-13.12,0.26,-3.74,0.26,-3.74,764,2000,0.26,-3.74
412446,0.0650,0.0048,1.0032,0.04,-0.06,-0.09,0.27,-3.71,11.89,-13.12,0.26,-3.75,0.26,-3.74,765,2000,0.26,-3.74
412466,0.0639,0.0031,1.0023,0.11,-0.05,0.03,0.18,-3.65,11.89,-13.12,0.25,-3.74,0.25,-3.74,765,1998,0.25,-3.74
412486,0.0628,0.0050,1.0024,0.01,-0.03,-0.05,0.28,-3.59,11.89,-13.12,0.25,-3.74,0.25,-3.74,764,1998,0.25,-3.74
412506,0.0650,0.0049,1.0066,0.05,-0.11,0.02,0.28,-3.69,11.89,-13.12,0.26,-3.74,0.26,-3.73,765,1999,0.26,-3.73
412526,0.0638,0.0060,0.9996,0.08,-0.15,-0.02,0.34,-3.65,11.89,-13.12,0.27,-3.74,0.26,-3.73,766,1998,0.26,-3.73
412546,0.0644,0.0055,1.0049,0.06,-0.07,0.07,0.31,-3.67,11.90,-13.12,0.27,-3.73,0.26,-3.73,766,1999,0.26,-3.73
412566,0.0658,0.0033,1.0016,0.03,0.05,0.05,0.19,-3.76,11.90,-13.12,0.25,-3.73,0.25,-3.73,765,1999,0.25,-3.73
412586,0.0649,0.0064,1.0013,0.11,-0.08,-0.03,0.37,-3.71,11.90,-13.13,0.25,-3.72,0.25,-3.72,767,2001,0.25,-3.72
412606,0.0646,0.0058,1.0026,0.04,0.04,0.01,0.33,-3.69,11.90,-13.13,0.26,-3.73,0.26,-3.73,767,1995,0.26,-3.73
412626,0.0643,0.0062,1.0024,-0.03,0.01,-0.06,0.35,-3.67,11.90,-13.13,0.28,-3.73,0.27,-3.72,767,2001,0.27,-3.72
412646,0.0657,0.0053,1.0023,-0.01,-0.00,-0.06,0.30,-3.75,11.90,-13.13,0.29,-3.73,0.27,-3.72,765,1996,0.27,-3.72
412666,0.0664,0.0026,1.0010,0.03,-0.06,-0.05,0.15,-3.79,11.90,-13.13,0.27,-3.73,0.26,-3.73,766,1996,0.26,-3.73
412686,0.0651,0.0039,1.0021,0.02,0.00,0.05,0.23,-3.72,11.90,-13.13,0.25,-3.74,0.25,-3.73,766,1996,0.25,-3.73
412706,0.0660,0.0067,1.0008,0.05,-0.11,0.04,0.38,-3.77,11.90,-13.13,0.26,-3.74,0.26,-3.73,766,1997,0.26,-3.73
412726,0.0665,0.0036,1.0020,0.04,-0.21,-0.00,0.21,-3.80,11.90,-13.13,0.27,-3.75,0.26,-3.73,766,1995,0.26,-3.73
412746,0.0656,0.0058,1.0025,0.07,-0.05,-0.07,0.33,-3.74,11.90,-13.13,0.28,-3.75,0.27,-3.74,766,1997,0.27,-3.74
412766,0.0659,0.0060,1.0001,0.01,-0.00,-0.12,0.34,-3.77,11.91,-13.13,0.28,-3.75,0.27,-3.74,766,1997,0.27,-3.74
412786,0.0658,0.0028,0.9999,0.07,-0.07,0.03,0.16,-3.76,11.91,-13.13,0.27,-3.75,0.27,-3.74,766,1998,0.27,-3.74
412806,0.0664,0.0031,0.9999,0.10,-0.08,0.01,0.18,-3.80,11.91,-13.14,0.27,-3.76,0.27,-3.75,766,1996,0.27,-3.75
412826,0.0642,0.0053,1.0013,0.05,-0.01,-0.00,0.30,-3.67,11.91,-13.14,0.27,-3.76,0.27,-3.75,766,1997,0.27,-3.75
412846,0.0631,0.0048,0.9992,0.02,-0.02,-0.08,0.27,-3.61,11.91,-13.14,0.28,-3.74,0.27,-3.73,766,2001,0.27,-3.73
412866,0.0668,0.0028,1.0016,-0.01,-0.03,0.02,0.16,-3.82,11.91,-13.14,0.27,-3.74,0.27,-3.74,766,1998,0.27,-3.74
412886,0.0675,0.0053,0.9978,0.02,-0.15,0.08,0.30,-3.87,11.91,-13.14,0.25,-3.74,0.25,-3.74,764,1996,0.25,-3.74
412906,0.0652,0.0039,1.0007,0.04,-0.09,-0.01,0.23,-3.73,11.91,-13.14,0.25,-3.74,0.25,-3.74,765,2002,0.25,-3.74
412926,0.0655,0.0034,1.0029,0.02,0.12,0.03,0.19,-3.74,11.91,-13.14,0.24,-3.75,0.25,-3.74,764,1996,0.25,-3.74
412946,0.0646,0.0068,1.0010,-0.03,-0.05,-0.04,0.39,-3.69,11.91,-13.14,0.25,-3.75,0.25,-3.74,764,1998,0.25,-3.74
412966,0.0645,0.0053,1.0016,0.02,-0.08,0.09,0.31,-3.68,11.91,-13.14,0.26,-3.74,0.26,-3.73,764,1997,0.26,-3.73
412986,0.0677,0.0052,1.0010,0.01,-0.02,0.02,0.30,-3.87,11.91,-13.14,0.27,-3.74,0.26,-3.73,764,2001,0.26,-3.73
413006,0.0665,0.0029,1.0025,0.00,-0.03,-0.00,0.17,-3.79,11.91,-13.14,0.27,-3.73,0.26,-3.73,764,1997,0.26,-3.73
413026,0.0677,0.0032,1.0011,-0.03,-0.06,0.07,0.18,-3.87,11.91,-13.15,0.24,-3.76,0.25,-3.74,764,1997,0.25,-3.74
413046,0.0645,0.0079,1.0015,0.15,-0.08,0.07,0.45,-3.68,11.91,-13.15,0.24,-3.76,0.24,-3.74,764,2001,0.24,-3.74
413066,0.0655,0.0063,1.0030,0.16,-0.07,0.01,0.36,-3.74,11.91,-13.15,0.27,-3.76,0.26,-3.75,764,2000,0.26,-3.75
413086,0.0659,0.0055,0.9985,0.05,-0.06,0.11,0.32,-3.77,11.92,-13.15,0.29,-3.76,0.27,-3.75,764,1996,0.27,-3.75
413106,0.0644,0.0053,1.0037,0.04,0.03,0.07,0.31,-3.67,11.92,-13.15,0.27,-3.76,0.26,-3.75,764,1998,0.26,-3.75
413126,0.0643,0.0050,1.0027,0.00,0.03,-0.08,0.28,-3.67,11.92,-13.15,0.27,-3.76,0.26,-3.75,765,1998,0.26,-3.75
413146,0.0654,0.0052,0.9992,0.02,-0.10,-0.02,0.30,-3.75,11.92,-13.15,0.27,-3.76,0.26,-3.75,764,2002,0.26,-3.75
413166,0.0660,0.0043,0.9990,0.05,-0.03,-0.03,0.25,-3.78,11.92,-13.15,0.26,-3.77,0.26,-3.75,766,1997,0.26,-3.75
413186,0.0619,0.0033,1.0007,0.02,-0.06,-0.02,0.19,-3.54,11.92,-13.15,0.26,-3.76,0.26,-3.75,764,1996,0.26,-3.75
413206,0.0668,0.0052,0.9974,0.05,-0.10,-0.08,0.30,-3.83,11.92,-13.15,0.28,-3.76,0.27,-3.75,764,1996,0.27,-3.75
413226,0.0668,0.0031,0.9984,-0.05,-0.17,-0.03,0.18,-3.83,11.92,-13.15,0.29,-3.76,0.28,-3.76,763,1998,0.28,-3.76
413246,0.0659,0.0038,1.0027,0.00,0.03,0.05,0.22,-3.76,11.92,-13.15,0.27,-3.77,0.26,-3.76,763,1998,0.26,-3.76
413266,0.0658,0.0055,1.0050,0.01,0.00,-0.01,0.31,-3.75,11.92,-13.15,0.27,-3.76,0.27,-3.75,763,1997,0.27,-3.75
413286,0.0654,0.0043,1.0018,0.02,-0.06,-0.02,0.25,-3.74,11.92,-13.15,0.28,-3.75,0.27,-3.75,764,1997,0.27,-3.75
413306,0.0667,0.0064,0.9978,0.06,-0.02,0.05,0.37,-3.82,11.92,-13.16,0.29,-3.76,0.28,-3.76,764,1997,0.28,-3.76
413326,0.0685,0.0061,1.0047,0.03,-0.04,0.07,0.35,-3.90,11.92,-13.16,0.29,-3.78,0.28,-3.76,765,2000,0.28,-3.76
413346,0.0654,0.0057,1.0029,-0.04,-0.19,0.11,0.33,-3.73,11.92,-13.16,0.30,-3.77,0.29,-3.76,764,1998,0.29,-3.76
413365,0.0655,0.0047,1.0035,-0.05,-0.04,-0.09,0.27,-3.74,11.92,-13.16,0.30,-3.77,0.29,-3.76,765,2000,0.29,-3.76
413385,0.0663,0.0053,0.9974,0.02,-0.10,-0.01,0.31,-3.80,11.92,-13.16,0.30,-3.77,0.29,-3.76,765,1998,0.29,-3.76
413405,0.0668,0.0063,1.0005,0.03,-0.05,-0.00,0.36,-3.82,11.92,-13.16,0.31,-3.77,0.30,-3.76,764,1998,0.30,-3.76
413425,0.0657,0.0055,1.0027,-0.01,-0.07,0.01,0.31,-3.75,11.92,-13.16,0.31,-3.76,0.30,-3.76,765,1998,0.30,-3.76
413445,0.0660,0.0040,0.9984,0.07,-0.01,-0.05,0.23,-3.78,11.92,-13.16,0.31,-3.76,0.30,-3.76,764,1998,0.30,-3.76
413465,0.0686,0.0048,1.0039,0.08,0.00,0.01,0.27,-3.91,11.92,-13.16,0.31,-3.76,0.30,-3.76,765,1995,0.30,-3.76
413485,0.0652,0.0041,1.0016,0.08,-0.04,0.04,0.24,-3.72,11.93,-13.16,0.31,-3.76,0.30,-3.76,765,1994,0.30,-3.76
413505,0.0654,0.0038,1.0012,0.02,-0.08,-0.05,0.22,-3.74,11.93,-13.16,0.31,-3.76,0.30,-3.76,767,2002,0.30,-3.76
413525,0.0640,0.0034,1.0024,0.02,-0.06,-0.08,0.20,-3.65,11.93,-13.17,0.30,-3.76,0.30,-3.76,765,1999,0.30,-3.76
413545,0.0693,0.0061,0.9999,0.02,-0.12,-0.00,0.35,-3.96,11.93,-13.17,0.30,-3.76,0.30,-3.76,767,1995,0.30,-3.76
413565,0.0649,0.0060,1.0020,0.05,-0.06,0.05,0.34,-3.70,11.92,-13.17,0.31,-3.77,0.31,-3.76,767,1996,0.31,-3.76
413585,0.0648,0.0040,1.0008,-0.04,0.03,-0.02,0.23,-3.70,11.92,-13.17,0.29,-3.77,0.29,-3.76,767,1995,0.29,-3.76
413605,0.0676,0.0034,1.0002,-0.03,-0.06,0.03,0.20,-3.87,11.92,-13.17,0.29,-3.77,0.29,-3.77,767,1996,0.29,-3.77
413625,0.0683,0.0057,0.9993,-0.01,-0.17,0.01,0.32,-3.91,11.92,-13.17,0.29,-3.78,0.29,-3.77,767,1997,0.29,-3.77
413645,0.0629,0.0048,1.0036,0.00,-0.08,0.01,0.27,-3.59,11.93,-13.17,0.28,-3.78,0.29,-3.77,766,1995,0.29,-3.77
413665,0.0657,0.0034,1.0044,0.05,-0.00,-0.02,0.20,-3.74,11.93,-13.17,0.27,-3.78,0.28,-3.77,766,1996,0.28,-3.77
413685,0.0664,0.0042,1.0015,0.08,-0.13,-0.07,0.24,-3.79,11.93,-13.17,0.26,-3.78,0.27,-3.77,766,1995,0.27,-3.77
413705,0.0665,0.0043,0.9988,-0.02,-0.03,-0.06,0.25,-3.81,11.93,-13.17,0.25,-3.78,0.27,-3.78,766,1996,0.27,-3.78
413725,0.0640,0.0042,0.9992,0.00,0.00,0.01,0.24,-3.67,11.93,-13.18,0.26,-3.78,0.27,-3.77,765,2001,0.27,-3.77
413745,0.0645,0.0036,1.0016,0.02,-0.03,0.01,0.20,-3.68,11.93,-13.18,0.26,-3.76,0.27,-3.76,766,1997,0.27,-3.76
413765,0.0668,0.0017,1.0021,0.06,-0.10,0.04,0.10,-3.82,11.93,-13.18,0.25,-3.76,0.26,-3.76,766,1998,0.26,-3.76
413785,0.0639,0.0040,1.0007,0.01,0.03,-0.04,0.23,-3.65,11.93,-13.18,0.25,-3.75,0.26,-3.76,766,1997,0.26,-3.76
413805,0.0651,0.0041,1.0043,-0.08,-0.01,0.05,0.23,-3.71,11.93,-13.18,0.25,-3.74,0.26,-3.75,766,1997,0.26,-3.75
413825,0.0642,0.0076,0.9964,0.02,-0.07,-0.11,0.44,-3.69,11.93,-13.18,0.26,-3.75,0.26,-3.75,764,1998,0.26,-3.75
413845,0.0670,0.0038,1.0035,0.00,0.03,-0.05,0.22,-3.82,11.93,-13.18,0.25,-3.75,0.26,-3.75,763,1997,0.26,-3.75
413865,0.0636,0.0047,0.9997,0.02,-0.10,0.04,0.27,-3.64,11.93,-13.18,0.26,-3.75,0.26,-3.75,765,1998,0.26,-3.75
413885,0.0656,0.0051,0.9988,-0.09,-0.00,-0.04,0.29,-3.76,11.93,-13.18,0.26,-3.74,0.26,-3.75,763,2000,0.26,-3.75
413905,0.0668,0.0042,0.9983,0.11,-0.00,0.01,0.24,-3.83,11.93,-13.18,0.27,-3.75,0.26,-3.75,763,1997,0.26,-3.75
413925,0.0663,0.0056,1.0018,0.07,-0.14,0.07,0.32,-3.79,11.93,-13.18,0.28,-3.75,0.27,-3.75,765,1997,0.27,-3.75
413945,0.0655,0.0044,1.0024,0.08,-0.05,-0.05,0.25,-3.74,11.93,-13.19,0.28,-3.75,0.27,-3.75,764,1996,0.27,-3.75
413965,0.0653,0.0051,1.0032,0.01,-0.02,0.01,0.29,-3.72,11.93,-13.19,0.28,-3.75,0.27,-3.75,764,1998,0.27,-3.75
413985,0.0663,0.0038,0.9983,-0.05,0.05,0.03,0.22,-3.80,11.93,-13.19,0.27,-3.75,0.27,-3.75,764,1998,0.27,-3.75
414005,0.0647,0.0060,0.9966,-0.02,-0.14,0.02,0.34,-3.72,11.93,-13.19,0.28,-3.75,0.27,-3.75,764,2001,0.27,-3.75
414025,0.0660,0.0043,0.9985,0.06,0.06,0.05,0.25,-3.78,11.93,-13.19,0.28,-3.75,0.28,-3.75,763,2001,0.28,-3.75
414045,0.0665,0.0045,1.0017,-0.02,0.01,-0.01,0.26,-3.80,11.93,-13.19,0.29,-3.77,0.28,-3.76,764,1995,0.28,-3.76
414065,0.0660,0.0016,0.9984,0.02,-0.08,0.01,0.09,-3.78,11.93,-13.19,0.27,-3.76,0.27,-3.76,764,2001,0.27,-3.76
414085,0.0651,0.0041,1.0012,-0.02,-0.03,0.08,0.24,-3.72,11.93,-13.19,0.27,-3.75,0.27,-3.75,764,1998,0.27,-3.75
414105,0.0659,0.0036,0.9999,0.02,-0.10,-0.02,0.20,-3.77,11.93,-13.19,0.26,-3.76,0.26,-3.75,766,1997,0.26,-3.75
414125,0.0638,0.0045,1.0037,-0.02,0.03,-0.06,0.26,-3.64,11.93,-13.19,0.26,-3.75,0.26,-3.75,764,1998,0.26,-3.75
414145,0.0649,0.0060,1.0020,0.06,-0.12,0.05,0.34,-3.70,11.93,-13.19,0.26,-3.75,0.26,-3.75,766,2001,0.26,-3.75
414165,0.0665,0.0034,1.0004,0.03,0.03,-0.10,0.20,-3.80,11.94,-13.19,0.27,-3.74,0.27,-3.74,764,1998,0.27,-3.74
414185,0.0663,0.0060,0.9983,-0.05,0.10,0.01,0.34,-3.80,11.94,-13.19,0.27,-3.75,0.26,-3.74,764,2002,0.26,-3.74
414205,0.0649,0.0028,1.0012,-0.04,-0.02,-0.05,0.16,-3.71,11.94,-13.19,0.26,-3.74,0.26,-3.74,764,2001,0.26,-3.74
414225,0.0663,0.0042,0.9985,0.07,-0.05,-0.01,0.24,-3.80,11.94,-13.19,0.26,-3.73,0.26,-3.74,764,1998,0.26,-3.74
414245,0.0661,0.0065,1.0046,-0.02,0.01,0.01,0.37,-3.76,11.94,-13.20,0.26,-3.75,0.26,-3.74,764,1996,0.26,-3.74
414265,0.0660,0.0042,1.0052,-0.06,-0.00,-0.03,0.24,-3.76,11.94,-13.20,0.26,-3.74,0.26,-3.74,764,1998,0.26,-3.74
414285,0.0644,0.0058,1.0008,0.02,0.03,-0.03,0.33,-3.68,11.94,-13.20,0.25,-3.76,0.26,-3.75,764,1997,0.26,-3.75
414305,0.0657,0.0050,1.0005,-0.02,-0.02,-0.06,0.29,-3.76,11.94,-13.20,0.26,-3.76,0.26,-3.75,764,2001,0.26,-3.75
414325,0.0645,0.0063,1.0032,0.03,-0.10,-0.04,0.36,-3.68,11.94,-13.20,0.25,-3.76,0.25,-3.75,765,1998,0.25,-3.75
414345,0.0642,0.0066,0.9986,0.01,0.07,0.02,0.38,-3.68,11.94,-13.20,0.27,-3.75,0.26,-3.75,764,1998,0.26,-3.75
414364,0.0659,0.0035,0.9997,-0.10,0.03,0.08,0.20,-3.77,11.94,-13.20,0.27,-3.75,0.26,-3.74,765,1999,0.26,-3.74
414384,0.0675,0.0038,1.0026,0.02,-0.06,-0.07,0.22,-3.85,11.94,-13.20,0.26,-3.75,0.26,-3.74,765,1999,0.26,-3.74
414404,0.0648,0.0058,1.0009,0.08,0.11,-0.02,0.33,-3.70,11.94,-13.20,0.27,-3.75,0.26,-3.74,765,1998,0.26,-3.74
414424,0.0646,0.0025,1.0031,0.02,0.07,0.08,0.14,-3.68,11.94,-13.20,0.26,-3.74,0.26,-3.74,765,1994,0.26,-3.74
414444,0.0649,0.0079,0.9989,0.04,-0.03,0.01,0.45,-3.72,11.94,-13.20,0.25,-3.74,0.25,-3.74,765,2001,0.25,-3.74
414464,0.0657,0.0049,1.0008,0.09,-0.10,-0.01,0.28,-3.76,11.94,-13.20,0.26,-3.74,0.26,-3.73,765,1994,0.26,-3.73
414484,0.0641,0.0042,1.0009,0.04,-0.17,-0.02,0.24,-3.66,11.94,-13.20,0.25,-3.74,0.25,-3.74,767,1997,0.25,-3.74
414504,0.0660,0.0052,1.0018,0.10,0.02,0.20,0.30,-3.77,11.94,-13.20,0.26,-3.74,0.26,-3.74,767,1997,0.26,-3.74
414524,0.0654,0.0058,1.0002,0.04,0.00,-0.05,0.33,-3.74,11.95,-13.20,0.27,-3.74,0.26,-3.74,767,1998,0.26,-3.74
414544,0.0652,0.0042,1.0022,0.05,-0.00,0.02,0.24,-3.72,11.95,-13.20,0.27,-3.74,0.26,-3.74,767,1997,0.26,-3.74
414564,0.0635,0.0021,1.0026,0.04,-0.06,0.02,0.12,-3.62,11.95,-13.21,0.26,-3.74,0.26,-3.73,767,1995,0.26,-3.73
414584,0.0673,0.0052,1.0024,0.02,-0.03,-0.04,0.29,-3.84,11.95,-13.21,0.26,-3.74,0.26,-3.73,767,1997,0.26,-3.73
414604,0.0651,0.0057,1.0006,0.12,-0.02,0.03,0.33,-3.72,11.95,-13.21,0.28,-3.74,0.27,-3.73,767,1995,0.27,-3.73
414624,0.0665,0.0053,1.0020,0.08,-0.10,-0.01,0.31,-3.80,11.95,-13.21,0.29,-3.73,0.27,-3.73,766,1995,0.27,-3.73
414644,0.0655,0.0038,0.9969,0.03,-0.13,-0.10,0.22,-3.76,11.95,-13.21,0.28,-3.74,0.27,-3.74,766,1997,0.27,-3.74
414664,0.0647,0.0055,1.0016,0.09,-0.15,0.01,0.31,-3.69,11.95,-13.21,0.28,-3.74,0.27,-3.73,766,1996,0.27,-3.73
414684,0.0668,0.0041,1.0006,-0.01,-0.07,-0.01,0.23,-3.82,11.95,-13.21,0.28,-3.74,0.28,-3.74,766,1996,0.28,-3.74
414704,0.0657,0.0048,1.0017,0.04,-0.11,-0.01,0.27,-3.75,11.95,-13.21,0.29,-3.75,0.28,-3.74,766,1997,0.28,-3.74
414724,0.0658,0.0060,1.0010,0.02,-0.05,0.05,0.34,-3.76,11.95,-13.21,0.29,-3.74,0.28,-3.74,766,1997,0.28,-3.74
414744,0.0660,0.0036,1.0041,-0.02,-0.11,-0.04,0.21,-3.76,11.95,-13.22,0.29,-3.76,0.28,-3.74,766,1996,0.28,-3.74
414764,0.0665,0.0027,1.0048,0.03,0.02,-0.01,0.15,-3.79,11.95,-13.22,0.27,-3.74,0.27,-3.74,766,2001,0.27,-3.74
414784,0.0648,0.0055,1.0002,0.05,-0.06,0.05,0.32,-3.71,11.95,-13.22,0.27,-3.75,0.27,-3.74,763,1997,0.27,-3.74
414804,0.0662,0.0031,0.9990,0.08,-0.09,0.03,0.18,-3.79,11.95,-13.22,0.27,-3.75,0.27,-3.74,764,1997,0.27,-3.74
414824,0.0657,0.0053,1.0004,0.01,-0.07,0.01,0.31,-3.76,11.96,-13.22,0.26,-3.75,0.27,-3.75,763,1998,0.27,-3.75
414844,0.0654,0.0027,1.0009,0.06,-0.02,0.05,0.15,-3.74,11.96,-13.22,0.25,-3.76,0.26,-3.75,764,2002,0.26,-3.75
414864,0.0677,0.0046,1.0009,0.01,-0.08,-0.01,0.26,-3.87,11.96,-13.22,0.25,-3.77,0.26,-3.75,763,1996,0.26,-3.75
414884,0.0667,0.0034,1.0012,0.09,-0.01,0.05,0.19,-3.81,11.96,-13.22,0.24,-3.77,0.25,-3.76,763,2001,0.25,-3.76
414904,0.0663,0.0045,1.0014,0.03,0.08,0.04,0.26,-3.79,11.96,-13.22,0.25,-3.77,0.25,-3.76,764,1995,0.25,-3.76
414924,0.0652,0.0023,1.0010,0.03,0.01,-0.04,0.13,-3.73,11.96,-13.22,0.24,-3.77,0.25,-3.76,764,1998,0.25,-3.76
414944,0.0649,0.0030,1.0032,0.03,-0.03,-0.08,0.17,-3.70,11.96,-13.22,0.23,-3.76,0.24,-3.75,764,1995,0.24,-3.75
414964,0.0668,0.0045,0.9970,0.05,-0.02,0.03,0.26,-3.83,11.96,-13.22,0.24,-3.76,0.24,-3.76,764,2001,0.24,-3.76
414984,0.0646,0.0020,0.9976,0.05,-0.00,0.02,0.11,-3.71,11.96,-13.22,0.23,-3.76,0.24,-3.76,763,2002,0.24,-3.76
415004,0.0666,0.0027,0.9981,0.05,-0.03,-0.03,0.16,-3.82,11.96,-13.22,0.23,-3.77,0.23,-3.76,764,1995,0.23,-3.76
415024,0.0648,0.0045,0.9981,0.02,0.05,0.07,0.26,-3.72,11.96,-13.22,0.23,-3.77,0.23,-3.76,765,1998,0.23,-3.76
415044,0.0652,0.0049,1.0004,0.04,-0.04,-0.05,0.28,-3.73,11.96,-13.22,0.23,-3.77,0.23,-3.76,764,1998,0.23,-3.76
415064,0.0658,0.0044,1.0051,-0.05,0.10,0.11,0.25,-3.75,11.96,-13.23,0.23,-3.76,0.23,-3.76,766,2001,0.23,-3.76
415084,0.0653,0.0030,0.9999,0.05,0.00,0.13,0.17,-3.74,11.96,-13.23,0.23,-3.76,0.23,-3.76,764,1997,0.23,-3.76
415104,0.0659,0.0030,1.0016,0.06,0.00,-0.02,0.17,-3.77,11.96,-13.23,0.22,-3.75,0.22,-3.75,763,1998,0.23,-3.75
415124,0.0663,0.0027,1.0004,0.04,0.00,-0.01,0.16,-3.79,11.97,-13.23,0.22,-3.76,0.22,-3.76,764,1997,0.22,-3.76
415144,0.0658,0.0045,1.0024,-0.05,-0.01,-0.01,0.26,-3.76,11.97,-13.23,0.22,-3.76,0.22,-3.75,764,2002,0.22,-3.75
415164,0.0666,0.0020,1.0030,0.08,-0.22,0.05,0.12,-3.80,11.97,-13.23,0.23,-3.77,0.22,-3.76,764,1998,0.22,-3.76
415184,0.0673,0.0039,0.9999,0.03,-0.04,-0.02,0.23,-3.85,11.97,-13.23,0.22,-3.76,0.22,-3.76,764,1998,0.22,-3.76
415204,0.0649,0.0044,1.0039,-0.11,-0.06,-0.01,0.25,-3.70,11.97,-13.23,0.22,-3.77,0.22,-3.76,764,1997,0.22,-3.76
415224,0.0652,0.0027,1.0000,0.06,0.00,0.02,0.15,-3.73,11.97,-13.23,0.22,-3.75,0.22,-3.75,764,1996,0.22,-3.75
415244,0.0686,0.0017,1.0015,0.04,0.03,0.05,0.10,-3.92,11.97,-13.23,0.20,-3.77,0.21,-3.76,764,1997,0.21,-3.76
415264,0.0641,0.0060,0.9964,0.11,-0.01,-0.04,0.35,-3.68,11.97,-13.23,0.21,-3.77,0.21,-3.76,764,2002,0.21,-3.76
415284,0.0659,0.0043,1.0006,0.11,0.01,0.01,0.25,-3.77,11.97,-13.23,0.23,-3.76,0.22,-3.75,764,1997,0.22,-3.75
415304,0.0643,0.0025,1.0017,0.04,-0.06,-0.09,0.14,-3.67,11.97,-13.23,0.23,-3.76,0.22,-3.75,764,1996,0.22,-3.75
415324,0.0655,0.0052,0.9997,0.13,-0.06,0.06,0.30,-3.75,11.97,-13.23,0.24,-3.75,0.22,-3.75,765,1995,0.22,-3.75
415344,0.0657,0.0051,1.0007,0.05,-0.02,-0.03,0.29,-3.76,11.97,-13.23,0.25,-3.75,0.23,-3.75,765,1999,0.23,-3.75
415363,0.0670,0.0039,0.9987,-0.05,-0.01,-0.02,0.22,-3.84,11.97,-13.23,0.25,-3.76,0.23,-3.75,765,1995,0.23,-3.75
415383,0.0669,0.0046,1.0046,0.11,-0.02,-0.02,0.26,-3.81,11.98,-13.23,0.26,-3.76,0.24,-3.75,765,1995,0.24,-3.75
415403,0.0640,0.0031,0.9988,0.02,-0.10,-0.05,0.18,-3.67,11.98,-13.23,0.25,-3.76,0.24,-3.75,765,1999,0.23,-3.75
415423,0.0646,0.0049,1.0024,0.04,0.02,-0.06,0.28,-3.69,11.98,-13.23,0.26,-3.75,0.24,-3.75,766,1998,0.24,-3.75
415443,0.0660,0.0030,0.9998,0.02,-0.07,-0.07,0.17,-3.78,11.98,-13.23,0.25,-3.75,0.24,-3.75,767,1998,0.24,-3.75
415463,0.0663,0.0044,1.0016,0.04,-0.01,0.09,0.25,-3.79,11.98,-13.23,0.25,-3.75,0.24,-3.75,767,1997,0.24,-3.75
415483,0.0657,0.0052,1.0021,0.03,0.00,-0.04,0.30,-3.75,11.98,-13.23,0.25,-3.75,0.24,-3.75,767,1997,0.24,-3.75
415503,0.0660,0.0023,0.9984,0.14,-0.02,-0.13,0.13,-3.78,11.98,-13.24,0.25,-3.75,0.24,-3.75,767,1995,0.24,-3.75
415523,0.0664,0.0047,1.0041,0.05,0.00,0.01,0.27,-3.78,11.98,-13.24,0.25,-3.75,0.24,-3.75,767,2001,0.24,-3.75
415543,0.0646,0.0031,1.0002,0.01,0.06,-0.01,0.18,-3.70,11.98,-13.24,0.23,-3.75,0.23,-3.75,767,1997,0.23,-3.75
415563,0.0659,0.0066,1.0009,0.07,-0.07,0.01,0.38,-3.77,11.98,-13.24,0.24,-3.75,0.23,-3.75,767,1995,0.23,-3.75
415583,0.0659,0.0028,0.9967,0.11,-0.03,-0.07,0.16,-3.78,11.99,-13.24,0.23,-3.76,0.23,-3.75,767,2001,0.23,-3.75
415603,0.0681,0.0043,0.9984,0.14,0.01,0.03,0.25,-3.90,11.99,-13.24,0.23,-3.77,0.23,-3.76,767,1995,0.23,-3.76
415623,0.0651,0.0039,1.0010,0.11,-0.00,0.11,0.22,-3.72,11.99,-13.24,0.23,-3.76,0.23,-3.75,766,1997,0.23,-3.75
415643,0.0665,0.0032,1.0019,0.03,0.13,-0.03,0.18,-3.80,11.99,-13.24,0.23,-3.77,0.23,-3.76,766,1997,0.23,-3.76
415663,0.0669,0.0060,0.9997,0.10,-0.04,0.08,0.34,-3.83,11.99,-13.24,0.23,-3.77,0.23,-3.76,766,2002,0.23,-3.76
415683,0.0648,0.0046,1.0008,-0.03,-0.05,0.09,0.26,-3.70,11.99,-13.24,0.25,-3.78,0.24,-3.77,766,1995,0.24,-3.77
415703,0.0634,0.0052,0.9998,0.11,0.00,0.01,0.30,-3.63,11.99,-13.24,0.26,-3.77,0.24,-3.76,766,1998,0.24,-3.76
415723,0.0659,0.0050,0.9967,0.06,-0.00,-0.00,0.29,-3.78,11.99,-13.24,0.25,-3.75,0.24,-3.75,763,2002,0.24,-3.75
415743,0.0648,0.0052,1.0012,0.03,-0.03,0.06,0.30,-3.70,12.00,-13.24,0.27,-3.75,0.25,-3.75,764,2001,0.25,-3.75
415763,0.0659,0.0029,1.0040,0.02,-0.05,0.01,0.17,-3.76,12.00,-13.24,0.24,-3.76,0.24,-3.75,763,1997,0.24,-3.75
415783,0.0645,0.0054,1.0003,0.10,0.00,-0.08,0.31,-3.69,12.00,-13.24,0.23,-3.75,0.23,-3.75,763,1996,0.23,-3.75
415803,0.0641,0.0041,1.0039,-0.06,-0.04,-0.05,0.23,-3.65,12.00,-13.24,0.25,-3.73,0.24,-3.74,764,2002,0.24,-3.74
415823,0.0677,0.0014,0.9993,0.06,-0.08,-0.08,0.08,-3.87,12.00,-13.24,0.23,-3.74,0.23,-3.74,763,1997,0.23,-3.74
415843,0.0660,0.0032,1.0037,0.11,-0.06,0.01,0.18,-3.76,12.00,-13.24,0.21,-3.75,0.22,-3.75,764,1998,0.22,-3.75
415863,0.0638,0.0078,1.0006,-0.01,-0.14,-0.01,0.45,-3.65,12.00,-13.24,0.24,-3.74,0.24,-3.74,763,2001,0.24,-3.74
415883,0.0654,0.0025,1.0018,-0.04,-0.10,0.03,0.14,-3.73,12.00,-13.24,0.25,-3.74,0.24,-3.74,764,1998,0.24,-3.74
415903,0.0652,0.0036,1.0051,0.07,-0.09,0.05,0.21,-3.71,12.00,-13.25,0.23,-3.75,0.23,-3.74,764,1995,0.23,-3.74
415923,0.0655,0.0080,1.0016,0.07,-0.06,0.01,0.46,-3.74,12.00,-13.25,0.25,-3.74,0.24,-3.74,764,1997,0.24,-3.74
415943,0.0656,0.0010,0.9998,-0.02,-0.11,0.01,0.06,-3.75,12.00,-13.25,0.26,-3.73,0.25,-3.74,764,1994,0.25,-3.74
415963,0.0652,0.0016,1.0021,0.06,-0.10,-0.06,0.09,-3.72,12.00,-13.25,0.23,-3.75,0.23,-3.75,764,2001,0.23,-3.75
415983,0.0647,0.0050,0.9995,0.05,-0.15,-0.12,0.29,-3.70,12.00,-13.25,0.23,-3.74,0.23,-3.74,764,1998,0.23,-3.74
416003,0.0649,0.0064,1.0006,-0.02,-0.13,0.05,0.37,-3.71,12.00,-13.25,0.26,-3.74,0.24,-3.74,766,1999,0.24,-3.74
416023,0.0647,0.0035,1.0018,-0.01,-0.07,-0.01,0.20,-3.70,12.00,-13.25,0.26,-3.74,0.25,-3.74,764,1998,0.25,-3.74
416043,0.0650,0.0032,1.0017,0.08,-0.04,0.04,0.18,-3.71,12.00,-13.25,0.23,-3.74,0.23,-3.74,765,1997,0.23,-3.74
416063,0.0636,0.0055,1.0007,-0.01,-0.03,0.08,0.31,-3.63,12.00,-13.25,0.24,-3.73,0.23,-3.74,763,1998,0.23,-3.74
416083,0.0663,0.0054,0.9998,-0.02,-0.11,0.13,0.31,-3.79,12.00,-13.25,0.25,-3.73,0.24,-3.73,764,1998,0.24,-3.73
416103,0.0670,0.0030,1.0034,0.08,-0.00,0.05,0.17,-3.82,12.00,-13.26,0.25,-3.75,0.24,-3.74,764,1996,0.24,-3.74
416123,0.0639,0.0050,0.9996,-0.01,-0.04,-0.01,0.29,-3.66,12.01,-13.26,0.25,-3.75,0.24,-3.74,764,1998,0.24,-3.74
416143,0.0654,0.0039,1.0010,0.08,-0.03,-0.02,0.23,-3.74,12.01,-13.26,0.26,-3.74,0.25,-3.74,763,2002,0.25,-3.74
416163,0.0656,0.0040,1.0006,0.01,-0.07,-0.05,0.23,-3.75,12.01,-13.26,0.26,-3.74,0.25,-3.74,764,2002,0.25,-3.74
416183,0.0651,0.0052,0.9994,0.06,-0.03,0.04,0.30,-3.72,12.01,-13.26,0.25,-3.74,0.24,-3.74,764,1997,0.24,-3.74
416203,0.0638,0.0054,1.0015,-0.02,0.01,-0.04,0.31,-3.64,12.01,-13.26,0.25,-3.73,0.25,-3.73,764,2003,0.25,-3.73
416223,0.0648,0.0058,1.0029,0.05,-0.06,0.05,0.33,-3.70,12.01,-13.26,0.26,-3.72,0.25,-3.73,764,1998,0.25,-3.73
416243,0.0655,0.0051,1.0038,0.08,-0.00,-0.02,0.29,-3.73,12.01,-13.26,0.26,-3.73,0.25,-3.73,764,1998,0.25,-3.73
416263,0.0671,0.0036,0.9995,0.05,0.01,-0.01,0.20,-3.84,12.01,-13.26,0.26,-3.73,0.25,-3.73,764,1996,0.25,-3.73
416283,0.0652,0.0019,1.0015,0.02,0.03,0.08,0.11,-3.73,12.01,-13.26,0.25,-3.73,0.25,-3.73,764,1997,0.25,-3.73
416303,0.0683,0.0032,1.0029,0.05,-0.10,0.05,0.18,-3.89,12.01,-13.27,0.26,-3.76,0.25,-3.74,765,1998,0.25,-3.74
416323,0.0671,0.0050,1.0018,0.11,-0.00,0.02,0.28,-3.83,12.01,-13.27,0.25,-3.77,0.25,-3.75,765,1999,0.25,-3.75
416342,0.0639,0.0062,1.0009,0.04,-0.08,0.05,0.35,-3.65,12.01,-13.27,0.25,-3.76,0.25,-3.75,766,1996,0.25,-3.75
416362,0.0644,0.0050,1.0001,0.01,-0.06,-0.03,0.29,-3.69,12.01,-13.27,0.25,-3.74,0.25,-3.74,765,1999,0.25,-3.74
416382,0.0677,0.0039,1.0012,-0.06,0.04,-0.00,0.22,-3.87,12.01,-13.27,0.25,-3.75,0.25,-3.74,767,1997,0.25,-3.74
416402,0.0654,0.0049,1.0028,0.05,-0.05,-0.02,0.28,-3.73,12.01,-13.27,0.26,-3.75,0.25,-3.74,767,1997,0.25,-3.74
416422,0.0639,0.0067,1.0007,-0.04,-0.02,0.01,0.38,-3.66,12.02,-13.27,0.27,-3.74,0.26,-3.74,767,2001,0.26,-3.74
416442,0.0639,0.0033,1.0022,0.11,0.02,-0.08,0.19,-3.65,12.02,-13.27,0.28,-3.74,0.27,-3.73,767,1997,0.27,-3.73
416462,0.0650,0.0030,1.0021,0.10,-0.16,-0.05,0.17,-3.71,12.02,-13.27,0.28,-3.74,0.27,-3.74,767,1997,0.27,-3.74
416482,0.0649,0.0060,1.0044,-0.04,-0.03,-0.05,0.34,-3.70,12.02,-13.27,0.27,-3.74,0.26,-3.74,767,1997,0.26,-3.74
416502,0.0646,0.0063,1.0033,0.02,-0.10,0.08,0.36,-3.68,12.02,-13.28,0.28,-3.72,0.27,-3.73,767,1998,0.27,-3.73
416522,0.0662,0.0026,1.0030,0.02,-0.10,-0.04,0.15,-3.78,12.02,-13.28,0.27,-3.74,0.27,-3.73,767,1996,0.27,-3.73
416542,0.0656,0.0055,0.9994,0.04,-0.02,-0.00,0.32,-3.76,12.02,-13.28,0.27,-3.75,0.26,-3.74,767,1997,0.26,-3.74
416562,0.0652,0.0069,1.0013,0.03,-0.11,0.04,0.39,-3.73,12.02,-13.28,0.29,-3.75,0.28,-3.74,767,1996,0.28,-3.74
416582,0.0651,0.0041,1.0004,0.03,0.00,0.13,0.24,-3.72,12.02,-13.28,0.29,-3.75,0.28,-3.74,767,2001,0.28,-3.74
416602,0.0639,0.0040,0.9988,-0.04,-0.00,-0.02,0.23,-3.66,12.02,-13.28,0.28,-3.74,0.27,-3.74,767,2001,0.27,-3.74
416622,0.0668,0.0050,1.0010,0.05,-0.10,-0.17,0.29,-3.82,12.02,-13.28,0.29,-3.76,0.28,-3.74,766,1999,0.28,-3.74
416642,0.0648,0.0047,1.0015,-0.01,-0.10,-0.01,0.27,-3.70,12.02,-13.28,0.29,-3.76,0.28,-3.75,766,1996,0.28,-3.75
416662,0.0662,0.0041,1.0026,0.00,0.00,-0.10,0.24,-3.78,12.02,-13.28,0.27,-3.76,0.27,-3.75,766,1995,0.27,-3.75
416682,0.0672,0.0050,1.0002,-0.01,-0.01,-0.12,0.29,-3.84,12.02,-13.28,0.28,-3.77,0.28,-3.76,763,2001,0.28,-3.76
416702,0.0678,0.0052,1.0009,0.04,-0.04,-0.10,0.30,-3.88,12.02,-13.28,0.27,-3.78,0.27,-3.76,763,2001,0.27,-3.76
416722,0.0656,0.0052,1.0033,-0.07,-0.03,-0.10,0.29,-3.74,12.02,-13.28,0.29,-3.77,0.28,-3.76,763,1997,0.28,-3.76
416742,0.0670,0.0045,1.0027,-0.02,-0.12,-0.02,0.26,-3.82,12.02,-13.29,0.28,-3.78,0.28,-3.77,763,1997,0.28,-3.77
416762,0.0656,0.0046,1.0003,-0.02,0.03,-0.14,0.26,-3.75,12.02,-13.29,0.27,-3.78,0.27,-3.77,763,2002,0.27,-3.77
416782,0.0661,0.0053,1.0008,0.00,-0.10,0.07,0.31,-3.78,12.03,-13.29,0.27,-3.78,0.28,-3.77,763,2002,0.28,-3.77
416802,0.0663,0.0039,1.0002,0.07,0.03,0.04,0.23,-3.79,12.03,-13.29,0.27,-3.78,0.27,-3.77,763,1997,0.27,-3.77
416822,0.0664,0.0055,1.0022,0.03,0.01,0.02,0.31,-3.79,12.03,-13.29,0.26,-3.77,0.27,-3.77,763,1998,0.27,-3.77
416842,0.0653,0.0022,1.0006,-0.01,-0.06,-0.03,0.12,-3.73,12.03,-13.29,0.25,-3.77,0.26,-3.76,764,1998,0.26,-3.76
416862,0.0651,0.0054,0.9986,0.01,0.01,0.08,0.31,-3.73,12.03,-13.29,0.25,-3.78,0.26,-3.77,764,2001,0.26,-3.77
416882,0.0670,0.0023,1.0029,0.03,-0.03,-0.06,0.13,-3.82,12.03,-13.29,0.24,-3.78,0.25,-3.77,764,1999,0.25,-3.77
416902,0.0649,0.0058,1.0028,0.07,-0.00,-0.00,0.33,-3.70,12.03,-13.29,0.24,-3.77,0.25,-3.76,767,1998,0.25,-3.76
416922,0.0652,0.0069,1.0015,0.06,0.07,-0.04,0.39,-3.72,12.03,-13.29,0.25,-3.76,0.25,-3.76,764,1998,0.25,-3.76
416942,0.0672,0.0035,0.9991,0.02,0.01,-0.07,0.20,-3.85,12.03,-13.29,0.25,-3.76,0.26,-3.76,764,1996,0.26,-3.76
416962,0.0657,0.0037,1.0024,0.10,-0.10,-0.00,0.21,-3.75,12.03,-13.29,0.25,-3.77,0.25,-3.77,766,1996,0.25,-3.77
416982,0.0661,0.0059,1.0023,0.02,0.01,-0.10,0.34,-3.77,12.03,-13.29,0.25,-3.77,0.26,-3.77,764,2002,0.26,-3.77
417002,0.0673,0.0033,1.0004,0.06,-0.06,-0.05,0.19,-3.85,12.04,-13.29,0.26,-3.77,0.26,-3.77,763,1997,0.26,-3.77
417022,0.0679,0.0041,1.0040,-0.05,-0.06,-0.00,0.23,-3.87,12.04,-13.29,0.27,-3.78,0.26,-3.78,764,2002,0.26,-3.78
417042,0.0667,0.0052,1.0007,-0.03,-0.00,0.08,0.30,-3.81,12.04,-13.30,0.27,-3.79,0.26,-3.78,764,1997,0.26,-3.78
417062,0.0667,0.0045,1.0034,0.05,-0.04,0.02,0.26,-3.80,12.04,-13.30,0.27,-3.77,0.26,-3.77,764,1998,0.26,-3.77
417082,0.0664,0.0028,0.9998,0.06,-0.01,-0.05,0.16,-3.80,12.04,-13.30,0.27,-3.78,0.26,-3.77,764,1996,0.26,-3.77
417102,0.0677,0.0050,1.0060,0.13,-0.08,0.01,0.29,-3.85,12.04,-13.30,0.27,-3.78,0.26,-3.77,764,1998,0.26,-3.77
417122,0.0659,0.0050,1.0006,0.01,-0.00,-0.03,0.29,-3.77,12.04,-13.30,0.28,-3.78,0.27,-3.78,764,1997,0.27,-3.78
417142,0.0646,0.0066,1.0007,-0.02,-0.10,0.07,0.38,-3.69,12.04,-13.30,0.29,-3.77,0.28,-3.77,764,1997,0.28,-3.77
417162,0.0651,0.0033,1.0007,0.07,0.01,-0.02,0.19,-3.72,12.04,-13.30,0.28,-3.77,0.27,-3.77,764,1995,0.27,-3.77
417182,0.0656,0.0033,0.9998,0.05,-0.08,0.05,0.19,-3.75,12.04,-13.30,0.27,-3.77,0.27,-3.77,763,1996,0.27,-3.77
417202,0.0659,0.0056,0.9990,-0.01,-0.18,0.11,0.32,-3.78,12.04,-13.30,0.27,-3.77,0.27,-3.77,763,1998,0.27,-3.77
417222,0.0657,0.0055,0.9998,0.00,-0.05,0.01,0.31,-3.76,12.04,-13.31,0.29,-3.78,0.28,-3.78,764,1996,0.28,-3.78
417242,0.0662,0.0035,1.0007,0.01,0.07,0.07,0.20,-3.78,12.04,-13.31,0.29,-3.77,0.28,-3.77,764,2001,0.28,-3.77
417262,0.0670,0.0029,1.0027,0.02,0.03,0.05,0.17,-3.82,12.04,-13.31,0.26,-3.78,0.26,-3.78,765,1998,0.26,-3.78
417282,0.0657,0.0039,1.0013,-0.06,-0.09,-0.03,0.22,-3.75,12.04,-13.31,0.25,-3.78,0.26,-3.78,764,1998,0.26,-3.78
417302,0.0670,0.0053,1.0023,0.02,-0.03,-0.03,0.30,-3.82,12.04,-13.31,0.26,-3.77,0.26,-3.77,765,2001,0.26,-3.77
417322,0.0669,0.0047,1.0017,0.05,0.09,-0.04,0.27,-3.82,12.04,-13.31,0.26,-3.77,0.26,-3.77,763,1999,0.26,-3.77
417341,0.0634,0.0052,1.0026,0.02,-0.07,0.05,0.29,-3.62,12.04,-13.31,0.27,-3.76,0.27,-3.77,767,1998,0.26,-3.77
417361,0.0651,0.0036,1.0005,0.02,-0.14,-0.02,0.20,-3.72,12.05,-13.31,0.27,-3.74,0.27,-3.76,767,1998,0.27,-3.76
417381,0.0639,0.0036,0.9996,-0.05,-0.04,0.10,0.21,-3.66,12.05,-13.31,0.26,-3.73,0.26,-3.75,767,1998,0.26,-3.75
417401,0.0654,0.0045,1.0022,-0.02,-0.01,-0.11,0.26,-3.73,12.05,-13.31,0.25,-3.73,0.25,-3.74,767,2002,0.25,-3.74
417421,0.0656,0.0072,0.9990,-0.05,0.04,0.01,0.41,-3.76,12.05,-13.31,0.25,-3.73,0.26,-3.74,767,1997,0.26,-3.74
417441,0.0647,0.0044,1.0006,-0.03,-0.06,-0.03,0.25,-3.70,12.05,-13.31,0.27,-3.73,0.26,-3.74,767,1997,0.26,-3.74
417461,0.0667,0.0047,1.0024,0.09,0.03,0.09,0.27,-3.81,12.05,-13.31,0.26,-3.73,0.26,-3.74,767,1996,0.26,-3.74
417481,0.0630,0.0029,1.0021,0.08,-0.06,0.05,0.17,-3.60,12.05,-13.31,0.24,-3.73,0.25,-3.73,767,1995,0.25,-3.73
417501,0.0647,0.0044,0.9998,0.08,-0.00,-0.07,0.25,-3.70,12.05,-13.31,0.24,-3.72,0.25,-3.73,767,1996,0.25,-3.73
417521,0.0669,0.0043,1.0026,0.02,-0.03,0.14,0.25,-3.82,12.05,-13.32,0.25,-3.72,0.25,-3.73,767,2002,0.25,-3.73
417541,0.0667,0.0014,1.0042,0.11,-0.03,0.01,0.08,-3.80,12.05,-13.32,0.24,-3.74,0.25,-3.73,766,1995,0.25,-3.73
417561,0.0656,0.0050,1.0010,0.08,0.01,0.01,0.29,-3.75,12.05,-13.32,0.24,-3.74,0.24,-3.74,767,1995,0.24,-3.74
417581,0.0645,0.0057,1.0004,-0.05,0.02,0.07,0.32,-3.69,12.05,-13.32,0.25,-3.73,0.25,-3.73,767,1997,0.25,-3.73
417601,0.0640,0.0040,1.0021,0.10,0.01,0.04,0.23,-3.65,12.06,-13.32,0.28,-3.72,0.26,-3.72,765,1995,0.26,-3.72
417621,0.0665,0.0028,1.0009,-0.03,-0.03,-0.11,0.16,-3.80,12.06,-13.32,0.26,-3.72,0.25,-3.72,766,2000,0.25,-3.72
417641,0.0657,0.0069,0.9994,0.10,-0.03,-0.04,0.39,-3.76,12.06,-13.32,0.26,-3.72,0.25,-3.72,764,2002,0.25,-3.72
417661,0.0641,0.0028,1.0030,0.05,0.03,-0.01,0.16,-3.66,12.06,-13.32,0.26,-3.72,0.26,-3.71,763,2001,0.26,-3.71
417681,0.0669,0.0046,0.9988,0.07,-0.01,-0.11,0.26,-3.83,12.06,-13.32,0.25,-3.72,0.25,-3.71,763,2001,0.25,-3.71
417701,0.0649,0.0037,1.0026,0.02,-0.07,-0.02,0.21,-3.71,12.06,-13.32,0.26,-3.73,0.25,-3.72,764,1996,0.25,-3.72
417721,0.0646,0.0066,0.9998,-0.02,-0.07,-0.04,0.38,-3.69,12.06,-13.32,0.27,-3.72,0.26,-3.72,763,2001,0.26,-3.72
417741,0.0654,0.0039,1.0010,-0.08,-0.12,0.06,0.22,-3.74,12.06,-13.32,0.27,-3.73,0.26,-3.72,763,1997,0.26,-3.72
417761,0.0662,0.0045,0.9992,0.11,0.03,-0.04,0.26,-3.79,12.06,-13.32,0.26,-3.73,0.26,-3.72,763,2002,0.26,-3.72
417781,0.0654,0.0074,1.0035,0.01,-0.03,-0.15,0.42,-3.73,12.06,-13.32,0.27,-3.73,0.26,-3.72,764,1998,0.26,-3.72
417801,0.0675,0.0053,0.9988,-0.02,-0.06,-0.05,0.30,-3.87,12.06,-13.32,0.27,-3.73,0.26,-3.72,763,1998,0.26,-3.72
417821,0.0652,0.0037,1.0013,0.00,-0.01,0.04,0.21,-3.73,12.06,-13.32,0.27,-3.74,0.26,-3.72,763,2002,0.26,-3.72
417841,0.0665,0.0042,1.0024,0.06,-0.02,0.04,0.24,-3.79,12.07,-13.32,0.27,-3.74,0.27,-3.72,763,1999,0.27,-3.72
417861,0.0668,0.0040,1.0039,0.00,-0.03,-0.07,0.23,-3.81,12.07,-13.32,0.27,-3.75,0.26,-3.73,764,1999,0.26,-3.73
417881,0.0647,0.0042,1.0020,0.05,0.00,0.05,0.24,-3.70,12.07,-13.32,0.28,-3.75,0.27,-3.73,763,1996,0.27,-3.73
417901,0.0654,0.0044,1.0007,0.08,-0.03,0.03,0.25,-3.74,12.07,-13.32,0.27,-3.74,0.27,-3.73,766,1994,0.27,-3.73
417921,0.0675,0.0044,1.0030,0.13,-0.05,0.02,0.25,-3.85,12.07,-13.32,0.25,-3.75,0.26,-3.74,764,1997,0.26,-3.74
417941,0.0651,0.0061,1.0005,0.01,0.01,-0.02,0.35,-3.72,12.07,-13.32,0.26,-3.74,0.26,-3.73,764,1996,0.26,-3.73
417961,0.0638,0.0041,1.0007,0.10,-0.01,-0.04,0.24,-3.65,12.07,-13.32,0.27,-3.74,0.26,-3.73,763,1998,0.26,-3.73
417981,0.0650,0.0043,0.9996,0.08,-0.00,-0.08,0.25,-3.72,12.07,-13.32,0.26,-3.74,0.26,-3.73,764,1998,0.26,-3.73
418001,0.0636,0.0049,1.0015,0.02,-0.08,0.06,0.28,-3.63,12.07,-13.33,0.25,-3.74,0.25,-3.73,764,1998,0.25,-3.73
418021,0.0642,0.0048,1.0033,-0.02,-0.04,0.10,0.27,-3.66,12.07,-13.33,0.27,-3.73,0.26,-3.73,764,1998,0.26,-3.73
418041,0.0661,0.0030,0.9997,-0.02,0.04,-0.08,0.17,-3.78,12.07,-13.33,0.26,-3.73,0.26,-3.72,764,1995,0.26,-3.72
418061,0.0651,0.0047,1.0048,0.05,-0.06,0.06,0.27,-3.70,12.07,-13.33,0.25,-3.73,0.25,-3.73,764,1998,0.25,-3.73
418081,0.0652,0.0077,1.0018,0.13,0.05,-0.09,0.44,-3.72,12.07,-13.33,0.26,-3.73,0.26,-3.72,764,1998,0.26,-3.72
418101,0.0647,0.0040,1.0021,0.05,-0.06,0.04,0.23,-3.69,12.07,-13.33,0.27,-3.72,0.26,-3.72,764,2002,0.26,-3.72
418121,0.0655,0.0032,1.0005,0.08,-0.02,-0.03,0.18,-3.75,12.08,-13.33,0.25,-3.73,0.25,-3.72,764,1998,0.25,-3.72
418141,0.0673,0.0053,0.9983,0.11,0.00,-0.04,0.31,-3.86,12.08,-13.33,0.25,-3.74,0.25,-3.73,764,1998,0.25,-3.73
418161,0.0629,0.0042,1.0000,0.09,-0.06,-0.08,0.24,-3.60,12.08,-13.33,0.27,-3.73,0.26,-3.72,764,2002,0.26,-3.72
418181,0.0640,0.0038,0.9991,-0.01,-0.09,-0.12,0.22,-3.67,12.08,-13.33,0.26,-3.73,0.26,-3.72,763,1998,0.26,-3.72
418201,0.0669,0.0032,1.0007,0.09,0.02,-0.05,0.18,-3.83,12.08,-13.33,0.25,-3.73,0.25,-3.72,764,1998,0.25,-3.72
418221,0.0649,0.0025,1.0004,0.05,-0.16,-0.03,0.14,-3.71,12.08,-13.33,0.25,-3.74,0.25,-3.73,764,1997,0.25,-3.73
418241,0.0662,0.0070,0.9994,-0.05,-0.08,0.07,0.40,-3.79,12.08,-13.33,0.26,-3.74,0.25,-3.73,764,1998,0.25,-3.73
418261,0.0669,0.0006,1.0027,-0.06,0.03,0.08,0.04,-3.82,12.08,-13.33,0.26,-3.74,0.26,-3.73,764,1997,0.26,-3.73
418281,0.0664,0.0038,1.0029,0.15,-0.11,0.01,0.21,-3.79,12.08,-13.34,0.25,-3.75,0.25,-3.74,767,1998,0.25,-3.74
418301,0.0642,0.0060,0.9996,0.09,-0.02,0.05,0.34,-3.68,12.08,-13.34,0.27,-3.74,0.26,-3.73,767,1998,0.26,-3.73
418321,0.0667,0.0027,1.0071,-0.01,-0.05,0.05,0.15,-3.79,12.08,-13.34,0.27,-3.74,0.26,-3.73,767,1998,0.26,-3.73
418340,0.0659,0.0055,1.0007,0.08,-0.03,-0.00,0.32,-3.77,12.08,-13.34,0.27,-3.74,0.26,-3.73,767,1998,0.26,-3.73
418360,0.0659,0.0034,1.0043,0.02,0.01,-0.02,0.20,-3.75,12.08,-13.34,0.27,-3.74,0.26,-3.74,767,1997,0.26,-3.74
418380,0.0678,0.0046,1.0014,-0.05,-0.10,-0.08,0.26,-3.88,12.08,-13.34,0.28,-3.75,0.27,-3.74,767,1998,0.27,-3.74
418400,0.0656,0.0039,0.9995,0.14,-0.05,-0.00,0.22,-3.76,12.08,-13.34,0.27,-3.76,0.27,-3.75,767,1998,0.27,-3.75
418420,0.0647,0.0045,1.0021,0.03,-0.04,0.09,0.26,-3.70,12.08,-13.34,0.27,-3.75,0.26,-3.74,767,1997,0.26,-3.74
418440,0.0670,0.0043,1.0024,0.00,-0.14,-0.00,0.25,-3.83,12.09,-13.34,0.27,-3.75,0.26,-3.74,767,1997,0.26,-3.74
418460,0.0667,0.0066,1.0044,0.01,-0.07,-0.02,0.37,-3.80,12.09,-13.35,0.27,-3.76,0.26,-3.75,767,1997,0.26,-3.75
418480,0.0672,0.0041,1.0053,0.00,0.02,-0.01,0.23,-3.83,12.08,-13.35,0.26,-3.77,0.26,-3.76,766,2002,0.26,-3.76
418500,0.0658,0.0041,1.0020,0.05,-0.05,0.08,0.24,-3.76,12.09,-13.35,0.26,-3.76,0.26,-3.75,767,1997,0.26,-3.75
418520,0.0642,0.0058,1.0004,0.00,0.01,0.01,0.33,-3.67,12.09,-13.35,0.26,-3.75,0.26,-3.75,767,1997,0.26,-3.75
418540,0.0657,0.0065,1.0035,0.02,0.02,0.13,0.37,-3.74,12.09,-13.35,0.27,-3.75,0.26,-3.75,767,1995,0.26,-3.75
418560,0.0637,0.0038,1.0003,0.06,-0.11,0.02,0.22,-3.64,12.09,-13.35,0.27,-3.74,0.26,-3.74,767,1995,0.26,-3.74
418580,0.0644,0.0049,1.0056,-0.05,-0.09,-0.01,0.28,-3.66,12.09,-13.35,0.27,-3.74,0.27,-3.74,765,2001,0.27,-3.74
418600,0.0653,0.0038,1.0034,0.11,-0.09,-0.00,0.21,-3.72,12.09,-13.35,0.27,-3.75,0.26,-3.75,763,2002,0.26,-3.75
418620,0.0649,0.0034,0.9999,0.00,-0.03,-0.00,0.19,-3.72,12.09,-13.35,0.26,-3.74,0.26,-3.74,763,1996,0.26,-3.74
418640,0.0665,0.0058,1.0013,0.05,-0.02,-0.04,0.33,-3.80,12.09,-13.35,0.26,-3.75,0.26,-3.75,764,2001,0.26,-3.75
418660,0.0666,0.0054,1.0009,0.02,-0.01,0.01,0.31,-3.81,12.09,-13.35,0.27,-3.76,0.26,-3.75,763,1997,0.26,-3.75
418680,0.0678,0.0071,1.0037,-0.02,-0.05,-0.00,0.40,-3.87,12.09,-13.35,0.28,-3.77,0.27,-3.76,763,1997,0.27,-3.76
418700,0.0649,0.0058,1.0015,0.02,0.00,-0.03,0.33,-3.71,12.09,-13.36,0.30,-3.76,0.28,-3.75,763,1997,0.28,-3.75
418720,0.0648,0.0052,0.9993,0.01,0.03,0.06,0.30,-3.71,12.09,-13.36,0.30,-3.76,0.29,-3.75,763,1997,0.29,-3.75
418740,0.0646,0.0022,0.9994,0.02,-0.06,-0.00,0.13,-3.70,12.09,-13.36,0.27,-3.76,0.27,-3.75,763,2002,0.27,-3.75
418760,0.0664,0.0059,1.0020,0.03,-0.03,0.06,0.34,-3.79,12.09,-13.36,0.26,-3.75,0.26,-3.75,764,1996,0.26,-3.75
418780,0.0677,0.0060,1.0016,-0.02,-0.04,0.02,0.34,-3.87,12.09,-13.36,0.26,-3.76,0.27,-3.75,764,1998,0.26,-3.75
418800,0.0649,0.0050,0.9988,0.08,-0.11,0.05,0.29,-3.72,12.09,-13.36,0.26,-3.76,0.26,-3.76,766,1997,0.26,-3.76
418820,0.0652,0.0053,1.0018,-0.10,-0.10,0.04,0.30,-3.73,12.09,-13.36,0.27,-3.76,0.27,-3.75,764,1998,0.26,-3.75
418840,0.0660,0.0039,0.9988,0.00,0.01,0.04,0.23,-3.78,12.10,-13.36,0.27,-3.75,0.27,-3.75,763,1997,0.27,-3.75
418860,0.0669,0.0055,1.0027,0.01,-0.11,-0.09,0.32,-3.82,12.10,-13.36,0.27,-3.76,0.27,-3.75,766,1997,0.27,-3.75
418880,0.0658,0.0033,1.0037,0.02,-0.02,0.01,0.19,-3.75,12.10,-13.36,0.28,-3.76,0.27,-3.76,765,1998,0.27,-3.76
418900,0.0641,0.0015,1.0038,0.04,-0.05,0.03,0.08,-3.65,12.10,-13.36,0.25,-3.76,0.26,-3.76,764,2002,0.26,-3.76
418920,0.0649,0.0057,1.0002,-0.01,-0.06,0.06,0.33,-3.71,12.10,-13.37,0.26,-3.77,0.26,-3.76,765,1997,0.26,-3.76
418940,0.0646,0.0047,0.9999,0.00,-0.10,0.02,0.27,-3.70,12.10,-13.37,0.27,-3.76,0.27,-3.76,763,1998,0.27,-3.76
418960,0.0684,0.0032,0.9993,0.02,-0.07,-0.06,0.18,-3.92,12.10,-13.37,0.27,-3.76,0.26,-3.76,764,1998,0.26,-3.76
418980,0.0659,0.0047,1.0039,0.15,-0.06,0.08,0.27,-3.75,12.10,-13.37,0.25,-3.76,0.26,-3.76,764,1998,0.26,-3.76
419000,0.0655,0.0041,1.0013,0.07,-0.12,0.08,0.23,-3.75,12.10,-13.37,0.26,-3.76,0.26,-3.76,764,2002,0.26,-3.76
419020,0.0649,0.0053,1.0000,0.02,0.03,0.01,0.30,-3.71,12.10,-13.37,0.27,-3.77,0.26,-3.76,764,1998,0.26,-3.76
419040,0.0644,0.0030,0.9990,-0.03,-0.04,-0.01,0.17,-3.69,12.10,-13.37,0.27,-3.76,0.27,-3.76,764,1998,0.27,-3.76
419060,0.0649,0.0062,1.0030,0.02,0.00,0.02,0.35,-3.70,12.10,-13.37,0.27,-3.76,0.27,-3.76,764,2001,0.27,-3.76
419080,0.0639,0.0033,1.0034,-0.05,0.08,0.03,0.19,-3.65,12.10,-13.37,0.27,-3.75,0.27,-3.75,764,1996,0.27,-3.75
419100,0.0648,0.0045,1.0012,0.08,0.02,-0.05,0.26,-3.70,12.10,-13.37,0.26,-3.73,0.26,-3.74,764,1996,0.26,-3.74
419120,0.0667,0.0038,1.0066,0.06,-0.04,-0.05,0.21,-3.79,12.10,-13.37,0.26,-3.74,0.26,-3.74,764,1997,0.26,-3.74
419140,0.0646,0.0050,1.0015,-0.01,-0.03,0.05,0.28,-3.69,12.10,-13.37,0.26,-3.74,0.26,-3.74,764,1998,0.26,-3.74
419160,0.0644,0.0044,1.0023,0.11,-0.05,0.04,0.25,-3.68,12.10,-13.37,0.27,-3.73,0.26,-3.74,764,1998,0.26,-3.74
419180,0.0647,0.0067,1.0029,0.10,-0.07,-0.05,0.38,-3.69,12.10,-13.37,0.27,-3.74,0.27,-3.74,764,1997,0.27,-3.74
419200,0.0652,0.0033,1.0034,0.05,-0.03,0.01,0.19,-3.72,12.10,-13.38,0.28,-3.74,0.27,-3.74,764,1998,0.27,-3.74
419220,0.0654,0.0051,0.9985,0.12,-0.02,-0.04,0.29,-3.75,12.11,-13.38,0.27,-3.73,0.27,-3.73,763,1996,0.27,-3.73
419240,0.0657,0.0055,1.0016,0.05,-0.00,-0.02,0.32,-3.75,12.11,-13.38,0.28,-3.73,0.27,-3.73,766,1995,0.27,-3.73
419260,0.0659,0.0057,1.0041,0.05,0.03,-0.07,0.33,-3.75,12.11,-13.38,0.29,-3.73,0.28,-3.73,766,2001,0.28,-3.73
419280,0.0644,0.0056,1.0035,0.04,-0.03,-0.00,0.32,-3.67,12.11,-13.38,0.29,-3.74,0.28,-3.74,767,1996,0.28,-3.74
419300,0.0663,0.0045,1.0005,0.02,-0.03,0.05,0.26,-3.79,12.11,-13.38,0.28,-3.74,0.28,-3.74,767,1998,0.28,-3.74
419319,0.0632,0.0045,0.9968,0.11,-0.13,-0.00,0.26,-3.63,12.11,-13.38,0.27,-3.75,0.27,-3.74,767,1997,0.27,-3.74
419339,0.0667,0.0038,0.9982,0.08,-0.10,-0.03,0.22,-3.82,12.11,-13.38,0.28,-3.75,0.28,-3.74,767,1997,0.28,-3.74
419359,0.0674,0.0047,1.0019,0.07,-0.01,-0.13,0.27,-3.85,12.11,-13.38,0.28,-3.75,0.28,-3.74,767,1998,0.28,-3.74
419379,0.0667,0.0040,1.0026,0.12,0.10,-0.02,0.23,-3.80,12.12,-13.38,0.28,-3.75,0.28,-3.74,767,1996,0.28,-3.74
419399,0.0655,0.0049,0.9998,0.06,-0.07,-0.13,0.28,-3.75,12.12,-13.38,0.28,-3.74,0.28,-3.74,767,1997,0.28,-3.74
419419,0.0668,0.0042,1.0010,0.07,-0.08,-0.03,0.24,-3.82,12.12,-13.38,0.27,-3.75,0.28,-3.74,767,1998,0.28,-3.74
419439,0.0664,0.0046,1.0027,0.07,-0.05,0.17,0.26,-3.79,12.12,-13.38,0.28,-3.75,0.28,-3.74,767,1997,0.28,-3.74
419459,0.0664,0.0050,1.0009,0.06,0.01,0.01,0.29,-3.79,12.12,-13.38,0.29,-3.75,0.28,-3.74,767,1997,0.28,-3.74
419479,0.0639,0.0046,1.0023,0.00,-0.10,-0.02,0.26,-3.65,12.12,-13.39,0.28,-3.74,0.28,-3.74,767,1997,0.28,-3.74
419499,0.0666,0.0056,0.9958,0.02,-0.01,0.01,0.32,-3.83,12.12,-13.39,0.30,-3.73,0.29,-3.73,767,1997,0.29,-3.73
419519,0.0679,0.0028,1.0007,0.05,-0.13,-0.05,0.16,-3.88,12.12,-13.39,0.29,-3.74,0.29,-3.74,767,1996,0.29,-3.74
419539,0.0670,0.0041,1.0006,0.05,-0.06,-0.04,0.23,-3.83,12.12,-13.39,0.27,-3.76,0.28,-3.75,765,1996,0.28,-3.75
419559,0.0645,0.0047,1.0009,0.08,-0.03,-0.03,0.27,-3.69,12.12,-13.39,0.29,-3.76,0.28,-3.75,765,2001,0.28,-3.75
419579,0.0647,0.0049,0.9985,0.08,-0.15,0.02,0.28,-3.71,12.13,-13.39,0.28,-3.75,0.28,-3.74,764,2001,0.28,-3.74
419599,0.0673,0.0020,0.9999,0.03,-0.03,-0.13,0.11,-3.85,12.13,-13.39,0.27,-3.76,0.27,-3.75,764,1995,0.27,-3.75
419619,0.0647,0.0025,0.9992,0.07,-0.10,-0.05,0.14,-3.70,12.13,-13.39,0.25,-3.77,0.26,-3.75,763,2000,0.26,-3.75
419639,0.0659,0.0036,1.0018,0.05,-0.09,0.03,0.21,-3.76,12.13,-13.39,0.25,-3.76,0.26,-3.75,764,1995,0.26,-3.75
419659,0.0652,0.0043,1.0002,0.10,-0.10,-0.02,0.25,-3.73,12.13,-13.39,0.26,-3.77,0.26,-3.76,763,1997,0.26,-3.76
419679,0.0641,0.0022,1.0015,0.05,-0.10,-0.05,0.13,-3.66,12.13,-13.39,0.25,-3.76,0.26,-3.75,763,1997,0.26,-3.75
419699,0.0671,0.0050,1.0005,0.08,-0.06,-0.03,0.29,-3.84,12.13,-13.40,0.25,-3.78,0.26,-3.76,764,1997,0.26,-3.76
419719,0.0646,0.0047,1.0040,0.08,-0.00,-0.07,0.27,-3.68,12.13,-13.40,0.26,-3.77,0.26,-3.76,764,1998,0.26,-3.76
419739,0.0636,0.0053,1.0024,0.05,-0.04,-0.02,0.31,-3.63,12.14,-13.40,0.26,-3.77,0.26,-3.76,764,1996,0.26,-3.76
419759,0.0670,0.0061,1.0002,0.09,-0.01,-0.01,0.35,-3.83,12.14,-13.40,0.27,-3.77,0.26,-3.76,764,1998,0.26,-3.76
419779,0.0659,0.0035,1.0046,0.11,-0.02,-0.02,0.20,-3.75,12.14,-13.40,0.27,-3.77,0.27,-3.77,764,1998,0.27,-3.77
419799,0.0677,0.0036,0.9990,-0.01,0.04,-0.02,0.20,-3.88,12.14,-13.40,0.26,-3.78,0.26,-3.77,763,1998,0.26,-3.77
419819,0.0649,0.0052,1.0010,0.11,-0.01,-0.03,0.30,-3.71,12.14,-13.40,0.26,-3.77,0.26,-3.76,766,1999,0.26,-3.76
419839,0.0635,0.0027,1.0009,0.02,-0.04,-0.03,0.15,-3.63,12.14,-13.40,0.26,-3.76,0.26,-3.76,764,1998,0.26,-3.76
419859,0.0647,0.0062,0.9999,-0.01,-0.08,0.01,0.36,-3.70,12.14,-13.40,0.25,-3.75,0.25,-3.75,764,1998,0.25,-3.75
419879,0.0655,0.0033,1.0002,0.04,-0.06,-0.05,0.19,-3.75,12.14,-13.40,0.25,-3.75,0.25,-3.75,765,2001,0.25,-3.75
419899,0.0652,0.0068,1.0006,0.01,-0.03,-0.05,0.39,-3.73,12.14,-13.40,0.26,-3.76,0.26,-3.76,764,1996,0.26,-3.76
419919,0.0662,0.0052,1.0021,0.09,-0.06,0.01,0.30,-3.78,12.14,-13.40,0.25,-3.76,0.25,-3.76,764,1998,0.25,-3.76
419939,0.0661,0.0044,1.0020,-0.02,0.08,-0.02,0.25,-3.77,12.14,-13.40,0.26,-3.75,0.25,-3.75,763,1998,0.25,-3.75
419959,0.0633,0.0050,0.9995,0.04,0.07,-0.04,0.29,-3.62,12.14,-13.40,0.26,-3.75,0.25,-3.75,764,1998,0.25,-3.75
419979,0.0667,0.0048,1.0020,0.08,-0.09,0.06,0.27,-3.81,12.14,-13.40,0.26,-3.75,0.25,-3.75,764,1997,0.25,-3.75
419999,0.0652,0.0063,1.0002,0.05,-0.13,0.10,0.36,-3.73,12.15,-13.40,0.26,-3.76,0.25,-3.76,764,1997,0.25,-3.76
420019,0.0662,0.0029,0.9995,-0.01,-0.05,0.01,0.17,-3.79,12.15,-13.40,0.25,-3.76,0.25,-3.76,764,1998,0.25,-3.76
420039,0.0642,0.0041,0.9984,-0.05,0.01,0.07,0.23,-3.68,12.15,-13.40,0.26,-3.76,0.25,-3.76,764,1995,0.25,-3.76
420059,0.0665,0.0047,0.9999,-0.04,-0.08,-0.01,0.27,-3.80,12.15,-13.40,0.25,-3.76,0.25,-3.75,764,2002,0.25,-3.75
420079,0.0651,0.0046,1.0015,0.09,-0.13,-0.05,0.26,-3.72,12.15,-13.40,0.25,-3.76,0.25,-3.76,764,2002,0.25,-3.76
420099,0.0648,0.0043,0.9989,0.06,-0.11,0.05,0.25,-3.71,12.15,-13.41,0.25,-3.75,0.24,-3.75,764,1996,0.24,-3.75
420119,0.0667,0.0048,0.9998,0.08,-0.12,0.01,0.27,-3.81,12.15,-13.41,0.24,-3.76,0.24,-3.76,764,1998,0.24,-3.76
420139,0.0657,0.0051,1.0019,0.03,-0.07,-0.02,0.29,-3.75,12.15,-13.41,0.25,-3.75,0.25,-3.75,764,2002,0.25,-3.75
420159,0.0665,0.0042,0.9990,0.05,-0.13,-0.06,0.24,-3.81,12.15,-13.41,0.26,-3.76,0.25,-3.76,764,1997,0.25,-3.76
420179,0.0652,0.0062,1.0042,0.00,-0.06,-0.02,0.35,-3.72,12.15,-13.41,0.27,-3.76,0.26,-3.76,766,1998,0.26,-3.76
420199,0.0637,0.0053,1.0021,0.15,0.08,-0.04,0.30,-3.64,12.15,-13.41,0.28,-3.76,0.26,-3.75,766,1995,0.26,-3.75
420219,0.0675,0.0038,0.9997,0.02,-0.06,-0.00,0.22,-3.86,12.15,-13.41,0.27,-3.76,0.26,-3.76,766,1996,0.26,-3.76
420239,0.0662,0.0056,1.0021,0.08,0.00,-0.02,0.32,-3.78,12.15,-13.41,0.27,-3.76,0.26,-3.76,766,1998,0.26,-3.76
420259,0.0646,0.0041,1.0033,0.02,-0.03,-0.05,0.24,-3.69,12.15,-13.41,0.27,-3.75,0.26,-3.75,766,1997,0.26,-3.75
420279,0.0664,0.0066,1.0055,0.08,-0.06,-0.04,0.38,-3.78,12.16,-13.41,0.26,-3.75,0.26,-3.75,767,1998,0.26,-3.75
420299,0.0645,0.0055,1.0035,0.04,0.05,-0.01,0.31,-3.68,12.16,-13.41,0.27,-3.75,0.26,-3.75,767,2002,0.26,-3.75
420318,0.0649,0.0056,1.0024,0.02,0.01,-0.08,0.32,-3.70,12.16,-13.41,0.27,-3.74,0.26,-3.74,767,1998,0.26,-3.74
420338,0.0644,0.0042,1.0041,0.04,-0.10,0.04,0.24,-3.67,12.16,-13.41,0.27,-3.74,0.26,-3.74,767,1998,0.26,-3.74
420358,0.0656,0.0041,0.9995,0.03,-0.07,-0.05,0.24,-3.76,12.16,-13.41,0.27,-3.75,0.26,-3.75,767,1998,0.26,-3.75
420378,0.0673,0.0041,0.9987,-0.03,-0.11,-0.02,0.24,-3.85,12.16,-13.42,0.27,-3.76,0.26,-3.76,767,1997,0.26,-3.76
420398,0.0647,0.0031,0.9996,0.04,-0.03,0.05,0.18,-3.71,12.16,-13.42,0.26,-3.76,0.25,-3.75,767,1998,0.25,-3.75
420418,0.0649,0.0036,1.0015,0.00,-0.06,0.06,0.21,-3.71,12.16,-13.42,0.25,-3.77,0.25,-3.76,767,2002,0.25,-3.76
420438,0.0677,0.0033,0.9993,0.08,-0.03,-0.06,0.19,-3.87,12.16,-13.42,0.24,-3.77,0.25,-3.76,767,1996,0.25,-3.76
420458,0.0652,0.0058,1.0027,0.02,-0.02,0.15,0.33,-3.72,12.16,-13.42,0.24,-3.77,0.24,-3.76,767,1997,0.24,-3.76
420478,0.0667,0.0052,1.0001,0.02,-0.03,-0.04,0.30,-3.82,12.16,-13.42,0.25,-3.77,0.25,-3.76,765,1997,0.25,-3.76
420498,0.0654,0.0040,1.0027,0.04,-0.03,-0.06,0.23,-3.73,12.16,-13.42,0.24,-3.76,0.24,-3.76,765,2002,0.24,-3.76
420518,0.0674,0.0066,1.0012,-0.11,0.06,-0.00,0.38,-3.85,12.16,-13.42,0.25,-3.78,0.25,-3.77,764,1995,0.25,-3.77
420538,0.0659,0.0033,0.9995,-0.02,-0.07,-0.02,0.19,-3.77,12.16,-13.42,0.24,-3.78,0.24,-3.77,765,1995,0.24,-3.77
420558,0.0665,0.0032,0.9994,0.03,-0.08,-0.09,0.18,-3.81,12.16,-13.43,0.24,-3.79,0.24,-3.78,764,2000,0.24,-3.78
420578,0.0636,0.0061,1.0000,-0.04,0.02,0.05,0.35,-3.64,12.17,-13.43,0.25,-3.77,0.24,-3.77,764,2001,0.24,-3.77
420598,0.0653,0.0044,0.9988,0.09,0.00,-0.00,0.25,-3.74,12.17,-13.43,0.25,-3.76,0.25,-3.76,763,2000,0.25,-3.76
420618,0.0650,0.0030,1.0011,0.10,-0.13,0.05,0.17,-3.71,12.17,-13.43,0.23,-3.75,0.23,-3.75,764,2001,0.23,-3.75
420638,0.0659,0.0047,1.0035,-0.01,-0.11,-0.02,0.27,-3.76,12.17,-13.43,0.24,-3.74,0.24,-3.75,763,2001,0.24,-3.75
420658,0.0668,0.0049,1.0021,0.00,0.03,0.08,0.28,-3.82,12.17,-13.43,0.24,-3.76,0.24,-3.76,763,1998,0.24,-3.76
420678,0.0671,0.0050,1.0024,0.00,-0.05,-0.01,0.28,-3.83,12.17,-13.43,0.24,-3.77,0.24,-3.76,763,1997,0.24,-3.76
420698,0.0659,0.0042,1.0007,0.05,-0.13,0.08,0.24,-3.77,12.17,-13.43,0.25,-3.77,0.24,-3.76,766,2001,0.24,-3.76
420718,0.0638,0.0035,1.0035,0.15,-0.17,0.06,0.20,-3.64,12.17,-13.43,0.23,-3.76,0.23,-3.76,764,1998,0.23,-3.76
420738,0.0641,0.0031,1.0046,-0.02,-0.06,-0.05,0.18,-3.65,12.17,-13.43,0.22,-3.75,0.23,-3.75,763,1998,0.23,-3.75
420758,0.0638,0.0038,1.0026,-0.03,-0.07,0.02,0.21,-3.64,12.17,-13.43,0.23,-3.73,0.23,-3.74,766,1997,0.23,-3.74
420778,0.0647,0.0040,1.0016,0.08,-0.14,0.02,0.23,-3.70,12.17,-13.43,0.23,-3.73,0.23,-3.74,764,1999,0.23,-3.74
420798,0.0658,0.0064,1.0004,0.01,-0.03,0.03,0.37,-3.76,12.17,-13.44,0.25,-3.72,0.24,-3.73,764,1998,0.24,-3.73
420818,0.0660,0.0064,1.0041,0.00,0.06,0.05,0.37,-3.76,12.17,-13.43,0.26,-3.73,0.24,-3.73,763,1998,0.24,-3.73
420838,0.0634,0.0058,1.0030,0.08,-0.06,-0.05,0.33,-3.62,12.18,-13.44,0.26,-3.73,0.24,-3.73,765,1997,0.24,-3.73
420858,0.0670,0.0034,0.9999,0.02,-0.09,-0.06,0.20,-3.83,12.18,-13.44,0.26,-3.73,0.24,-3.73,765,1998,0.24,-3.73
420878,0.0647,0.0044,1.0049,0.03,0.07,-0.05,0.25,-3.68,12.18,-13.44,0.25,-3.73,0.24,-3.73,765,1997,0.24,-3.73
420898,0.0643,0.0044,1.0042,0.03,-0.07,-0.03,0.25,-3.66,12.18,-13.44,0.26,-3.72,0.25,-3.72,764,1998,0.25,-3.72
420918,0.0654,0.0051,1.0043,-0.01,-0.04,0.05,0.29,-3.73,12.18,-13.44,0.26,-3.72,0.25,-3.72,764,1996,0.25,-3.72
420938,0.0665,0.0038,1.0020,0.03,-0.03,-0.08,0.22,-3.80,12.18,-13.44,0.26,-3.73,0.25,-3.73,764,1998,0.25,-3.73
420958,0.0675,0.0055,1.0006,-0.01,-0.01,0.01,0.32,-3.86,12.18,-13.44,0.26,-3.74,0.25,-3.73,764,1997,0.25,-3.73
420978,0.0645,0.0030,1.0004,0.05,-0.00,0.03,0.17,-3.69,12.18,-13.44,0.25,-3.75,0.25,-3.74,764,1997,0.25,-3.74
420998,0.0650,0.0041,1.0038,-0.01,-0.12,-0.04,0.24,-3.70,12.18,-13.44,0.25,-3.74,0.24,-3.73,764,1998,0.24,-3.73
421018,0.0652,0.0050,1.0040,0.00,-0.10,0.05,0.28,-3.72,12.18,-13.44,0.25,-3.75,0.25,-3.74,764,1997,0.25,-3.74
421038,0.0650,0.0061,1.0001,0.04,-0.13,0.01,0.35,-3.72,12.18,-13.45,0.25,-3.75,0.25,-3.74,764,1998,0.25,-3.74
421058,0.0651,0.0039,1.0033,0.02,-0.03,0.11,0.22,-3.71,12.18,-13.45,0.25,-3.75,0.25,-3.74,764,1996,0.25,-3.74
421078,0.0648,0.0063,1.0007,-0.02,0.05,-0.03,0.36,-3.71,12.18,-13.45,0.25,-3.74,0.25,-3.74,764,1998,0.25,-3.74
421098,0.0638,0.0053,1.0010,0.05,-0.00,0.01,0.31,-3.64,12.18,-13.45,0.26,-3.73,0.25,-3.73,764,1997,0.25,-3.73
421118,0.0683,0.0028,1.0049,0.09,-0.06,-0.04,0.16,-3.89,12.18,-13.45,0.25,-3.73,0.25,-3.73,764,1998,0.25,-3.73
421138,0.0651,0.0060,0.9985,0.05,-0.07,0.08,0.35,-3.73,12.18,-13.45,0.24,-3.74,0.24,-3.73,766,2001,0.24,-3.73
421158,0.0666,0.0036,1.0046,0.05,0.04,-0.01,0.20,-3.79,12.18,-13.45,0.26,-3.74,0.25,-3.74,766,1996,0.25,-3.74
421178,0.0654,0.0039,1.0014,0.07,0.09,0.02,0.23,-3.73,12.18,-13.45,0.25,-3.74,0.24,-3.74,764,2002,0.24,-3.74
421198,0.0636,0.0050,1.0015,0.05,-0.03,0.05,0.28,-3.63,12.19,-13.45,0.26,-3.74,0.25,-3.74,766,1997,0.25,-3.74
421218,0.0665,0.0019,1.0002,0.06,-0.06,0.03,0.11,-3.80,12.19,-13.45,0.26,-3.76,0.25,-3.74,766,1995,0.25,-3.74
421238,0.0654,0.0050,1.0012,0.05,0.04,0.12,0.28,-3.74,12.19,-13.45,0.23,-3.77,0.23,-3.75,766,1996,0.23,-3.75
421258,0.0658,0.0041,1.0021,0.04,-0.01,0.01,0.24,-3.76,12.19,-13.45,0.24,-3.75,0.24,-3.74,767,1998,0.24,-3.74
421278,0.0679,0.0033,1.0002,0.03,-0.00,-0.03,0.19,-3.88,12.19,-13.45,0.25,-3.76,0.24,-3.75,767,1998,0.24,-3.75
421297,0.0667,0.0052,1.0025,0.11,-0.03,-0.07,0.29,-3.80,12.19,-13.45,0.24,-3.77,0.24,-3.75,767,1998,0.24,-3.75
421317,0.0664,0.0050,1.0020,0.03,-0.10,-0.02,0.28,-3.79,12.19,-13.45,0.24,-3.78,0.24,-3.76,767,1998,0.24,-3.76
421337,0.0669,0.0022,1.0004,-0.05,-0.09,0.07,0.13,-3.83,12.19,-13.45,0.25,-3.79,0.24,-3.77,767,1998,0.24,-3.77
421357,0.0658,0.0052,1.0036,-0.03,0.06,0.08,0.29,-3.75,12.19,-13.45,0.23,-3.78,0.23,-3.77,767,1997,0.23,-3.77
421377,0.0666,0.0028,1.0031,0.12,-0.05,-0.11,0.16,-3.80,12.19,-13.45,0.23,-3.78,0.23,-3.77,767,1996,0.23,-3.77
421397,0.0677,0.0023,1.0020,0.06,-0.04,-0.02,0.13,-3.86,12.19,-13.45,0.22,-3.78,0.22,-3.77,767,1996,0.22,-3.77
421417,0.0646,0.0044,0.9987,0.11,-0.10,-0.00,0.25,-3.70,12.20,-13.45,0.24,-3.78,0.23,-3.77,767,2002,0.23,-3.77
421437,0.0668,0.0037,1.0023,0.02,0.07,0.03,0.21,-3.81,12.20,-13.45,0.23,-3.77,0.23,-3.77,764,1997,0.23,-3.77
421457,0.0650,0.0058,0.9992,0.11,0.08,0.04,0.33,-3.72,12.20,-13.45,0.23,-3.78,0.23,-3.77,765,1997,0.23,-3.77
421477,0.0650,0.0053,1.0010,0.05,-0.07,-0.00,0.31,-3.71,12.20,-13.45,0.25,-3.77,0.24,-3.76,765,2002,0.24,-3.76
421497,0.0170,0.0301,0.7439,-1.18,-4.00,0.25,2.32,-1.31,12.19,-13.47,0.34,-3.64,0.29,-3.70,770,1997,0.29,-3.70
421517,0.0304,-0.0227,0.9995,0.76,4.01,-0.25,-1.30,-1.74,12.18,-13.43,0.19,-3.67,0.20,-3.70,770,1995,0.20,-3.70
421537,0.0754,0.0374,0.8961,-0.51,-0.53,-0.04,2.39,-4.80,12.21,-13.46,0.21,-3.73,0.22,-3.74,770,1997,0.22,-3.74
421557,0.0784,0.0020,1.2008,0.33,-0.29,0.05,0.09,-3.73,12.20,-13.44,0.42,-3.64,0.34,-3.68,764,2001,0.34,-3.68
421577,0.0567,-0.0032,0.8527,-0.08,1.49,0.01,-0.22,-3.80,12.21,-13.46,0.18,-3.79,0.21,-3.76,763,2001,0.21,-3.76
421597,0.0685,0.0259,1.0757,0.02,0.42,0.09,1.38,-3.64,12.20,-13.44,0.31,-3.70,0.28,-3.71,770,1995,0.28,-3.71
421617,0.0660,-0.0086,0.9141,0.19,-2.00,0.02,-0.54,-4.13,12.21,-13.46,0.24,-3.74,0.24,-3.74,763,2000,0.24,-3.74
421637,0.0591,0.0154,1.1022,-0.18,2.26,-0.04,0.80,-3.07,12.20,-13.45,0.28,-3.75,0.26,-3.73,767,2000,0.26,-3.73
421657,0.0777,-0.0011,0.9213,-0.08,-1.20,-0.04,-0.07,-4.82,12.21,-13.46,0.25,-3.79,0.25,-3.76,763,1997,0.25,-3.76
421677,0.0591,0.0042,1.0779,0.37,0.10,0.11,0.22,-3.14,12.20,-13.44,0.24,-3.73,0.24,-3.73,766,2002,0.24,-3.73
421697,0.0707,0.0045,0.9544,-0.27,0.28,-0.00,0.27,-4.24,12.21,-13.46,0.26,-3.79,0.25,-3.77,763,1998,0.25,-3.77
421717,0.0579,0.0064,1.0250,0.48,-0.76,0.08,0.36,-3.23,12.21,-13.45,0.24,-3.74,0.24,-3.74,765,1996,0.24,-3.74
421737,0.0675,0.0034,0.9656,-0.34,0.87,-0.03,0.20,-4.00,12.21,-13.46,0.26,-3.78,0.25,-3.76,763,1994,0.25,-3.76
421757,0.0667,0.0063,1.0175,0.35,-1.07,0.08,0.35,-3.75,12.21,-13.46,0.24,-3.74,0.24,-3.74,764,1995,0.24,-3.74
421777,0.0612,0.0074,0.9957,-0.31,1.08,0.01,0.43,-3.51,12.21,-13.46,0.26,-3.75,0.25,-3.75,764,1998,0.25,-3.75
421797,0.0669,0.0025,1.0045,0.23,-0.70,-0.02,0.14,-3.81,12.21,-13.46,0.25,-3.72,0.25,-3.73,763,1998,0.25,-3.73
421817,0.0642,0.0017,0.9957,-0.13,0.49,-0.02,0.10,-3.69,12.21,-13.46,0.21,-3.76,0.22,-3.75,763,1997,0.22,-3.75
421837,0.0656,0.0047,0.9992,0.23,-0.22,0.03,0.27,-3.76,12.21,-13.46,0.25,-3.73,0.24,-3.73,764,1998,0.24,-3.73
421857,0.0653,0.0020,1.0113,-0.03,0.01,0.02,0.12,-3.69,12.21,-13.46,0.22,-3.77,0.22,-3.75,764,1999,0.22,-3.75
421877,0.0651,0.0052,0.9911,0.24,-0.16,-0.08,0.30,-3.76,12.21,-13.46,0.23,-3.75,0.23,-3.74,763,1996,0.23,-3.74
421897,0.0650,0.0019,1.0117,-0.02,-0.03,-0.04,0.11,-3.68,12.21,-13.46,0.22,-3.75,0.22,-3.75,764,1998,0.22,-3.75
421917,0.0652,0.0053,0.9866,0.17,-0.01,-0.07,0.31,-3.78,12.22,-13.46,0.23,-3.75,0.23,-3.75,764,1997,0.23,-3.75
421937,0.1435,0.0222,1.0531,-3.40,-8.25,0.07,1.21,-7.76,12.20,-13.52,0.43,-3.65,0.34,-3.71,769,1995,0.34,-3.71
421957,0.0841,-0.0167,1.4299,1.08,-0.89,0.49,-0.67,-3.36,12.20,-13.41,0.16,-3.33,0.19,-3.48,763,1997,0.19,-3.48
421977,0.0612,0.0468,1.0414,-0.96,0.00,0.36,2.57,-3.36,12.22,-13.44,0.42,-3.45,0.34,-3.53,770,1998,0.34,-3.53
421997,0.0622,-0.0147,1.0041,0.99,-2.56,-0.02,-0.84,-3.54,12.21,-13.44,0.50,-3.40,0.40,-3.50,768,1998,0.40,-3.50
422017,0.0606,0.0034,0.9783,-0.84,2.49,0.11,0.20,-3.54,12.22,-13.47,0.21,-3.66,0.24,-3.64,763,1996,0.24,-3.64
422037,0.0633,0.0094,1.0625,0.31,0.73,-0.01,0.51,-3.41,12.21,-13.42,0.38,-3.54,0.34,-3.55,763,1997,0.34,-3.55
422057,0.0706,-0.0053,0.9366,-0.14,-2.31,-0.05,-0.32,-4.31,12.22,-13.46,0.23,-3.66,0.26,-3.63,763,1995,0.26,-3.63
422077,0.0517,0.0099,1.0643,0.20,2.08,0.05,0.53,-2.78,12.21,-13.44,0.31,-3.61,0.30,-3.60,763,1998,0.30,-3.60
422097,0.0759,0.0001,0.9554,-0.45,-0.22,-0.05,0.01,-4.54,12.22,-13.46,0.25,-3.73,0.27,-3.67,764,2000,0.27,-3.67
422117,0.0537,0.0030,1.0160,0.76,-0.46,0.02,0.17,-3.02,12.22,-13.43,0.27,-3.63,0.27,-3.61,766,2001,0.27,-3.61
422137,0.0740,0.0012,0.9799,-0.60,0.80,-0.08,0.07,-4.32,12.22,-13.46,0.28,-3.75,0.28,-3.69,766,1997,0.28,-3.69
422157,0.0540,0.0065,0.9847,0.67,-0.74,0.02,0.38,-3.14,12.22,-13.44,0.27,-3.68,0.27,-3.65,766,1995,0.27,-3.65
422177,0.0699,0.0035,1.0058,-0.48,1.11,-0.02,0.20,-3.97,12.22,-13.45,0.28,-3.73,0.28,-3.68,766,1996,0.28,-3.68
422197,0.0628,0.0052,0.9882,0.53,-1.09,0.01,0.30,-3.64,12.22,-13.45,0.26,-3.69,0.27,-3.66,766,2001,0.27,-3.66
422217,0.0646,0.0094,1.0159,-0.42,1.12,0.01,0.53,-3.64,12.22,-13.45,0.27,-3.71,0.27,-3.67,766,1999,0.27,-3.67
422237,0.0682,0.0004,0.9865,0.41,-0.94,-0.05,0.03,-3.96,12.22,-13.45,0.27,-3.69,0.27,-3.66,765,2001,0.27,-3.66
422257,0.0623,0.0092,1.0166,-0.31,0.61,-0.05,0.52,-3.51,12.22,-13.45,0.24,-3.73,0.25,-3.69,767,2002,0.25,-3.69
422277,0.0658,0.0004,0.9796,0.20,-0.43,-0.05,0.02,-3.84,12.23,-13.45,0.28,-3.69,0.28,-3.67,766,1996,0.28,-3.67
422296,0.0651,0.0020,1.0252,-0.06,0.25,0.03,0.11,-3.63,12.22,-13.45,0.22,-3.73,0.24,-3.69,767,1997,0.24,-3.69
422316,0.0650,0.0083,0.9785,0.12,-0.14,-0.05,0.49,-3.80,12.23,-13.46,0.26,-3.71,0.26,-3.69,767,1997,0.26,-3.69
422336,0.0627,0.0022,1.0269,-0.05,-0.03,-0.05,0.12,-3.49,12.23,-13.45,0.25,-3.72,0.26,-3.69,767,1996,0.26,-3.69
422356,0.0674,0.0042,0.9815,0.18,-0.09,0.01,0.25,-3.93,12.23,-13.46,0.26,-3.72,0.26,-3.70,767,1997,0.26,-3.70
422376,0.1754,0.0022,1.5877,-1.82,-2.13,-0.01,0.08,-6.30,12.21,-13.51,0.38,-3.74,0.32,-3.73,764,1997,0.32,-3.73
422396,0.0724,-0.0167,1.1161,2.20,-2.53,0.04,-0.86,-3.71,12.22,-13.45,0.15,-3.56,0.20,-3.60,769,2002,0.20,-3.60
422416,0.0421,0.0342,0.9344,-0.82,1.45,0.23,2.10,-2.58,12.23,-13.46,0.39,-3.68,0.33,-3.67,770,1997,0.33,-3.67
422436,0.0694,-0.0257,0.9440,0.96,-2.92,0.01,-1.56,-4.20,12.23,-13.46,0.33,-3.63,0.31,-3.64,770,1996,0.31,-3.64
422456,0.0642,0.0100,1.0458,-0.81,1.84,-0.05,0.55,-3.52,12.23,-13.46,0.19,-3.75,0.23,-3.71,764,2001,0.23,-3.71
422476,0.0614,-0.0046,1.0122,0.38,0.04,0.01,-0.26,-3.47,12.23,-13.44,0.32,-3.67,0.30,-3.66,764,1997,0.30,-3.66
422496,0.0766,0.0031,1.0139,-0.28,-0.97,-0.05,0.18,-4.32,12.23,-13.47,0.17,-3.77,0.22,-3.73,764,1996,0.22,-3.73
422516,0.0540,0.0013,0.9814,0.55,0.10,0.07,0.08,-3.15,12.23,-13.45,0.25,-3.66,0.25,-3.66,764,2001,0.25,-3.66
422536,0.0700,0.0036,1.0208,-0.69,1.15,0.01,0.20,-3.92,12.23,-13.46,0.20,-3.79,0.22,-3.74,764,2001,0.22,-3.74
422556,0.0570,0.0045,0.9385,0.76,-1.48,0.05,0.27,-3.48,12.23,-13.45,0.21,-3.67,0.23,-3.67,763,1994,0.23,-3.67
422576,0.0716,0.0007,1.0456,-0.64,1.23,-0.02,0.04,-3.92,12.23,-13.46,0.22,-3.79,0.23,-3.75,763,1999,0.23,-3.75
422596,0.0594,0.0095,0.9517,0.54,-1.22,0.02,0.57,-3.57,12.23,-13.46,0.25,-3.71,0.24,-3.71,766,2001,0.24,-3.71
422616,0.0672,0.0014,1.0593,-0.31,1.03,0.11,0.07,-3.63,12.23,-13.46,0.25,-3.76,0.24,-3.73,763,2001,0.24,-3.73
422636,0.0639,0.0039,0.9573,0.34,-0.90,-0.06,0.23,-3.82,12.24,-13.47,0.23,-3.75,0.23,-3.73,763,1997,0.23,-3.73
422656,0.0603,0.0056,1.0400,-0.18,0.56,-0.02,0.31,-3.32,12.24,-13.46,0.25,-3.74,0.24,-3.73,765,1997,0.24,-3.73
422676,0.0698,0.0012,0.9684,0.33,-0.43,0.08,0.07,-4.12,12.24,-13.47,0.25,-3.75,0.24,-3.74,763,1998,0.24,-3.74
422696,0.0631,0.0098,1.0313,-0.01,0.07,-0.06,0.54,-3.50,12.24,-13.46,0.24,-3.74,0.24,-3.73,764,1998,0.24,-3.73
422716,0.0667,0.0017,0.9740,0.08,0.07,0.09,0.10,-3.92,12.24,-13.47,0.26,-3.74,0.25,-3.73,764,1994,0.25,-3.73
422736,0.0630,0.0066,1.0267,0.06,-0.19,0.09,0.37,-3.51,12.24,-13.46,0.24,-3.73,0.24,-3.73,763,1999,0.24,-3.73
422756,0.0670,0.0047,0.9794,0.11,0.22,-0.02,0.27,-3.92,12.24,-13.47,0.26,-3.74,0.25,-3.74,764,1999,0.25,-3.74
422776,0.0024,0.0290,0.6169,-1.41,-5.33,0.36,2.69,-0.23,12.24,-13.49,0.36,-3.55,0.30,-3.64,763,1999,0.30,-3.64
422796,0.0515,-0.0322,1.2336,-0.21,3.26,-0.11,-1.49,-2.39,12.23,-13.44,0.18,-3.55,0.20,-3.61,769,1999,0.20,-3.61
422816,0.0796,0.0411,0.9217,-0.76,0.00,0.05,2.55,-4.93,12.25,-13.47,0.24,-3.67,0.24,-3.68,770,1998,0.24,-3.68
422836,0.0727,-0.0003,1.1440,0.58,-1.29,0.04,-0.02,-3.63,12.24,-13.45,0.44,-3.55,0.35,-3.60,764,1997,0.35,-3.60
422856,0.0634,0.0011,0.8727,-0.26,1.44,-0.07,0.07,-4.16,12.25,-13.49,0.16,-3.76,0.21,-3.73,763,1998,0.21,-3.73
422876,0.0637,0.0248,1.0851,-0.04,1.21,0.05,1.31,-3.36,12.24,-13.45,0.32,-3.64,0.28,-3.65,770,1997,0.28,-3.65
422896,0.0659,-0.0092,0.9071,0.21,-2.38,0.10,-0.58,-4.16,12.25,-13.47,0.20,-3.69,0.22,-3.68,763,1998,0.22,-3.68
422916,0.0567,0.0159,1.0977,-0.11,2.17,-0.02,0.83,-2.96,12.25,-13.46,0.26,-3.69,0.25,-3.69,768,1998,0.25,-3.69
422936,0.0741,-0.0013,0.9265,-0.11,-0.96,-0.02,-0.08,-4.57,12.25,-13.47,0.23,-3.73,0.24,-3.71,764,1997,0.24,-3.71
422956,0.0561,0.0031,1.0746,0.40,0.16,0.02,0.17,-2.99,12.25,-13.45,0.24,-3.66,0.24,-3.67,763,1996,0.24,-3.67
422976,0.0725,0.0040,0.9528,-0.28,0.07,-0.08,0.24,-4.35,12.25,-13.48,0.24,-3.73,0.24,-3.71,763,1997,0.24,-3.71
422996,0.0558,0.0052,1.0225,0.39,-0.40,0.04,0.29,-3.12,12.25,-13.46,0.23,-3.69,0.23,-3.69,763,1997,0.23,-3.69
423016,0.0672,0.0033,0.9681,-0.43,0.71,0.11,0.20,-3.97,12.25,-13.47,0.24,-3.73,0.24,-3.71,763,1997,0.24,-3.71
423036,0.0643,0.0022,1.0135,0.52,-1.16,0.05,0.12,-3.63,12.25,-13.47,0.23,-3.70,0.23,-3.69,766,2001,0.23,-3.69
423056,0.0652,0.0071,0.9946,-0.38,1.07,-0.01,0.41,-3.75,12.25,-13.47,0.24,-3.74,0.24,-3.72,766,1996,0.24,-3.72
423076,0.0686,0.0019,1.0051,0.23,-0.86,-0.05,0.11,-3.90,12.25,-13.47,0.25,-3.71,0.24,-3.70,765,1996,0.24,-3.70
423096,0.0646,0.0030,1.0019,-0.20,0.50,-0.01,0.17,-3.69,12.25,-13.47,0.21,-3.75,0.22,-3.72,766,1999,0.22,-3.72
423116,0.0641,0.0051,0.9972,0.11,-0.45,0.10,0.29,-3.68,12.25,-13.47,0.25,-3.70,0.24,-3.70,766,2001,0.24,-3.70
423136,0.0648,0.0014,1.0071,-0.06,0.28,0.04,0.08,-3.68,12.26,-13.47,0.22,-3.72,0.23,-3.71,766,2001,0.23,-3.71
423156,0.0610,0.0047,0.9900,0.24,-0.37,-0.00,0.27,-3.52,12.26,-13.48,0.24,-3.69,0.24,-3.70,766,1996,0.24,-3.70
423176,0.0631,0.0026,1.0126,-0.06,0.09,0.11,0.15,-3.56,12.26,-13.47,0.22,-3.69,0.23,-3.70,764,1995,0.23,-3.70
423196,0.0032,0.0311,0.5398,-1.56,-5.68,0.34,3.30,-0.34,12.25,-13.50,0.40,-3.48,0.32,-3.59,765,1998,0.32,-3.59
423216,0.0488,-0.0396,1.3104,-0.21,2.82,-0.29,-1.73,-2.13,12.24,-13.45,0.17,-3.51,0.19,-3.57,772,2000,0.19,-3.57
423236,0.0807,0.0431,0.9109,-0.66,-0.15,-0.08,2.71,-5.06,12.26,-13.48,0.25,-3.63,0.25,-3.65,773,1996,0.25,-3.65
423256,0.0817,-0.0013,1.1485,0.58,-1.13,-0.02,-0.07,-4.07,12.25,-13.47,0.45,-3.54,0.35,-3.58,766,1996,0.35,-3.58
423275,0.0644,0.0050,0.8697,-0.18,1.27,-0.02,0.33,-4.23,12.27,-13.50,0.20,-3.74,0.22,-3.70,767,1997,0.22,-3.70
423295,0.0653,0.0236,1.0994,-0.06,1.22,0.15,1.23,-3.40,12.25,-13.46,0.35,-3.63,0.31,-3.63,773,1998,0.31,-3.63
423315,0.0647,-0.0108,0.8915,0.31,-2.52,0.01,-0.69,-4.15,12.26,-13.48,0.22,-3.68,0.24,-3.67,766,1994,0.24,-3.67
423335,0.0568,0.0180,1.1096,-0.06,2.42,0.01,0.93,-2.93,12.26,-13.48,0.28,-3.69,0.27,-3.67,770,1997,0.27,-3.67
423355,0.0758,-0.0008,0.9153,-0.06,-1.42,-0.06,-0.05,-4.73,12.27,-13.49,0.24,-3.72,0.25,-3.69,764,1997,0.25,-3.69
423375,0.0566,0.0025,1.0994,0.32,0.55,-0.13,0.13,-2.95,12.26,-13.47,0.23,-3.68,0.24,-3.66,764,1997,0.24,-3.66
423395,0.0731,0.0057,0.9361,-0.23,-0.11,0.04,0.35,-4.46,12.27,-13.49,0.26,-3.72,0.26,-3.70,764,1997,0.26,-3.70
423415,0.0567,0.0050,1.0397,0.44,-0.18,0.05,0.28,-3.12,12.26,-13.47,0.23,-3.67,0.24,-3.66,764,1997,0.24,-3.66
423435,0.0657,0.0049,0.9538,-0.34,0.80,0.07,0.29,-3.94,12.27,-13.48,0.26,-3.71,0.25,-3.69,764,1996,0.25,-3.69
423455,0.0651,0.0035,1.0241,0.43,-1.19,0.07,0.20,-3.63,12.26,-13.48,0.23,-3.69,0.24,-3.68,764,1996,0.24,-3.68
423475,0.0642,0.0080,0.9814,-0.41,1.23,0.02,0.47,-3.74,12.27,-13.48,0.25,-3.73,0.25,-3.70,764,1995,0.25,-3.70
423495,0.0672,0.0034,1.0120,0.33,-0.86,0.07,0.19,-3.80,12.27,-13.48,0.26,-3.68,0.25,-3.67,764,1995,0.25,-3.67
423515,0.0672,0.0036,0.9907,-0.23,0.67,0.17,0.21,-3.88,12.27,-13.48,0.21,-3.73,0.22,-3.71,765,2001,0.22,-3.71
423535,0.0659,0.0070,0.9995,0.20,-0.43,-0.10,0.40,-3.77,12.27,-13.48,0.26,-3.69,0.25,-3.69,764,1996,0.25,-3.69
423555,0.0684,0.0008,1.0055,-0.24,0.31,-0.04,0.05,-3.89,12.27,-13.48,0.23,-3.75,0.24,-3.72,763,2001,0.24,-3.72
423575,0.0651,0.0058,0.9912,0.24,-0.32,-0.02,0.33,-3.75,12.27,-13.49,0.25,-3.73,0.24,-3.71,765,1996,0.24,-3.71
423595,0.0644,0.0034,1.0148,-0.15,0.18,0.02,0.19,-3.63,12.27,-13.48,0.23,-3.74,0.23,-3.72,763,1997,0.23,-3.72
423615,0.0641,0.0085,0.9880,0.09,-0.22,-0.01,0.49,-3.71,12.27,-13.49,0.25,-3.72,0.25,-3.72,765,1999,0.24,-3.72
423635,0.0639,0.0017,1.0145,0.02,0.06,0.01,0.09,-3.60,12.27,-13.48,0.24,-3.72,0.24,-3.71,763,2002,0.24,-3.71
423655,0.0793,0.0146,0.9615,-1.37,-2.55,-0.03,0.87,-4.71,12.26,-13.51,0.33,-3.70,0.29,-3.71,767,1998,0.29,-3.71
423675,0.0563,-0.0177,1.1386,1.10,0.12,-0.18,-0.89,-2.83,12.26,-13.47,0.14,-3.70,0.18,-3.70,769,1997,0.18,-3.70
423695,0.0678,0.0324,0.9601,-0.32,0.20,-0.02,1.93,-4.04,12.28,-13.50,0.26,-3.78,0.25,-3.75,769,1996,0.25,-3.75
423715,0.0709,-0.0079,1.0236,0.47,-0.82,0.04,-0.44,-3.96,12.27,-13.49,0.35,-3.71,0.30,-3.71,764,1998,0.30,-3.71
423735,0.0562,0.0014,0.9433,-0.34,1.29,0.01,0.08,-3.41,12.28,-13.49,0.19,-3.78,0.21,-3.75,763,1998,0.21,-3.75
423755,0.0636,0.0120,1.0539,0.12,-0.29,0.08,0.65,-3.45,12.27,-13.49,0.31,-3.70,0.28,-3.71,763,1998,0.28,-3.71
423775,0.0703,-0.0051,0.9645,-0.13,-0.56,-0.04,-0.30,-4.17,12.28,-13.50,0.19,-3.76,0.21,-3.75,765,2000,0.21,-3.75
423795,0.0557,0.0068,1.0318,0.18,0.63,0.03,0.37,-3.09,12.27,-13.49,0.23,-3.69,0.23,-3.70,763,1996,0.23,-3.70
423815,0.0711,0.0024,0.9862,-0.30,-0.05,0.02,0.14,-4.12,12.28,-13.50,0.21,-3.77,0.22,-3.75,763,1997,0.22,-3.75
423835,0.0618,0.0066,1.0010,0.59,-0.80,-0.02,0.38,-3.53,12.28,-13.50,0.23,-3.71,0.23,-3.72,765,1997,0.23,-3.72
423855,0.0682,0.0012,1.0030,-0.40,0.90,-0.03,0.07,-3.89,12.28,-13.49,0.23,-3.76,0.23,-3.74,763,2002,0.23,-3.74
423875,0.0357,0.0227,0.6696,-0.83,-5.41,0.21,1.94,-3.05,12.27,-13.52,0.34,-3.62,0.29,-3.68,770,1995,0.29,-3.68
423895,0.0585,-0.0283,1.3575,0.09,2.38,-0.25,-1.19,-2.47,12.26,-13.46,0.16,-3.60,0.19,-3.64,769,1996,0.19,-3.64
423915,0.0769,0.0418,0.9576,-0.31,-0.99,-0.05,2.50,-4.59,12.29,-13.51,0.24,-3.73,0.23,-3.73,770,1995,0.23,-3.73
423935,0.0718,0.0006,1.1128,0.52,-1.51,0.01,0.03,-3.69,12.28,-13.51,0.41,-3.65,0.33,-3.68,763,1997,0.33,-3.68
423955,0.0571,-0.0003,0.9027,-0.34,2.80,-0.05,-0.02,-3.62,12.28,-13.51,0.18,-3.80,0.21,-3.77,765,2002,0.21,-3.77
423975,0.0624,0.0374,1.0152,-1.35,-2.94,0.15,2.11,-3.51,12.27,-13.51,0.41,-3.63,0.33,-3.68,770,1995,0.33,-3.68
423995,0.0534,-0.0331,1.0244,1.17,-0.34,-0.10,-1.85,-2.98,12.27,-13.50,0.15,-3.70,0.19,-3.70,772,1996,0.19,-3.70
424015,0.0610,0.0381,0.9990,-0.32,1.13,0.04,2.18,-3.49,12.29,-13.51,0.25,-3.73,0.24,-3.73,772,2001,0.24,-3.73
424035,0.0829,-0.0040,1.0157,0.36,-2.06,0.08,-0.22,-4.67,12.29,-13.51,0.38,-3.68,0.33,-3.69,766,2001,0.33,-3.69
424055,0.0538,-0.0019,1.0158,-0.18,1.39,-0.08,-0.11,-3.03,12.29,-13.50,0.19,-3.73,0.22,-3.72,766,1995,0.22,-3.72
424075,0.0699,0.0172,1.0211,-0.09,0.45,0.06,0.96,-3.92,12.29,-13.51,0.33,-3.71,0.30,-3.71,772,1996,0.30,-3.71
424095,0.0637,-0.0053,0.9664,0.40,-1.77,-0.04,-0.31,-3.77,12.29,-13.51,0.24,-3.71,0.25,-3.71,766,2000,0.25,-3.71
424115,0.0461,0.0075,0.9429,-0.28,1.39,0.11,0.46,-2.80,12.29,-13.50,0.28,-3.68,0.27,-3.69,766,1997,0.27,-3.69
424135,0.1077,-0.0193,1.2971,-0.11,7.03,0.15,-0.85,-4.75,12.27,-13.53,0.31,-3.81,0.28,-3.77,771,2000,0.28,-3.77
424155,0.0389,0.0060,0.6335,2.21,-3.55,-0.03,0.54,-3.52,12.30,-13.50,0.11,-3.59,0.18,-3.64,766,1997,0.18,-3.64
424175,0.0616,0.0180,1.1296,-1.14,1.03,0.07,0.91,-3.12,12.29,-13.51,0.46,-3.66,0.37,-3.68,772,1995,0.37,-3.68
424195,0.0773,-0.0234,0.9256,0.72,-1.71,0.06,-1.45,-4.77,12.30,-13.53,0.26,-3.73,0.27,-3.72,772,2000,0.27,-3.72
424215,0.0628,0.0245,1.1184,-0.60,1.74,0.01,1.25,-3.21,12.29,-13.50,0.25,-3.69,0.26,-3.69,772,1995,0.26,-3.69
424235,0.0293,0.0075,0.7682,0.02,-4.05,0.09,0.56,-2.18,12.29,-13.51,0.37,-3.59,0.33,-3.63,767,1996,0.33,-3.63
424255,0.0544,-0.0079,1.0782,0.13,6.13,-0.05,-0.42,-2.89,12.28,-13.52,0.22,-3.79,0.24,-3.75,767,1996,0.24,-3.75
424274,0.0659,0.0103,0.7968,0.98,-3.02,-0.07,0.74,-4.72,12.30,-13.50,0.17,-3.65,0.22,-3.66,765,2002,0.22,-3.66
424294,0.0804,0.0160,1.2545,-0.85,0.60,-0.08,0.73,-3.67,12.29,-13.51,0.37,-3.72,0.33,-3.70,765,1996,0.33,-3.70
424314,0.0684,-0.0059,0.8487,0.78,-1.82,-0.08,-0.40,-4.61,12.30,-13.52,0.21,-3.72,0.25,-3.71,764,2001,0.25,-3.71
424334,0.0647,0.0203,1.1406,-0.72,2.33,-0.02,1.02,-3.25,12.29,-13.50,0.27,-3.75,0.27,-3.72,771,1998,0.27,-3.72
424354,0.0509,-0.0029,0.7712,0.84,-3.51,0.01,-0.22,-3.77,12.30,-13.51,0.24,-3.66,0.26,-3.67,764,2002,0.26,-3.67
424374,0.0744,-0.0204,1.2150,-0.50,10.81,0.14,-0.96,-3.50,12.28,-13.52,0.35,-3.81,0.31,-3.76,770,2000,0.31,-3.76
424394,0.0428,0.0063,0.4776,2.46,-5.28,-0.11,0.76,-5.12,12.31,-13.50,0.12,-3.62,0.20,-3.64,766,1996,0.20,-3.64
424414,0.0849,0.0249,1.2868,-1.10,0.43,0.01,1.11,-3.77,12.30,-13.52,0.47,-3.73,0.38,-3.72,771,2000,0.38,-3.72
424434,0.0796,-0.0243,0.8641,0.82,-2.11,-0.14,-1.61,-5.26,12.31,-13.51,0.25,-3.73,0.28,-3.71,770,1997,0.28,-3.71
424454,0.0717,0.0303,1.1851,-0.70,1.51,-0.01,1.46,-3.46,12.30,-13.51,0.24,-3.78,0.26,-3.74,770,1996,0.26,-3.74
424474,0.0521,-0.0154,0.8123,0.88,-2.70,-0.10,-1.09,-3.67,12.31,-13.50,0.28,-3.67,0.29,-3.68,770,2000,0.29,-3.68
424494,0.1302,0.0084,1.3883,-2.11,1.89,-0.02,0.35,-5.36,12.28,-13.56,0.24,-3.86,0.25,-3.81,764,2003,0.25,-3.81
424514,0.0436,-0.0212,0.8366,2.61,-2.93,-0.01,-1.45,-2.99,12.30,-13.48,0.08,-3.62,0.17,-3.65,770,1998,0.17,-3.65
424534,0.0571,0.0359,1.0295,-1.16,0.24,0.13,2.00,-3.17,12.31,-13.53,0.29,-3.80,0.28,-3.77,770,1997,0.28,-3.77
424554,0.0622,-0.0213,0.8578,1.06,-2.29,-0.01,-1.42,-4.15,12.31,-13.50,0.22,-3.70,0.24,-3.70,772,2001,0.24,-3.70
424574,0.0705,0.0150,1.1125,-1.05,1.27,-0.08,0.77,-3.63,12.31,-13.51,0.14,-3.83,0.19,-3.79,766,1998,0.19,-3.79
424594,0.0358,0.0119,0.7974,0.78,-3.23,0.08,0.85,-2.57,12.31,-13.51,0.28,-3.64,0.27,-3.68,770,1999,0.27,-3.68
424614,0.0124,-0.0287,0.8455,-0.24,8.59,-0.02,-1.94,-0.84,12.29,-13.50,0.20,-3.80,0.22,-3.77,768,1999,0.22,-3.77
424634,0.0472,0.0138,0.7173,0.92,-2.46,-0.23,1.10,-3.76,12.32,-13.51,0.10,-3.65,0.16,-3.69,770,1998,0.16,-3.69
424654,0.0693,0.0198,1.2298,-0.85,-0.21,0.08,0.92,-3.23,12.31,-13.52,0.40,-3.69,0.33,-3.71,770,1998,0.33,-3.71
424674,0.0672,-0.0205,0.9056,0.81,-1.06,-0.10,-1.30,-4.24,12.32,-13.52,0.19,-3.73,0.22,-3.73,770,1994,0.22,-3.73
424694,0.0728,0.0345,1.1244,-0.79,1.24,0.11,1.76,-3.70,12.31,-13.52,0.23,-3.74,0.23,-3.74,769,2002,0.23,-3.74
424714,0.0503,-0.0127,0.8401,1.03,-2.79,-0.15,-0.87,-3.43,12.32,-13.51,0.25,-3.65,0.25,-3.68,769,1999,0.25,-3.68
424734,0.1410,0.0145,1.4755,-2.37,2.56,0.08,0.56,-5.46,12.29,-13.57,0.31,-3.85,0.27,-3.82,764,1996,0.27,-3.82
424754,0.0383,-0.0233,0.8394,2.81,-3.41,-0.06,-1.59,-2.61,12.31,-13.49,0.09,-3.62,0.15,-3.66,769,1998,0.15,-3.66
424774,0.0534,0.0397,0.9877,-1.28,0.59,0.25,2.30,-3.09,12.32,-13.54,0.34,-3.81,0.29,-3.79,770,1998,0.29,-3.79
424794,0.0642,-0.0230,0.8908,1.07,-2.27,-0.02,-1.48,-4.12,12.32,-13.50,0.29,-3.68,0.27,-3.70,769,1996,0.27,-3.70
424814,0.0717,0.0143,1.1121,-0.82,0.78,-0.02,0.74,-3.69,12.32,-13.52,0.14,-3.81,0.18,-3.78,764,2001,0.18,-3.78
424834,0.0607,0.0041,0.9146,0.77,-1.65,0.05,0.25,-3.80,12.32,-13.51,0.30,-3.69,0.27,-3.71,764,1998,0.27,-3.71
424854,0.1267,0.0095,1.3141,-1.96,-0.73,-0.02,0.41,-5.51,12.31,-13.56,0.24,-3.87,0.23,-3.83,763,1998,0.23,-3.83
424874,0.0439,-0.0185,0.9992,2.06,-1.22,-0.10,-1.06,-2.51,12.31,-13.48,0.14,-3.64,0.17,-3.67,770,2002,0.17,-3.68
424894,0.0615,0.0247,0.9547,-1.06,-0.27,0.11,1.48,-3.69,12.32,-13.53,0.26,-3.83,0.24,-3.80,770,1998,0.24,-3.80
424914,0.0506,-0.0225,0.8941,0.92,-0.91,-0.12,-1.44,-3.24,12.32,-13.51,0.24,-3.69,0.23,-3.72,768,2002,0.23,-3.72
424934,0.0679,0.0059,1.0296,-0.90,1.42,-0.00,0.33,-3.77,12.32,-13.52,0.14,-3.82,0.17,-3.79,766,2000,0.17,-3.79
424954,0.0565,0.0001,0.9846,0.78,-1.28,-0.02,0.00,-3.28,12.32,-13.50,0.25,-3.70,0.23,-3.72,763,1997,0.23,-3.72
424974,0.1807,0.0002,1.5441,-2.82,-1.13,0.10,0.01,-6.68,12.29,-13.59,0.28,-3.86,0.24,-3.85,763,1995,0.24,-3.85
424994,0.0497,-0.0306,1.0442,3.05,-1.52,-0.08,-1.68,-2.72,12.31,-13.49,0.08,-3.61,0.14,-3.66,772,2001,0.14,-3.66
425014,0.0298,0.0434,0.8996,-1.18,0.37,0.14,2.76,-1.89,12.32,-13.53,0.35,-3.80,0.28,-3.78,772,1997,0.28,-3.78
425034,0.0545,-0.0336,0.9569,1.08,0.61,-0.12,-2.01,-3.26,12.32,-13.51,0.34,-3.69,0.29,-3.71,772,2000,0.29,-3.71
425054,0.0564,0.0150,0.9452,-0.87,0.07,-0.06,0.91,-3.41,12.32,-13.53,0.12,-3.81,0.17,-3.79,772,1997,0.17,-3.79
425074,0.0556,0.0000,1.0577,0.76,0.65,-0.02,0.00,-3.01,12.32,-13.50,0.32,-3.67,0.27,-3.70,764,2000,0.27,-3.70
425094,0.0686,0.0022,0.9436,-0.50,-0.97,0.05,0.14,-4.16,12.32,-13.54,0.15,-3.83,0.18,-3.80,766,1996,0.18,-3.80
425114,0.0230,0.0164,0.7858,-0.18,-0.59,0.15,1.19,-1.68,12.31,-13.51,0.28,-3.64,0.25,-3.69,772,1997,0.25,-3.69
425134,0.0475,-0.0160,0.9791,-0.31,1.45,-0.12,-0.94,-2.78,12.31,-13.51,0.10,-3.77,0.15,-3.76,772,1997,0.15,-3.76
425154,0.0708,0.0269,0.9973,0.71,-2.97,-0.08,1.54,-4.06,12.32,-13.53,0.18,-3.67,0.19,-3.71,772,2001,0.19,-3.71
425174,0.0834,0.0097,1.1566,-0.69,0.64,0.11,0.48,-4.13,12.32,-13.53,0.32,-3.73,0.27,-3.74,766,1996,0.27,-3.74
425194,0.0519,-0.0018,0.9160,0.67,-0.18,-0.11,-0.11,-3.25,12.32,-13.51,0.20,-3.70,0.20,-3.72,766,2001,0.20,-3.72
425214,0.0652,0.0198,1.0323,-0.53,1.31,0.07,1.10,-3.61,12.32,-13.52,0.29,-3.71,0.25,-3.72,772,1997,0.25,-3.72
425234,0.0362,0.0060,0.7824,-0.10,-4.55,0.12,0.44,-2.65,12.32,-13.54,0.26,-3.62,0.24,-3.68,764,2002,0.24,-3.68
425254,0.0213,-0.0062,1.0459,0.24,8.35,-0.02,-0.34,-1.17,12.30,-13.50,0.24,-3.75,0.22,-3.73,764,1997,0.22,-3.73
425273,0.0701,0.0130,0.7228,1.02,-3.84,-0.20,1.03,-5.54,12.33,-13.53,0.17,-3.70,0.19,-3.71,771,1997,0.19,-3.71
425293,0.0807,0.0178,1.2575,-0.67,0.90,0.11,0.81,-3.67,12.32,-13.53,0.37,-3.71,0.30,-3.72,768,1996,0.30,-3.72
425313,0.0738,-0.0094,0.8969,0.39,-0.55,-0.09,-0.60,-4.71,12.33,-13.53,0.23,-3.75,0.23,-3.74,764,1996,0.23,-3.74
425333,0.0599,0.0285,1.1351,-0.27,1.05,0.11,1.44,-3.02,12.32,-13.51,0.25,-3.70,0.24,-3.71,770,1998,0.24,-3.71
425353,0.0662,-0.0104,0.8575,0.66,-2.58,-0.08,-0.69,-4.42,12.33,-13.53,0.24,-3.68,0.24,-3.70,764,1995,0.24,-3.70
425373,0.0465,0.0245,0.9351,-1.34,0.14,0.03,1.50,-2.85,12.32,-13.54,0.27,-3.71,0.25,-3.72,771,2001,0.25,-3.72
425393,0.0508,-0.0187,0.9674,0.95,0.70,0.03,-1.11,-3.01,12.32,-13.50,0.17,-3.65,0.20,-3.67,770,1997,0.20,-3.67
425413,0.0674,0.0291,1.0374,-0.47,-0.77,-0.08,1.61,-3.72,12.33,-13.53,0.18,-3.70,0.20,-3.71,770,1997,0.20,-3.71
425433,0.0665,0.0001,0.9958,0.59,-1.43,-0.07,0.00,-3.82,12.33,-13.53,0.29,-3.62,0.26,-3.66,762,2002,0.26,-3.66
425453,0.0601,0.0041,1.0084,-0.57,2.61,0.05,0.23,-3.41,12.33,-13.52,0.14,-3.75,0.18,-3.73,764,1998,0.18,-3.73
425473,0.0690,0.0157,0.9948,0.22,-1.03,0.06,0.91,-3.97,12.33,-13.52,0.28,-3.66,0.25,-3.68,772,1998,0.25,-3.68
425493,0.0530,-0.0017,0.9295,-0.19,-1.87,0.01,-0.10,-3.27,12.33,-13.53,0.21,-3.68,0.22,-3.69,764,1997,0.22,-3.69
425513,0.0789,-0.0150,1.1689,-0.21,6.85,0.05,-0.73,-3.86,12.31,-13.53,0.27,-3.76,0.24,-3.73,768,1995,0.24,-3.73
425533,0.0611,0.0009,0.8167,1.45,-3.22,-0.11,0.06,-4.28,12.33,-13.52,0.09,-3.63,0.15,-3.65,764,2002,0.15,-3.65
425553,0.0581,0.0233,1.1021,-0.52,0.17,0.08,1.21,-3.02,12.33,-13.54,0.38,-3.62,0.31,-3.65,770,1998,0.31,-3.65
425573,0.0748,-0.0164,0.9501,0.08,0.59,0.03,-0.99,-4.50,12.33,-13.54,0.23,-3.71,0.23,-3.69,770,1996,0.23,-3.69
425593,0.0567,0.0216,1.0738,0.02,0.00,0.09,1.15,-3.02,12.33,-13.51,0.21,-3.64,0.22,-3.65,769,1995,0.22,-3.65
425613,0.0702,-0.0040,0.9225,0.33,-1.51,-0.02,-0.25,-4.35,12.33,-13.53,0.31,-3.66,0.28,-3.67,763,2002,0.28,-3.67
425633,0.0667,0.0091,1.0634,-0.37,1.39,-0.02,0.49,-3.59,12.33,-13.54,0.23,-3.73,0.23,-3.71,763,1998,0.23,-3.71
425653,0.0354,0.0168,0.6755,-0.66,-3.60,0.21,1.42,-3.00,12.33,-13.54,0.34,-3.59,0.29,-3.63,769,1998,0.29,-3.63
425673,0.0464,-0.0158,1.1779,0.28,1.71,-0.09,-0.77,-2.26,12.32,-13.51,0.21,-3.63,0.22,-3.64,766,1998,0.22,-3.64
425693,0.0793,0.0326,0.8987,-0.22,-1.24,0.08,2.08,-5.04,12.34,-13.55,0.23,-3.72,0.24,-3.70,770,1998,0.24,-3.70
425713,0.0795,0.0039,1.2067,0.08,0.22,0.01,0.19,-3.77,12.33,-13.53,0.38,-3.67,0.32,-3.67,764,1999,0.32,-3.67
425733,0.0586,0.0017,0.8605,0.11,0.43,0.03,0.11,-3.90,12.34,-13.55,0.20,-3.74,0.23,-3.71,764,1996,0.23,-3.71
425753,0.0685,0.0200,1.0947,-0.11,0.72,0.05,1.05,-3.58,12.33,-13.53,0.31,-3.69,0.28,-3.68,770,1999,0.28,-3.68
425773,0.0665,-0.0072,0.8990,0.28,-1.57,-0.23,-0.46,-4.23,12.34,-13.55,0.23,-3.72,0.24,-3.70,763,2002,0.24,-3.70
425793,0.0970,0.0204,1.1722,-2.40,-0.42,0.16,1.00,-4.73,12.32,-13.56,0.40,-3.69,0.33,-3.70,769,1998,0.33,-3.70
425813,0.0609,-0.0227,1.0312,1.69,-2.50,-0.16,-1.26,-3.38,12.33,-13.51,0.13,-3.63,0.19,-3.64,769,1998,0.19,-3.64
425833,0.0598,0.0421,1.0229,-0.21,-1.03,0.15,2.36,-3.34,12.34,-13.55,0.29,-3.68,0.27,-3.68,770,1998,0.27,-3.68
425853,0.0780,-0.0153,0.9643,0.42,-1.05,0.05,-0.91,-4.62,12.34,-13.55,0.37,-3.66,0.32,-3.66,772,1997,0.32,-3.66
425873,0.0532,0.0070,1.0274,-0.52,2.32,0.04,0.39,-2.97,12.34,-13.53,0.16,-3.73,0.21,-3.70,763,2001,0.21,-3.70
425893,0.0600,0.0096,1.0055,0.24,-0.83,0.01,0.55,-3.41,12.34,-13.53,0.35,-3.62,0.31,-3.64,766,2001,0.31,-3.64
425913,0.0339,0.0148,0.7756,-0.72,-3.51,0.17,1.10,-2.50,12.34,-13.57,0.27,-3.65,0.27,-3.67,772,1997,0.27,-3.67
425933,0.0306,-0.0121,1.0062,0.44,5.65,-0.07,-0.69,-1.74,12.33,-13.51,0.23,-3.61,0.24,-3.62,765,2001,0.24,-3.62
425953,0.0713,0.0274,0.8757,-0.31,-1.26,-0.03,1.79,-4.65,12.35,-13.55,0.20,-3.72,0.23,-3.69,772,1997,0.23,-3.69
425973,0.0663,0.0049,1.1642,0.40,0.13,-0.02,0.24,-3.26,12.34,-13.54,0.38,-3.64,0.33,-3.65,766,2000,0.33,-3.65
425993,0.0656,-0.0035,0.8852,-0.40,1.87,0.02,-0.23,-4.24,12.35,-13.56,0.19,-3.80,0.23,-3.74,766,1997,0.23,-3.74
426013,0.0590,0.0257,1.0542,0.28,-0.11,-0.10,1.39,-3.20,12.34,-13.53,0.30,-3.68,0.28,-3.67,772,1995,0.28,-3.67
426033,0.0691,-0.0109,0.9385,-0.06,-1.31,0.03,-0.67,-4.21,12.35,-13.55,0.25,-3.72,0.26,-3.70,766,1995,0.26,-3.70
426053,0.0506,0.0386,0.9472,-2.02,-1.52,0.15,2.33,-3.06,12.33,-13.57,0.37,-3.66,0.32,-3.68,772,2001,0.32,-3.68
426073,0.0541,-0.0179,1.0882,0.99,0.36,0.01,-0.94,-2.85,12.33,-13.51,0.18,-3.64,0.22,-3.64,772,1995,0.22,-3.64
426093,0.0674,0.0351,0.9966,0.34,-2.93,-0.11,2.02,-3.87,12.35,-13.56,0.24,-3.65,0.25,-3.67,772,2001,0.25,-3.67
426113,0.0867,-0.0027,1.0711,0.02,0.55,0.08,-0.15,-4.63,12.35,-13.57,0.40,-3.68,0.35,-3.68,765,1995,0.35,-3.68
426133,0.0503,-0.0006,0.9288,-0.21,2.20,-0.09,-0.04,-3.10,12.35,-13.54,0.19,-3.72,0.23,-3.69,766,1995,0.23,-3.69
426153,0.0652,0.0171,1.0529,0.08,-0.70,-0.00,0.93,-3.54,12.35,-13.54,0.33,-3.64,0.30,-3.65,772,2001,0.30,-3.65
426173,0.0739,-0.0053,0.9494,0.21,-1.58,-0.14,-0.32,-4.45,12.36,-13.57,0.24,-3.76,0.26,-3.73,763,1999,0.26,-3.73
426193,0.0527,0.0093,1.0518,-0.12,1.97,-0.01,0.50,-2.87,12.35,-13.54,0.29,-3.69,0.28,-3.68,763,2001,0.28,-3.68
426213,0.0169,0.0208,0.7176,-0.55,-3.16,0.19,1.66,-1.35,12.35,-13.56,0.30,-3.61,0.29,-3.64,770,1997,0.29,-3.64
426233,-0.0820,0.0109,0.6278,2.15,9.61,0.58,0.99,7.44,12.33,-13.52,0.32,-3.30,0.30,-3.45,770,2002,0.30,-3.45
426252,0.0660,0.0325,0.8824,-0.51,-0.52,-0.26,2.11,-4.27,12.36,-13.55,0.26,-3.54,0.28,-3.57,771,1997,0.28,-3.57
426272,0.0667,0.0081,1.2417,0.14,1.13,0.08,0.37,-3.07,12.35,-13.55,0.50,-3.53,0.41,-3.56,764,1998,0.41,-3.56
426292,0.0683,-0.0082,0.8083,0.11,-0.43,0.02,-0.58,-4.83,12.36,-13.57,0.23,-3.68,0.27,-3.65,764,1998,0.27,-3.65
426312,0.0626,0.0339,1.1810,-0.27,1.63,0.07,1.65,-3.03,12.35,-13.54,0.31,-3.62,0.31,-3.60,770,2001,0.31,-3.60
426332,0.0664,-0.0108,0.8749,0.60,-2.81,-0.09,-0.70,-4.34,12.36,-13.55,0.27,-3.64,0.29,-3.62,764,1995,0.29,-3.62
426352,0.0659,0.0241,1.1297,-0.45,3.16,0.08,1.22,-3.34,12.36,-13.56,0.27,-3.72,0.29,-3.67,771,1996,0.29,-3.67
426372,0.0734,0.0241,0.7202,-1.96,-6.90,0.13,1.91,-5.82,12.35,-13.58,0.46,-3.59,0.39,-3.61,770,1997,0.39,-3.61
426392,0.0446,-0.0109,1.4368,1.04,0.77,-0.17,-0.44,-1.78,12.33,-13.50,0.25,-3.57,0.27,-3.56,764,1999,0.27,-3.56
426412,0.0795,0.0426,0.8971,-0.18,-2.56,-0.00,2.72,-5.06,12.37,-13.57,0.33,-3.69,0.33,-3.66,770,1998,0.33,-3.66
426432,0.0976,-0.0057,1.2475,0.08,2.40,0.13,-0.26,-4.47,12.35,-13.56,0.50,-3.69,0.42,-3.66,764,2002,0.42,-3.66
426452,0.0550,0.0015,0.7947,0.01,-0.10,-0.03,0.11,-3.96,12.37,-13.56,0.26,-3.71,0.30,-3.67,767,1998,0.30,-3.67
426472,0.0678,0.0172,1.1896,-0.08,1.38,0.08,0.83,-3.26,12.35,-13.54,0.40,-3.62,0.37,-3.61,769,1996,0.37,-3.61
426492,0.0716,-0.0071,0.8638,0.33,-2.60,-0.02,-0.47,-4.74,12.37,-13.58,0.21,-3.75,0.27,-3.70,766,1998,0.27,-3.70
426512,0.0553,0.0193,1.1703,-0.37,3.42,-0.02,0.94,-2.71,12.36,-13.55,0.29,-3.70,0.30,-3.67,769,1998,0.30,-3.67
426532,0.0076,0.0247,0.3214,-1.47,-8.32,0.47,4.39,-1.34,12.36,-13.59,0.41,-3.50,0.37,-3.57,769,1998,0.37,-3.57
426552,0.0788,-0.0279,1.6427,0.31,2.00,-0.01,-0.97,-2.75,12.34,-13.51,0.26,-3.47,0.28,-3.52,770,1998,0.28,-3.52
426572,0.0861,0.0359,0.9586,-0.54,-0.10,0.33,2.14,-5.13,12.37,-13.55,0.36,-3.62,0.35,-3.61,770,1996,0.35,-3.61
426592,0.0758,0.0009,1.0702,0.65,-0.10,-0.04,0.05,-4.05,12.36,-13.56,0.53,-3.57,0.45,-3.58,763,1997,0.45,-3.58
426612,0.0687,0.0015,0.8387,-0.20,-0.66,-0.08,0.10,-4.68,12.37,-13.58,0.26,-3.71,0.31,-3.67,764,1997,0.31,-3.67
426632,0.0653,0.0230,1.2064,-0.21,2.25,0.03,1.09,-3.10,12.36,-13.54,0.41,-3.65,0.38,-3.62,769,1997,0.38,-3.62
426652,0.0691,-0.0038,0.8568,0.34,-2.58,0.06,-0.26,-4.61,12.37,-13.57,0.25,-3.72,0.30,-3.67,763,1995,0.30,-3.67
426672,0.0576,0.0187,1.1578,-0.25,2.91,0.07,0.92,-2.85,12.36,-13.55,0.34,-3.70,0.34,-3.66,770,1998,0.34,-3.66
426692,0.0468,0.0238,0.5117,-1.85,-7.32,0.23,2.66,-5.22,12.37,-13.60,0.44,-3.66,0.40,-3.66,769,1998,0.40,-3.66
426712,0.0405,-0.0170,1.4131,0.89,3.23,-0.33,-0.69,-1.64,12.34,-13.50,0.27,-3.62,0.30,-3.60,763,1998,0.30,-3.60
426732,0.0802,0.0440,0.8980,-0.27,-2.22,0.08,2.81,-5.09,12.38,-13.56,0.31,-3.76,0.33,-3.71,770,1999,0.33,-3.71
426752,0.0932,0.0056,1.3106,0.18,1.83,0.11,0.24,-4.07,12.36,-13.58,0.52,-3.73,0.45,-3.70,764,1994,0.45,-3.70
426772,0.0631,-0.0037,0.7795,-0.02,-0.24,-0.08,-0.27,-4.63,12.38,-13.58,0.20,-3.79,0.28,-3.74,764,1997,0.28,-3.74
426792,0.0624,0.0249,1.2072,-0.24,2.03,0.01,1.18,-2.96,12.36,-13.54,0.39,-3.66,0.37,-3.65,770,1998,0.37,-3.65
426812,0.0717,-0.0112,0.8410,0.48,-3.21,-0.06,-0.77,-4.87,12.38,-13.58,0.22,-3.75,0.28,-3.72,767,1999,0.28,-3.72
426832,0.0582,0.0194,1.1946,-0.60,3.86,0.05,0.93,-2.79,12.37,-13.56,0.28,-3.74,0.30,-3.71,772,1997,0.30,-3.71
426852,0.0764,-0.0048,0.8551,0.40,-3.03,0.02,-0.32,-5.10,12.38,-13.57,0.21,-3.72,0.26,-3.70,766,2001,0.26,-3.70
426872,0.0602,0.0099,1.1815,-0.10,1.74,0.09,0.48,-2.91,12.37,-13.56,0.25,-3.72,0.28,-3.71,766,1999,0.28,-3.71
426892,0.0251,0.0426,0.3823,-2.14,-7.51,0.59,6.35,-3.74,12.37,-13.61,0.52,-3.52,0.42,-3.61,772,1996,0.42,-3.61
426912,0.0695,-0.0239,1.6036,0.86,1.26,-0.19,-0.85,-2.48,12.35,-13.52,0.28,-3.48,0.29,-3.55,771,1996,0.29,-3.55
426932,0.0719,0.0454,0.9159,-0.60,-0.06,0.27,2.84,-4.48,12.38,-13.58,0.40,-3.63,0.37,-3.64,772,2001,0.37,-3.64
426952,0.0811,-0.0018,1.0979,0.28,-0.26,-0.01,-0.09,-4.23,12.37,-13.58,0.57,-3.57,0.47,-3.61,766,1996,0.47,-3.61
426972,0.0635,-0.0018,0.8756,-0.24,0.34,-0.08,-0.11,-4.15,12.38,-13.60,0.24,-3.72,0.29,-3.69,766,1997,0.29,-3.69
426992,0.0613,0.0224,1.1582,0.03,1.32,0.04,1.11,-3.03,12.37,-13.56,0.39,-3.59,0.37,-3.61,772,1999,0.37,-3.61
427012,0.0677,-0.0117,0.8505,0.38,-2.16,-0.05,-0.79,-4.55,12.38,-13.59,0.23,-3.69,0.29,-3.67,769,2001,0.29,-3.67
427032,0.0550,0.0195,1.1343,-0.42,2.99,-0.01,0.99,-2.78,12.37,-13.58,0.28,-3.68,0.30,-3.66,772,1996,0.30,-3.66
427052,0.0762,-0.0043,0.8863,0.36,-2.17,0.08,-0.28,-4.91,12.38,-13.59,0.23,-3.71,0.28,-3.68,766,1995,0.28,-3.68
427072,0.0578,0.0054,1.1278,0.01,0.97,-0.04,0.27,-2.93,12.37,-13.57,0.24,-3.68,0.27,-3.66,766,1995,0.27,-3.66
427092,0.0719,0.0008,0.9082,0.00,-0.45,-0.10,0.05,-4.52,12.38,-13.59,0.22,-3.72,0.26,-3.70,766,2002,0.26,-3.70
427112,0.0598,0.0060,1.0795,0.30,0.02,0.03,0.32,-3.17,12.38,-13.57,0.20,-3.70,0.24,-3.68,766,2001,0.24,-3.68
427132,0.0682,0.0032,0.9443,-0.14,0.58,0.08,0.19,-4.13,12.38,-13.59,0.21,-3.73,0.24,-3.71,763,1997,0.24,-3.71
427152,0.0626,0.0033,1.0313,0.46,-0.91,0.02,0.18,-3.47,12.38,-13.58,0.20,-3.69,0.23,-3.68,761,2001,0.23,-3.68
427172,0.0667,0.0057,0.9658,-0.22,0.95,0.09,0.34,-3.95,12.39,-13.59,0.22,-3.72,0.24,-3.70,764,1996,0.24,-3.70
427192,0.0681,0.0063,1.0199,0.31,-0.97,-0.09,0.35,-3.82,12.38,-13.58,0.24,-3.68,0.25,-3.68,764,2001,0.25,-3.68
427212,0.0296,0.0236,0.8015,-0.87,-1.12,0.07,1.69,-2.11,12.38,-13.59,0.27,-3.67,0.26,-3.68,770,2002,0.26,-3.68
427232,0.0252,-0.0209,0.8881,0.98,7.86,0.01,-1.35,-1.62,12.36,-13.55,0.27,-3.67,0.25,-3.66,770,1996,0.25,-3.66
427251,0.0531,0.0177,0.7152,0.81,-3.13,-0.12,1.42,-4.25,12.39,-13.58,0.11,-3.64,0.17,-3.65,770,1997,0.17,-3.65
427271,0.0768,0.0247,1.2254,-0.55,0.90,0.22,1.15,-3.59,12.38,-13.60,0.46,-3.60,0.36,-3.64,771,1996,0.36,-3.64
427291,0.0747,-0.0181,0.8966,0.25,-0.09,-0.05,-1.16,-4.76,12.39,-13.60,0.20,-3.72,0.23,-3.70,771,1998,0.23,-3.70
427311,0.0581,0.0299,1.1266,-0.19,0.74,0.07,1.52,-2.95,12.38,-13.57,0.25,-3.62,0.24,-3.63,770,1998,0.24,-3.63
427331,0.0723,-0.0101,0.8706,0.67,-3.05,0.04,-0.67,-4.75,12.39,-13.60,0.24,-3.68,0.25,-3.67,764,2002,0.25,-3.67
427351,0.0634,0.0146,1.1132,-0.54,3.07,0.01,0.75,-3.26,12.39,-13.60,0.22,-3.75,0.23,-3.71,768,1998,0.23,-3.71
427371,0.0712,-0.0016,0.9079,0.38,-1.87,-0.02,-0.10,-4.48,12.39,-13.58,0.24,-3.66,0.24,-3.66,764,1998,0.24,-3.66
427391,0.0634,0.0102,1.1059,-0.16,0.57,0.04,0.53,-3.28,12.39,-13.59,0.24,-3.72,0.24,-3.70,765,1998,0.24,-3.70
427411,0.0675,0.0051,0.9178,0.04,-0.48,-0.00,0.32,-4.21,12.39,-13.60,0.24,-3.69,0.24,-3.69,767,1998,0.24,-3.69
427431,0.0607,0.0079,1.1075,-0.02,0.48,0.03,0.41,-3.14,12.39,-13.58,0.23,-3.70,0.23,-3.68,764,1998,0.23,-3.68
427451,0.0686,0.0055,0.9315,0.12,-0.74,-0.07,0.34,-4.21,12.39,-13.60,0.25,-3.70,0.24,-3.70,765,1998,0.24,-3.70
427471,-0.0428,0.0548,0.4263,-1.96,-6.61,0.64,7.32,5.69,12.38,-13.62,0.51,-3.26,0.38,-3.46,770,1998,0.38,-3.46
427491,0.1793,-0.0921,1.8338,-3.17,0.93,2.51,-2.88,-5.58,12.37,-13.52,0.31,-2.95,0.28,-3.22,771,2000,0.28,-3.22
427511,0.0743,0.0429,1.0314,-0.50,-1.63,0.02,2.38,-4.12,12.40,-13.58,0.37,-3.27,0.32,-3.39,770,1996,0.32,-3.39
427531,0.0637,-0.0051,0.9500,0.64,-1.86,0.05,-0.31,-3.84,12.39,-13.60,0.55,-3.29,0.43,-3.39,764,1998,0.43,-3.39
427551,0.0607,0.0044,0.9629,-0.91,3.93,-0.10,0.26,-3.60,12.39,-13.62,0.26,-3.57,0.28,-3.54,763,2001,0.28,-3.54
427571,0.0655,0.0222,1.0677,0.41,-0.87,0.14,1.19,-3.51,12.39,-13.57,0.40,-3.41,0.35,-3.43,770,1997,0.35,-3.43
427591,0.0683,-0.0105,0.9298,0.18,-2.11,0.05,-0.65,-4.20,12.40,-13.61,0.26,-3.55,0.28,-3.52,763,1996,0.28,-3.52
427611,0.0553,0.0086,1.0587,-0.16,3.04,-0.02,0.46,-2.99,12.39,-13.60,0.29,-3.55,0.29,-3.52,763,2000,0.29,-3.52
427631,0.0714,0.0014,0.9417,0.01,-1.05,0.01,0.08,-4.33,12.40,-13.60,0.26,-3.60,0.28,-3.54,763,1997,0.28,-3.54
427651,0.0612,0.0015,1.0695,0.46,-0.66,0.05,0.08,-3.27,12.39,-13.59,0.27,-3.55,0.28,-3.52,763,1998,0.28,-3.52
427671,0.0712,0.0068,0.9615,-0.42,1.01,-0.02,0.41,-4.24,12.40,-13.61,0.27,-3.66,0.28,-3.58,763,1999,0.28,-3.58
427691,0.0587,0.0052,1.0147,0.55,-0.68,0.06,0.29,-3.31,12.40,-13.59,0.26,-3.61,0.27,-3.56,763,1998,0.27,-3.56
427711,0.0666,0.0031,0.9788,-0.34,0.79,0.02,0.18,-3.89,12.40,-13.60,0.28,-3.66,0.28,-3.59,764,1994,0.28,-3.59
427731,0.0624,0.0033,1.0040,0.42,-0.91,0.01,0.19,-3.56,12.40,-13.60,0.26,-3.63,0.27,-3.58,762,2001,0.27,-3.58
427751,0.0301,0.0366,0.5274,-2.91,-4.99,0.33,3.97,-3.26,12.39,-13.63,0.52,-3.52,0.41,-3.53,770,2001,0.41,-3.53
427771,0.0511,-0.0393,1.4411,0.23,2.51,-0.11,-1.56,-2.03,12.38,-13.52,0.28,-3.39,0.28,-3.41,770,1998,0.28,-3.41
427791,0.0670,0.0470,0.9738,-0.38,-2.47,0.11,2.76,-3.93,12.41,-13.59,0.29,-3.59,0.29,-3.55,772,1995,0.29,-3.55
427811,0.0844,0.0052,1.1529,0.37,0.51,0.11,0.26,-4.19,12.40,-13.61,0.54,-3.56,0.44,-3.54,766,1997,0.44,-3.54
427831,0.0638,-0.0027,0.8664,-0.53,1.86,0.03,-0.18,-4.21,12.41,-13.61,0.20,-3.73,0.26,-3.64,766,1999,0.26,-3.64
427851,0.0571,0.0200,1.1081,0.11,0.76,0.05,1.04,-2.95,12.39,-13.57,0.33,-3.56,0.31,-3.53,772,2001,0.31,-3.53
427871,0.0710,-0.0074,0.8943,0.22,-2.88,-0.03,-0.47,-4.54,12.41,-13.62,0.23,-3.69,0.26,-3.63,766,2001,0.26,-3.63
427891,0.0557,0.0109,1.1193,-0.21,3.39,0.03,0.56,-2.85,12.40,-13.59,0.25,-3.67,0.27,-3.62,766,1997,0.27,-3.62
427911,0.0686,0.0016,0.9014,0.08,-1.42,-0.01,0.10,-4.35,12.40,-13.59,0.21,-3.68,0.24,-3.63,766,1995,0.24,-3.63
427931,0.0587,0.0038,1.0873,0.28,-0.32,-0.02,0.20,-3.09,12.40,-13.59,0.23,-3.64,0.25,-3.61,766,1996,0.25,-3.61
427951,0.0713,0.0020,0.9298,-0.21,0.35,0.06,0.13,-4.39,12.41,-13.61,0.22,-3.72,0.25,-3.66,766,1996,0.25,-3.66
427971,0.0569,0.0074,1.0542,0.35,-0.45,-0.05,0.40,-3.09,12.40,-13.59,0.24,-3.65,0.25,-3.62,766,1995,0.25,-3.62
427991,0.0676,0.0034,0.9465,-0.14,0.32,0.01,0.21,-4.08,12.41,-13.61,0.25,-3.69,0.25,-3.65,766,2001,0.25,-3.65
428011,0.0640,0.0027,1.0283,0.28,-0.70,-0.07,0.15,-3.56,12.40,-13.60,0.25,-3.66,0.25,-3.64,766,2001,0.25,-3.64
428031,0.0625,0.0044,0.9755,-0.24,0.94,-0.02,0.26,-3.67,12.41,-13.60,0.24,-3.70,0.24,-3.67,766,1996,0.24,-3.67
428051,0.0663,0.0082,1.0132,0.45,-1.09,0.03,0.46,-3.74,12.41,-13.60,0.27,-3.66,0.26,-3.65,766,1996,0.26,-3.65
428071,0.0646,0.0015,0.9942,-0.24,0.83,-0.03,0.09,-3.72,12.41,-13.60,0.24,-3.71,0.24,-3.68,766,2001,0.24,-3.68
428091,0.0490,0.0114,0.9015,0.13,-1.15,0.06,0.72,-3.11,12.41,-13.60,0.29,-3.63,0.27,-3.64,765,1998,0.27,-3.64
428111,0.0199,-0.0276,0.7973,1.23,11.66,0.38,-1.99,-1.43,12.38,-13.59,0.46,-3.37,0.37,-3.48,770,1996,0.37,-3.48
428131,0.0565,0.0192,0.5195,1.68,-3.22,0.40,2.11,-6.20,12.42,-13.59,0.29,-3.16,0.29,-3.33,770,2001,0.29,-3.33
428151,0.0633,0.0194,1.2855,-0.87,0.39,0.05,0.87,-2.82,12.41,-13.61,0.61,-3.28,0.48,-3.38,768,1997,0.48,-3.38
428171,0.0748,-0.0245,0.8299,0.55,-0.71,0.02,-1.69,-5.15,12.42,-13.63,0.37,-3.46,0.36,-3.47,770,1997,0.36,-3.47
428191,0.0537,0.0298,1.1077,-0.34,1.25,0.04,1.54,-2.77,12.41,-13.59,0.35,-3.43,0.35,-3.44,770,1997,0.35,-3.44
428211,0.0648,-0.0121,0.9197,0.69,-2.29,-0.12,-0.75,-4.03,12.42,-13.61,0.38,-3.46,0.37,-3.46,766,1997,0.37,-3.46
428230,0.0718,0.0164,1.0863,-0.58,1.28,-0.02,0.87,-3.78,12.42,-13.63,0.31,-3.60,0.33,-3.54,769,1998,0.33,-3.54
428250,0.0613,-0.0038,0.9144,0.64,-1.31,0.04,-0.24,-3.83,12.42,-13.60,0.31,-3.51,0.33,-3.48,764,2002,0.33,-3.48
428270,0.0612,0.0127,1.0727,-0.55,1.13,-0.08,0.68,-3.27,12.42,-13.62,0.28,-3.62,0.31,-3.55,764,1997,0.31,-3.55
428290,0.0649,0.0004,0.9225,0.43,-1.12,0.07,0.02,-4.02,12.42,-13.62,0.27,-3.59,0.30,-3.54,764,1994,0.30,-3.54
428310,0.0616,0.0074,1.0764,-0.35,1.10,-0.15,0.40,-3.27,12.41,-13.61,0.25,-3.64,0.28,-3.57,764,1998,0.28,-3.57
428330,0.0678,0.0041,0.9481,0.31,-1.02,-0.03,0.25,-4.09,12.42,-13.62,0.27,-3.62,0.30,-3.57,765,1995,0.30,-3.57
428350,0.0592,0.0057,1.0646,-0.10,0.39,0.02,0.30,-3.18,12.42,-13.61,0.25,-3.64,0.28,-3.58,764,1998,0.28,-3.58
428370,0.0672,0.0053,0.9572,0.04,0.11,0.01,0.32,-4.01,12.42,-13.63,0.25,-3.65,0.28,-3.60,765,1997,0.28,-3.60
428390,0.0623,0.0047,1.0309,0.09,-0.71,0.03,0.26,-3.46,12.42,-13.62,0.26,-3.62,0.28,-3.58,764,1998,0.28,-3.58
428410,0.0676,-0.0025,0.9824,-0.04,0.65,-0.02,-0.15,-3.94,12.42,-13.63,0.24,-3.67,0.26,-3.62,765,1996,0.26,-3.62
428430,0.0625,0.0118,1.0184,0.08,-0.55,0.01,0.66,-3.51,12.42,-13.62,0.25,-3.64,0.26,-3.61,764,1997,0.26,-3.61
428450,0.0682,-0.0016,0.9887,-0.11,0.18,-0.01,-0.09,-3.95,12.42,-13.62,0.24,-3.67,0.26,-3.63,765,1996,0.26,-3.63
428470,0.0638,0.0049,1.0128,0.10,-0.22,-0.02,0.28,-3.60,12.42,-13.63,0.23,-3.66,0.25,-3.63,764,1997,0.25,-3.63
428490,0.0634,0.0030,0.9968,-0.05,0.33,-0.02,0.17,-3.64,12.42,-13.62,0.25,-3.65,0.26,-3.63,765,1998,0.26,-3.63
428510,0.0649,0.0046,1.0002,0.18,-0.51,0.01,0.26,-3.71,12.43,-13.63,0.24,-3.66,0.25,-3.63,763,1998,0.25,-3.63
428530,0.0625,0.0036,1.0021,-0.05,0.27,0.02,0.21,-3.57,12.43,-13.63,0.25,-3.66,0.25,-3.64,763,1996,0.25,-3.64
428550,0.0650,0.0027,1.0021,0.05,-0.19,0.07,0.15,-3.71,12.43,-13.63,0.24,-3.66,0.25,-3.64,763,1998,0.25,-3.64
428570,0.0650,0.0041,1.0001,0.10,-0.11,-0.05,0.23,-3.72,12.43,-13.63,0.24,-3.68,0.24,-3.65,764,1998,0.24,-3.65
428590,0.0639,0.0050,1.0002,0.03,0.20,-0.05,0.29,-3.65,12.43,-13.63,0.25,-3.68,0.25,-3.66,763,1998,0.25,-3.66
428610,0.0518,0.0053,0.9438,0.04,-0.51,-0.04,0.32,-3.14,12.43,-13.63,0.26,-3.66,0.25,-3.65,763,1998,0.25,-3.65
428630,0.1323,-0.0297,1.5821,-0.54,9.49,0.21,-1.08,-4.78,12.40,-13.65,0.43,-3.73,0.34,-3.70,770,1996,0.34,-3.70
428650,0.0540,-0.0187,0.6399,3.02,-4.53,0.08,-1.67,-4.82,12.43,-13.60,0.11,-3.48,0.18,-3.53,769,1997,0.18,-3.53
428670,0.0493,0.0367,1.0586,-0.73,-1.15,-0.02,1.99,-2.66,12.43,-13.65,0.48,-3.54,0.38,-3.58,770,1999,0.38,-3.58
428690,0.0707,-0.0360,0.9318,0.57,-0.77,-0.05,-2.21,-4.33,12.43,-13.66,0.33,-3.64,0.31,-3.64,770,1999,0.31,-3.64
428710,0.0561,0.0205,1.0927,-0.56,2.16,0.05,1.07,-2.94,12.43,-13.62,0.21,-3.64,0.24,-3.63,769,1999,0.24,-3.63
428730,0.0654,-0.0040,0.9443,1.04,-3.03,-0.09,-0.24,-3.96,12.44,-13.63,0.34,-3.58,0.31,-3.60,766,1999,0.31,-3.60
428750,0.0725,0.0087,1.0445,-0.60,1.81,-0.00,0.48,-3.97,12.44,-13.66,0.24,-3.75,0.26,-3.71,765,1995,0.26,-3.71
428770,0.0572,0.0006,0.9365,0.49,-0.36,-0.05,0.04,-3.49,12.44,-13.62,0.26,-3.61,0.27,-3.61,766,2000,0.27,-3.61
428790,0.0656,0.0086,1.0515,-0.46,0.25,-0.02,0.47,-3.57,12.44,-13.64,0.25,-3.72,0.26,-3.68,767,1997,0.26,-3.68
428810,0.0630,0.0052,0.9291,0.37,-0.68,0.05,0.32,-3.88,12.44,-13.65,0.24,-3.67,0.25,-3.66,766,1996,0.25,-3.66
428830,0.0649,0.0057,1.0776,-0.53,1.42,0.08,0.30,-3.45,12.44,-13.63,0.23,-3.71,0.24,-3.68,766,1999,0.24,-3.68
428850,0.0645,0.0080,0.9405,0.37,-1.42,-0.05,0.49,-3.92,12.44,-13.65,0.26,-3.67,0.26,-3.67,766,1996,0.26,-3.67
428870,0.0636,0.0048,1.0644,-0.23,0.81,-0.01,0.26,-3.42,12.44,-13.64,0.25,-3.70,0.25,-3.68,766,2001,0.25,-3.68
428890,0.0657,0.0052,0.9522,0.16,-0.29,-0.11,0.31,-3.95,12.44,-13.65,0.24,-3.70,0.24,-3.69,766,1996,0.24,-3.69
428910,0.0621,0.0068,1.0449,-0.05,-0.22,0.05,0.37,-3.40,12.44,-13.64,0.26,-3.68,0.25,-3.68,766,2002,0.25,-3.68
428930,0.0665,-0.0011,0.9673,0.08,0.22,0.03,-0.06,-3.93,12.44,-13.65,0.25,-3.71,0.25,-3.70,766,1999,0.25,-3.70
428950,0.0587,0.0087,1.0301,0.02,-0.22,-0.03,0.48,-3.26,12.44,-13.64,0.24,-3.67,0.24,-3.68,766,2000,0.24,-3.68
428970,0.0674,0.0016,0.9804,-0.07,0.17,0.09,0.09,-3.93,12.44,-13.65,0.25,-3.68,0.25,-3.68,766,1998,0.25,-3.68
428990,0.0629,0.0063,1.0201,-0.01,-0.29,-0.02,0.36,-3.53,12.44,-13.65,0.22,-3.67,0.23,-3.68,766,1996,0.23,-3.68
429010,0.0613,0.0039,0.9898,-0.11,0.58,0.05,0.22,-3.55,12.44,-13.64,0.25,-3.66,0.24,-3.67,766,2000,0.24,-3.67
429030,0.0654,0.0041,1.0086,0.15,-0.69,0.04,0.23,-3.71,12.44,-13.65,0.23,-3.66,0.23,-3.68,763,1996,0.23,-3.68
429050,-0.0475,0.0169,0.1553,-2.57,-8.42,1.90,6.21,16.90,12.43,-13.70,0.78,-2.61,0.53,-3.11,769,1996,0.53,-3.11
429070,0.0472,-0.0202,1.4009,6.59,3.01,7.98,-0.83,-1.93,12.43,-13.46,0.65,-1.99,0.50,-2.61,768,1995,0.50,-2.61
429090,-0.0983,0.1084,0.5759,-14.45,-20.61,8.95,10.66,9.52,12.54,-13.44,1.48,-0.65,1.03,-1.76,769,1997,1.03,-1.76
429110,0.0427,-0.0182,0.9537,1.63,-8.19,0.32,-1.09,-2.56,12.44,-13.57,0.94,-1.82,0.73,-2.35,770,2001,0.73,-2.35
429130,0.0807,0.0027,0.8176,-1.22,5.04,-0.03,0.19,-5.64,12.48,-13.72,0.50,-2.80,0.52,-2.90,763,2001,0.52,-2.90
429150,0.0718,0.0250,1.1612,-0.59,3.90,0.01,1.23,-3.54,12.45,-13.60,0.66,-2.70,0.60,-2.76,770,2001,0.60,-2.76
429170,0.0652,-0.0119,0.9224,0.44,-3.89,0.01,-0.74,-4.04,12.46,-13.60,0.42,-2.86,0.48,-2.83,765,1997,0.48,-2.83
429190,0.0577,0.0171,1.0817,0.15,1.18,0.10,0.91,-3.05,12.46,-13.64,0.47,-3.02,0.50,-2.92,770,1998,0.50,-2.92
429210,0.0800,0.0030,0.8913,-0.14,-0.36,-0.00,0.19,-5.13,12.47,-13.64,0.38,-3.24,0.45,-3.05,764,1998,0.45,-3.05
429229,0.0464,0.0030,1.1109,0.32,0.18,-0.00,0.15,-2.39,12.45,-13.60,0.37,-3.19,0.44,-3.01,764,2002,0.44,-3.01
429249,0.0740,0.0022,0.9451,-0.19,-0.50,0.12,0.13,-4.48,12.46,-13.64,0.35,-3.35,0.42,-3.13,767,1997,0.42,-3.13
429269,0.0560,0.0070,1.0248,0.35,-0.19,0.05,0.39,-3.13,12.46,-13.62,0.33,-3.38,0.41,-3.16,764,1998,0.41,-3.16
429289,0.0654,0.0030,0.9726,-0.36,1.26,0.11,0.17,-3.84,12.46,-13.62,0.32,-3.45,0.39,-3.21,764,1998,0.39,-3.21
429309,0.0632,0.0006,1.0169,0.60,-1.80,-0.11,0.04,-3.56,12.46,-13.62,0.28,-3.45,0.36,-3.23,766,2001,0.36,-3.23
429329,0.0623,0.0068,0.9857,-0.28,1.25,0.02,0.39,-3.61,12.47,-13.63,0.28,-3.53,0.35,-3.30,764,1997,0.35,-3.30
429349,0.0636,0.0045,1.0112,0.11,-0.67,-0.02,0.26,-3.60,12.46,-13.62,0.28,-3.49,0.35,-3.30,765,2000,0.35,-3.30
429369,0.0613,0.0019,1.0034,-0.09,0.29,-0.03,0.11,-3.50,12.46,-13.62,0.24,-3.54,0.31,-3.35,764,1999,0.31,-3.35
429389,0.0629,0.0085,0.9999,0.19,-0.41,0.12,0.49,-3.60,12.47,-13.63,0.29,-3.51,0.34,-3.35,764,1998,0.34,-3.35
429409,0.0615,0.0009,1.0040,-0.14,0.39,0.08,0.05,-3.51,12.46,-13.63,0.25,-3.56,0.30,-3.39,765,1998,0.30,-3.39
429429,0.0639,0.0079,0.9923,0.18,-0.42,0.07,0.45,-3.69,12.47,-13.63,0.26,-3.55,0.30,-3.41,764,1998,0.30,-3.41
429449,-0.0549,0.0263,0.1548,-2.41,-6.78,0.75,9.65,19.28,12.46,-13.66,0.63,-2.85,0.50,-3.04,770,2002,0.50,-3.04
429469,-0.0663,-0.0368,0.3712,1.42,7.08,7.45,-5.66,10.07,12.42,-13.46,0.71,-1.71,0.56,-2.28,770,1998,0.56,-2.28
429489,-0.0073,0.0061,0.2384,11.53,-2.50,11.88,1.48,1.75,12.55,-13.56,0.82,-1.95,0.69,-2.38,770,2001,0.69,-2.38
429509,-0.0205,-0.0042,1.2386,3.30,1.42,2.67,-0.19,0.95,12.48,-13.61,0.76,-2.33,0.65,-2.56,763,1996,0.65,-2.56
429529,0.0841,-0.0077,0.7399,-0.49,1.44,-0.04,-0.60,-6.48,12.50,-13.73,0.20,-3.10,0.35,-3.01,763,1998,0.35,-3.01
429549,0.0600,0.0325,1.1759,-0.14,1.20,0.08,1.58,-2.92,12.49,-13.66,0.40,-2.98,0.43,-2.91,769,1995,0.44,-2.91
429569,0.0694,-0.0156,0.8781,0.24,-2.22,-0.00,-1.02,-4.52,12.49,-13.67,0.23,-3.19,0.34,-3.03,769,1998,0.34,-3.03
429589,0.0578,0.0220,1.1160,-0.20,2.01,0.11,1.13,-2.96,12.49,-13.67,0.28,-3.26,0.35,-3.08,769,1998,0.35,-3.08
429609,0.0835,0.0003,0.8825,0.36,-2.33,0.01,0.02,-5.40,12.50,-13.68,0.24,-3.36,0.33,-3.16,764,1998,0.33,-3.16
429629,0.0514,0.0034,1.1318,-0.17,1.32,-0.05,0.17,-2.60,12.49,-13.66,0.26,-3.40,0.32,-3.19,764,1999,0.32,-3.19
429649,0.0739,0.0030,0.9101,0.03,-0.02,-0.05,0.19,-4.64,12.50,-13.68,0.23,-3.51,0.30,-3.28,764,1999,0.30,-3.28
429669,0.0602,0.0079,1.0672,0.50,-1.03,-0.05,0.42,-3.23,12.49,-13.66,0.23,-3.53,0.29,-3.31,764,1998,0.29,-3.31
429689,0.0667,0.0009,0.9437,-0.33,1.22,0.06,0.05,-4.04,12.50,-13.68,0.26,-3.59,0.30,-3.37,765,2002,0.30,-3.37
429709,0.0672,0.0033,1.0379,0.37,-1.37,0.01,0.18,-3.70,12.49,-13.67,0.23,-3.57,0.28,-3.38,766,2002,0.28,-3.38
429729,0.0624,0.0067,0.9676,-0.23,1.10,0.10,0.40,-3.69,12.50,-13.68,0.22,-3.64,0.26,-3.45,766,1997,0.26,-3.45
429749,0.0652,0.0050,1.0192,0.14,-0.95,-0.03,0.28,-3.66,12.50,-13.67,0.25,-3.59,0.27,-3.44,766,2001,0.27,-3.44
429769,0.0638,-0.0019,0.9933,-0.24,0.71,-0.08,-0.11,-3.68,12.50,-13.67,0.20,-3.65,0.24,-3.49,766,2001,0.24,-3.49
429789,0.0643,0.0104,1.0062,0.22,-0.61,-0.04,0.59,-3.66,12.50,-13.68,0.25,-3.62,0.26,-3.49,767,1998,0.26,-3.49
429809,0.0655,-0.0005,1.0045,-0.13,0.38,-0.04,-0.03,-3.73,12.50,-13.67,0.23,-3.65,0.24,-3.53,766,1996,0.24,-3.53
429829,0.0442,0.0153,0.8378,-0.05,-1.31,0.11,1.05,-3.02,12.50,-13.68,0.26,-3.61,0.26,-3.53,772,1999,0.26,-3.53
429849,0.0168,-0.0194,0.9744,1.36,21.51,0.81,-1.14,-0.99,12.46,-13.62,0.62,-3.24,0.46,-3.29,771,2001,0.46,-3.29
429869,-0.0293,-0.0004,0.2929,10.73,7.66,3.46,-0.08,5.70,12.57,-13.51,0.16,-2.13,0.26,-2.58,765,1996,0.26,-2.58
429889,0.1539,-0.0329,1.5306,-3.80,-1.54,1.40,-1.23,-5.74,12.50,-13.63,0.96,-2.25,0.69,-2.63,772,2001,0.69,-2.63
429909,0.1071,-0.0360,0.7412,1.84,-6.85,-0.02,-2.78,-8.22,12.53,-13.79,0.57,-2.85,0.52,-2.99,772,2000,0.52,-2.98
429929,0.0535,0.0333,1.1332,-1.40,6.23,0.07,1.68,-2.70,12.51,-13.69,0.51,-3.04,0.48,-3.04,772,2001,0.48,-3.04
429949,0.0508,-0.0196,0.8939,0.76,-1.62,-0.02,-1.26,-3.25,12.50,-13.64,0.47,-3.01,0.47,-2.99,772,1997,0.47,-2.99
429969,0.0806,0.0192,1.0939,-0.11,-2.13,-0.04,1.00,-4.21,12.51,-13.71,0.35,-3.24,0.40,-3.15,773,1998,0.40,-3.14
429989,0.0661,-0.0044,0.8921,0.63,-0.32,0.01,-0.28,-4.24,12.51,-13.69,0.38,-3.27,0.41,-3.16,762,2001,0.41,-3.16
430009,0.0569,0.0111,1.1168,-0.98,3.05,-0.12,0.57,-2.92,12.51,-13.67,0.31,-3.43,0.36,-3.26,763,1994,0.36,-3.26
430029,0.0662,0.0061,0.9032,0.79,-3.13,-0.02,0.39,-4.19,12.51,-13.69,0.31,-3.38,0.36,-3.25,763,1995,0.36,-3.25
430049,0.0653,0.0052,1.0808,-0.52,1.49,-0.04,0.28,-3.46,12.51,-13.69,0.28,-3.54,0.33,-3.36,763,2001,0.33,-3.36
430069,0.0669,0.0052,0.9354,0.07,0.08,0.08,0.32,-4.09,12.51,-13.69,0.29,-3.52,0.34,-3.36,764,1996,0.34,-3.36
430089,0.0605,0.0019,1.0736,-0.11,-0.56,-0.09,0.10,-3.23,12.51,-13.67,0.26,-3.53,0.31,-3.38,764,2001,0.31,-3.38
430109,0.0698,0.0034,0.9498,0.18,-0.14,-0.06,0.21,-4.20,12.52,-13.70,0.26,-3.60,0.30,-3.45,764,1999,0.30,-3.45
430129,0.0593,0.0045,1.0417,-0.08,0.36,-0.00,0.25,-3.26,12.51,-13.68,0.27,-3.57,0.30,-3.45,764,1999,0.30,-3.45
430149,0.0659,-0.0008,0.9756,0.13,0.03,-0.06,-0.05,-3.87,12.51,-13.69,0.25,-3.61,0.29,-3.49,764,1998,0.29,-3.49
430169,0.0613,0.0106,1.0212,0.10,-0.48,-0.02,0.60,-3.43,12.51,-13.69,0.25,-3.61,0.28,-3.51,764,1996,0.28,-3.51
430189,0.0667,0.0004,0.9863,-0.05,0.68,-0.12,0.03,-3.87,12.52,-13.69,0.25,-3.64,0.27,-3.54,764,1994,0.27,-3.54
430209,0.0628,0.0062,1.0136,0.08,-0.68,-0.05,0.35,-3.54,12.52,-13.69,0.23,-3.64,0.26,-3.55,764,1998,0.26,-3.55
430228,0.3125,0.0389,2.0109,-6.15,-5.73,1.21,1.11,-8.83,12.49,-13.77,0.81,-3.14,0.57,-3.31,773,1997,0.57,-3.31
430248,0.2275,-0.2189,1.6171,-6.33,-11.51,1.35,-7.71,-7.94,12.50,-13.58,0.46,-2.50,0.41,-2.85,770,1994,0.41,-2.85
430268,0.0516,0.0356,0.6982,-0.03,-3.76,1.91,2.92,-4.22,12.54,-13.63,0.83,-2.39,0.63,-2.75,772,2000,0.63,-2.75
430288,0.0852,-0.0290,1.0470,1.96,-9.77,0.08,-1.59,-4.65,12.52,-13.73,0.93,-2.56,0.72,-2.84,770,1995,0.72,-2.84
430308,0.0484,0.0098,0.9194,-1.45,6.17,0.08,0.61,-3.01,12.54,-13.76,0.55,-3.15,0.53,-3.15,765,1994,0.53,-3.15
430328,0.0711,0.0055,1.0960,-0.05,2.80,-0.07,0.29,-3.71,12.52,-13.67,0.69,-3.04,0.61,-3.04,765,2000,0.61,-3.04
430348,0.0622,-0.0068,0.9266,0.41,-4.22,-0.00,-0.42,-3.84,12.53,-13.71,0.41,-3.19,0.47,-3.15,765,1994,0.47,-3.15
430368,0.0555,0.0099,1.0753,-0.02,2.41,-0.02,0.53,-2.96,12.53,-13.72,0.48,-3.28,0.50,-3.20,764,1999,0.50,-3.20
430388,0.0740,-0.0019,0.9328,-0.52,0.81,0.13,-0.12,-4.53,12.53,-13.72,0.36,-3.46,0.43,-3.31,765,1997,0.43,-3.31
430408,0.0546,0.0019,1.0516,0.62,-1.22,-0.05,0.10,-2.97,12.52,-13.69,0.35,-3.36,0.42,-3.26,764,2002,0.42,-3.26
430428,0.0763,-0.0015,0.9718,-0.36,0.23,0.04,-0.09,-4.49,12.53,-13.73,0.32,-3.55,0.39,-3.39,764,1997,0.39,-3.39
430448,0.0578,0.0091,1.0037,0.34,-0.16,0.03,0.52,-3.30,12.53,-13.71,0.33,-3.51,0.39,-3.38,764,1997,0.39,-3.38
430468,0.0636,0.0009,0.9918,-0.37,0.97,0.06,0.05,-3.67,12.53,-13.71,0.31,-3.56,0.37,-3.42,765,2001,0.37,-3.42
430488,0.0662,0.0050,1.0013,0.59,-1.54,-0.09,0.28,-3.78,12.53,-13.72,0.29,-3.57,0.35,-3.45,763,1996,0.35,-3.45
430508,0.0602,0.0031,0.9994,-0.34,1.41,0.10,0.18,-3.45,12.53,-13.71,0.28,-3.61,0.34,-3.49,764,2002,0.34,-3.49
430528,0.0653,0.0031,1.0004,0.28,-0.88,0.03,0.18,-3.73,12.53,-13.71,0.28,-3.58,0.33,-3.49,764,1996,0.33,-3.49
430548,0.0636,0.0038,1.0059,-0.06,0.07,0.01,0.21,-3.62,12.53,-13.72,0.24,-3.64,0.30,-3.54,763,1998,0.30,-3.54
430568,0.0660,0.0050,0.9927,0.09,-0.03,0.03,0.29,-3.80,12.53,-13.72,0.29,-3.63,0.32,-3.55,764,1999,0.32,-3.55
430588,0.0624,0.0035,1.0132,-0.05,0.00,-0.05,0.20,-3.52,12.53,-13.71,0.27,-3.64,0.30,-3.56,764,1999,0.30,-3.56
430608,0.0647,0.0038,0.9934,0.17,-0.10,-0.08,0.22,-3.73,12.54,-13.72,0.27,-3.65,0.29,-3.59,764,1997,0.29,-3.58
430628,0.0623,0.0026,1.0102,0.02,-0.03,-0.08,0.15,-3.53,12.54,-13.72,0.24,-3.65,0.27,-3.60,765,1998,0.27,-3.60
430648,0.2678,-0.0136,1.9972,-1.52,10.69,1.34,-0.39,-7.64,12.50,-13.77,0.69,-3.26,0.51,-3.40,765,1997,0.51,-3.40
430668,0.0313,-0.1014,0.8678,10.53,7.82,-0.45,-6.66,-2.05,12.55,-13.59,0.27,-2.42,0.32,-2.82,771,1997,0.32,-2.82
430688,-0.0860,0.1635,0.6939,-1.01,-1.45,2.79,13.26,6.88,12.56,-13.66,1.11,-2.15,0.80,-2.63,772,1996,0.80,-2.63
430708,0.0927,-0.0450,1.0065,2.39,-10.47,-0.13,-2.56,-5.25,12.55,-13.79,0.78,-2.63,0.65,-2.90,771,2000,0.65,-2.90
430728,0.0546,0.0219,1.0381,-1.51,6.11,-0.00,1.21,-3.01,12.55,-13.77,0.52,-3.11,0.51,-3.14,771,1999,0.51,-3.14
430748,0.0566,-0.0074,0.9964,0.35,1.74,0.06,-0.42,-3.25,12.54,-13.69,0.61,-3.05,0.56,-3.05,765,1996,0.56,-3.05
430768,0.0654,0.0022,1.0164,-0.01,-3.45,-0.08,0.12,-3.68,12.55,-13.74,0.37,-3.20,0.44,-3.16,766,1995,0.44,-3.16
430788,0.0534,-0.0029,0.9898,0.60,1.32,0.03,-0.17,-3.09,12.55,-13.74,0.43,-3.22,0.47,-3.17,766,2000,0.47,-3.17
430808,0.0682,0.0043,1.0096,-1.01,2.53,-0.09,0.24,-3.86,12.55,-13.73,0.34,-3.43,0.41,-3.29,766,1995,0.41,-3.29
430828,0.0545,0.0022,0.9590,0.92,-2.29,-0.01,0.13,-3.25,12.55,-13.72,0.32,-3.32,0.39,-3.24,765,2000,0.39,-3.24
430848,0.0732,0.0021,1.0200,-0.53,0.81,-0.02,0.12,-4.10,12.55,-13.74,0.30,-3.52,0.37,-3.37,765,1995,0.37,-3.37
430868,0.0597,0.0040,0.9611,0.44,-0.31,-0.05,0.24,-3.55,12.55,-13.73,0.31,-3.50,0.37,-3.37,766,1995,0.37,-3.37
430888,0.0621,0.0032,1.0407,-0.42,0.92,0.04,0.18,-3.42,12.55,-13.72,0.27,-3.54,0.34,-3.40,766,2001,0.34,-3.40
430908,0.0688,0.0027,0.9699,0.46,-1.19,-0.04,0.16,-4.06,12.55,-13.74,0.27,-3.57,0.33,-3.45,766,2000,0.33,-3.45
430928,0.0608,0.0057,1.0250,-0.24,1.10,0.03,0.32,-3.39,12.55,-13.73,0.28,-3.61,0.32,-3.48,764,1997,0.32,-3.48
430948,0.0678,0.0006,0.9867,0.33,-0.36,-0.02,0.03,-3.93,12.55,-13.73,0.26,-3.62,0.31,-3.51,764,1995,0.31,-3.51
430968,0.0610,0.0052,1.0168,0.08,-0.32,-0.03,0.29,-3.43,12.56,-13.73,0.23,-3.65,0.28,-3.54,764,2001,0.28,-3.54
430988,0.0672,0.0014,0.9830,-0.09,0.36,-0.03,0.08,-3.91,12.56,-13.74,0.26,-3.65,0.29,-3.56,764,1997,0.29,-3.56
431008,0.0629,0.0013,1.0194,-0.02,-0.45,-0.00,0.07,-3.53,12.55,-13.73,0.22,-3.65,0.26,-3.57,764,2001,0.26,-3.57
431028,0.0623,0.0041,0.9901,0.03,0.19,0.05,0.24,-3.60,12.56,-13.74,0.25,-3.66,0.27,-3.59,764,2001,0.27,-3.59
431048,0.0659,0.0036,1.0075,0.15,-0.37,0.03,0.20,-3.74,12.56,-13.74,0.24,-3.68,0.26,-3.62,764,1996,0.26,-3.62
431068,0.0326,0.0202,0.7991,-0.34,-0.95,0.14,1.44,-2.33,12.56,-13.74,0.29,-3.65,0.28,-3.62,770,1995,0.28,-3.62
431088,-0.0193,0.0044,0.8286,-0.38,23.26,0.90,0.30,1.33,12.51,-13.66,0.64,-3.12,0.47,-3.27,763,2001,0.48,-3.27
431108,0.0166,0.0024,0.1189,13.89,6.78,4.32,1.16,-7.94,12.61,-13.59,0.48,-2.50,0.44,-2.85,769,2000,0.44,-2.85
431128,0.1606,-0.0336,1.5333,-4.85,1.13,1.51,-1.25,-5.98,12.56,-13.70,0.75,-2.70,0.58,-2.96,769,2000,0.58,-2.96
431148,0.1250,-0.0417,0.7689,2.11,-8.88,-0.08,-3.10,-9.22,12.59,-13.86,0.34,-3.17,0.38,-3.26,772,2000,0.38,-3.26
431168,0.0472,0.0366,1.1304,-1.42,5.68,0.23,1.85,-2.39,12.56,-13.76,0.36,-3.32,0.37,-3.30,770,1998,0.37,-3.30
431188,0.0521,-0.0223,0.9039,0.72,-0.75,-0.08,-1.41,-3.30,12.56,-13.72,0.36,-3.31,0.37,-3.27,770,1998,0.37,-3.27
431207,0.0771,0.0228,1.0956,0.00,-2.22,0.10,1.19,-4.03,12.57,-13.78,0.25,-3.44,0.31,-3.38,773,1998,0.31,-3.38
431227,0.0670,-0.0057,0.8860,0.63,-0.59,0.05,-0.37,-4.32,12.58,-13.77,0.28,-3.45,0.32,-3.38,763,1998,0.32,-3.38
431247,0.0542,0.0127,1.1095,-0.98,3.23,0.01,0.66,-2.79,12.57,-13.75,0.25,-3.60,0.29,-3.47,765,1997,0.29,-3.47
431267,0.0699,0.0023,0.8976,0.75,-2.80,0.01,0.15,-4.45,12.58,-13.76,0.25,-3.53,0.29,-3.45,765,1999,0.29,-3.45
431287,0.0642,0.0059,1.0901,-0.43,1.08,-0.05,0.31,-3.37,12.57,-13.76,0.23,-3.66,0.27,-3.54,765,1998,0.27,-3.54
431307,0.0720,0.0026,0.9390,0.15,0.14,0.01,0.16,-4.38,12.58,-13.77,0.25,-3.66,0.27,-3.56,765,2000,0.27,-3.56
431327,0.0587,0.0082,1.0784,-0.06,-0.29,-0.02,0.43,-3.11,12.57,-13.75,0.24,-3.64,0.26,-3.55,765,2000,0.26,-3.55
431347,0.0706,0.0039,0.9513,0.11,-0.06,0.07,0.23,-4.25,12.58,-13.77,0.26,-3.70,0.26,-3.62,764,1998,0.26,-3.62
431367,0.0617,0.0086,1.0400,-0.11,-0.03,0.02,0.48,-3.40,12.57,-13.76,0.24,-3.67,0.25,-3.61,765,1998,0.25,-3.61
431387,0.0654,-0.0013,0.9764,0.06,0.51,-0.07,-0.07,-3.83,12.58,-13.76,0.26,-3.70,0.26,-3.63,765,1998,0.26,-3.63
431407,0.0600,0.0123,1.0194,0.15,-0.94,-0.05,0.69,-3.37,12.58,-13.76,0.25,-3.67,0.25,-3.63,765,1998,0.25,-3.63
431427,0.0648,-0.0009,0.9889,-0.11,0.85,0.01,-0.05,-3.75,12.58,-13.76,0.24,-3.69,0.24,-3.65,765,1998,0.24,-3.65
431447,0.0608,0.0050,1.0099,0.02,-0.75,-0.08,0.29,-3.44,12.58,-13.76,0.22,-3.66,0.22,-3.65,764,1997,0.23,-3.65
431467,0.0631,0.0025,0.9969,0.01,0.35,0.13,0.15,-3.62,12.58,-13.76,0.25,-3.67,0.24,-3.66,764,1998,0.24,-3.66
431487,0.0661,0.0064,1.0061,-0.02,-0.32,0.01,0.37,-3.76,12.58,-13.77,0.23,-3.67,0.22,-3.67,763,2001,0.22,-3.66
431507,0.0653,0.0023,1.0002,-0.08,0.14,0.01,0.13,-3.74,12.58,-13.76,0.23,-3.68,0.22,-3.68,764,1998,0.22,-3.68
431527,0.0641,0.0047,1.0016,0.00,-0.19,0.03,0.27,-3.66,12.58,-13.77,0.23,-3.68,0.22,-3.69,764,1999,0.22,-3.69
431547,0.0623,0.0049,1.0021,0.04,-0.08,-0.01,0.28,-3.56,12.58,-13.77,0.24,-3.68,0.22,-3.69,764,1998,0.22,-3.69
431567,0.0641,0.0057,0.9985,-0.11,0.09,0.08,0.32,-3.67,12.58,-13.77,0.25,-3.67,0.22,-3.69,761,1996,0.22,-3.69
431587,0.0649,0.0017,1.0020,-0.01,-0.21,-0.02,0.10,-3.70,12.58,-13.77,0.23,-3.67,0.21,-3.69,766,1996,0.21,-3.69
431607,0.0626,0.0050,1.0063,0.00,-0.01,0.08,0.29,-3.56,12.58,-13.77,0.23,-3.67,0.21,-3.70,765,1997,0.21,-3.70
431627,0.0637,0.0033,1.0030,0.05,-0.02,0.07,0.19,-3.63,12.58,-13.77,0.23,-3.66,0.21,-3.69,765,1996,0.21,-3.69
431647,0.0638,0.0041,1.0042,0.03,-0.06,0.11,0.24,-3.64,12.58,-13.77,0.24,-3.66,0.21,-3.70,765,1996,0.21,-3.70
431667,0.0655,0.0030,0.9988,0.08,-0.04,-0.01,0.17,-3.75,12.58,-13.77,0.23,-3.67,0.21,-3.71,766,1998,0.21,-3.71
431687,0.0637,0.0040,1.0046,0.06,0.01,0.01,0.23,-3.63,12.58,-13.77,0.23,-3.67,0.21,-3.71,766,1996,0.21,-3.71
431707,0.0647,0.0034,0.9982,0.03,-0.02,0.01,0.19,-3.71,12.59,-13.77,0.23,-3.67,0.21,-3.71,766,1997,0.21,-3.71
431727,0.3544,-0.0654,2.0109,-5.91,0.37,0.43,-1.86,-9.99,12.55,-13.84,0.74,-3.30,0.48,-3.52,772,1999,0.48,-3.52
431747,0.0708,-0.1083,1.4125,4.30,-0.42,-0.06,-4.38,-2.86,12.58,-13.67,0.38,-2.57,0.32,-3.00,772,2001,0.32,-3.00
431767,0.0498,0.0613,0.7853,-2.35,-1.73,1.75,4.47,-3.62,12.60,-13.73,0.90,-2.60,0.63,-2.99,773,2002,0.63,-2.99
431787,0.0795,-0.0315,1.0117,1.88,-7.71,-0.03,-1.78,-4.49,12.60,-13.82,0.77,-2.86,0.59,-3.12,772,1997,0.59,-3.12
431807,0.0519,0.0164,1.0117,-1.30,5.10,-0.12,0.93,-2.94,12.60,-13.81,0.45,-3.27,0.43,-3.33,772,1999,0.43,-3.33
431827,0.0683,0.0005,1.0509,0.15,1.65,0.02,0.03,-3.72,12.59,-13.75,0.59,-3.19,0.51,-3.24,766,1998,0.51,-3.24
431847,0.0646,-0.0040,0.9360,0.23,-3.26,-0.07,-0.25,-3.95,12.60,-13.80,0.34,-3.35,0.38,-3.34,766,1996,0.38,-3.34
431867,0.0556,0.0016,1.0617,0.16,1.96,0.02,0.09,-3.00,12.60,-13.79,0.40,-3.37,0.41,-3.35,766,1995,0.41,-3.35
431887,0.0718,0.0024,0.9578,-0.54,0.57,0.13,0.14,-4.29,12.60,-13.79,0.30,-3.54,0.35,-3.45,763,2001,0.35,-3.45
431907,0.0579,0.0029,1.0240,0.79,-1.13,0.01,0.16,-3.24,12.60,-13.78,0.32,-3.46,0.35,-3.41,763,1995,0.35,-3.41
431927,0.0759,-0.0001,0.9880,-0.55,0.78,0.09,-0.01,-4.40,12.60,-13.80,0.28,-3.63,0.33,-3.51,761,1996,0.33,-3.51
431947,0.0586,0.0058,0.9931,0.48,-0.62,-0.04,0.33,-3.37,12.60,-13.79,0.29,-3.58,0.33,-3.50,763,1995,0.33,-3.50
431967,0.0660,0.0015,1.0072,-0.48,1.10,-0.03,0.08,-3.75,12.60,-13.78,0.25,-3.63,0.30,-3.53,764,2001,0.30,-3.53
431987,0.0677,0.0061,0.9928,0.34,-1.03,0.04,0.35,-3.90,12.60,-13.80,0.25,-3.64,0.29,-3.56,764,2001,0.29,-3.56
432007,0.0616,0.0034,1.0160,-0.33,0.87,0.08,0.19,-3.47,12.60,-13.78,0.25,-3.67,0.28,-3.58,763,1996,0.28,-3.58
432027,0.0686,0.0025,0.9920,0.23,-0.45,-0.02,0.14,-3.95,12.60,-13.79,0.25,-3.68,0.28,-3.60,764,1996,0.28,-3.60
432047,0.0617,0.0047,1.0111,-0.01,-0.16,-0.08,0.27,-3.49,12.60,-13.79,0.22,-3.69,0.26,-3.62,764,1997,0.26,-3.62
432067,0.0666,0.0017,0.9900,-0.02,0.42,0.01,0.10,-3.85,12.60,-13.79,0.26,-3.68,0.28,-3.63,764,1997,0.28,-3.63
432087,0.0614,0.0052,1.0105,0.15,-0.48,-0.10,0.30,-3.48,12.60,-13.79,0.22,-3.68,0.25,-3.63,764,2002,0.25,-3.63
432107,0.2352,-0.0440,1.9476,-1.56,11.60,0.31,-1.29,-6.89,12.57,-13.83,0.66,-3.58,0.49,-3.59,769,1994,0.49,-3.59
432127,0.0453,-0.0401,0.6589,1.63,-8.14,0.15,-3.48,-3.93,12.60,-13.72,0.32,-2.88,0.33,-3.14,772,1995,0.33,-3.14
432147,0.0237,0.0477,0.9757,-0.79,-1.97,0.06,2.80,-1.39,12.61,-13.78,0.62,-3.17,0.50,-3.30,769,1997,0.50,-3.30
432167,0.0967,-0.0451,1.0406,0.98,-2.66,-0.10,-2.48,-5.31,12.61,-13.84,0.45,-3.40,0.42,-3.44,773,1997,0.42,-3.44
432187,0.0456,0.0179,1.0320,-0.98,3.36,0.06,0.99,-2.53,12.61,-13.79,0.25,-3.48,0.30,-3.46,770,1998,0.30,-3.46
432206,0.0637,-0.0076,0.9701,0.69,-1.58,-0.02,-0.45,-3.76,12.60,-13.78,0.40,-3.43,0.38,-3.43,765,1998,0.38,-3.43
432226,0.0737,0.0054,1.0186,-0.28,-0.59,-0.05,0.30,-4.14,12.61,-13.83,0.20,-3.62,0.27,-3.56,765,1998,0.27,-3.56
432246,0.0571,0.0005,0.9840,0.37,1.02,0.08,0.03,-3.32,12.61,-13.79,0.29,-3.54,0.31,-3.50,765,1998,0.31,-3.50
432266,0.0667,0.0032,1.0274,-0.55,0.67,-0.07,0.18,-3.71,12.61,-13.80,0.23,-3.68,0.27,-3.59,765,1999,0.27,-3.59
432286,0.0616,0.0025,0.9461,0.69,-1.51,0.01,0.15,-3.72,12.61,-13.81,0.23,-3.60,0.27,-3.56,765,1994,0.27,-3.56
432306,0.0690,0.0053,1.0414,-0.53,1.49,0.14,0.29,-3.79,12.61,-13.80,0.23,-3.71,0.26,-3.63,764,1998,0.26,-3.63
432326,0.0621,0.0056,0.9628,0.42,-0.82,-0.02,0.33,-3.69,12.61,-13.81,0.27,-3.66,0.28,-3.62,764,1994,0.28,-3.62
432346,0.0630,0.0042,1.0436,-0.24,0.36,0.06,0.23,-3.46,12.61,-13.80,0.26,-3.68,0.27,-3.63,765,1997,0.27,-3.63
432366,0.0669,0.0067,0.9696,0.17,-0.16,0.07,0.40,-3.95,12.62,-13.81,0.27,-3.70,0.27,-3.66,765,1998,0.27,-3.66
432386,0.0618,0.0016,1.0264,-0.08,-0.08,0.05,0.09,-3.45,12.61,-13.80,0.25,-3.67,0.26,-3.64,765,1998,0.26,-3.64
432406,0.0560,0.0072,0.8744,0.00,-0.61,-0.04,0.47,-3.67,12.62,-13.81,0.26,-3.69,0.26,-3.67,764,1998,0.26,-3.67
432426,0.0280,-0.0204,0.9900,1.18,18.94,0.47,-1.18,-1.62,12.58,-13.77,0.50,-3.49,0.39,-3.53,770,1998,0.39,-3.53
432446,0.0786,-0.0246,0.5221,1.25,-5.85,0.90,-2.70,-8.55,12.62,-13.75,0.25,-2.90,0.28,-3.17,770,1995,0.28,-3.17
432466,0.0682,0.0211,1.2931,-0.91,-2.23,0.08,0.94,-3.02,12.62,-13.81,0.61,-3.09,0.48,-3.27,771,1997,0.48,-3.27
432486,0.0918,-0.0335,0.8944,0.89,-1.41,-0.08,-2.15,-5.86,12.63,-13.87,0.33,-3.41,0.34,-3.45,770,1998,0.34,-3.45
432506,0.0420,0.0333,1.0855,-0.93,3.02,0.01,1.76,-2.21,12.62,-13.80,0.32,-3.37,0.33,-3.40,771,2000,0.33,-3.40
432526,0.0610,-0.0111,0.9186,0.92,-2.50,-0.08,-0.69,-3.80,12.62,-13.80,0.35,-3.41,0.35,-3.42,763,2000,0.35,-3.42
432546,0.0748,0.0194,1.0898,-0.47,0.52,0.03,1.02,-3.92,12.62,-13.84,0.27,-3.57,0.30,-3.52,772,1999,0.30,-3.52
432566,0.0679,-0.0032,0.9118,0.63,-0.22,0.05,-0.20,-4.26,12.62,-13.81,0.28,-3.52,0.30,-3.48,763,2002,0.30,-3.48
432586,0.0580,0.0135,1.0842,-0.58,1.07,-0.12,0.71,-3.06,12.62,-13.81,0.26,-3.62,0.29,-3.55,766,1997,0.29,-3.55
432606,0.0696,0.0015,0.9122,0.60,-1.39,0.05,0.09,-4.36,12.63,-13.83,0.26,-3.59,0.29,-3.54,765,1997,0.29,-3.54
432626,0.0605,0.0075,1.0756,-0.42,1.04,-0.05,0.40,-3.22,12.62,-13.81,0.23,-3.66,0.26,-3.59,766,2002,0.26,-3.59
432646,0.0693,0.0042,0.9441,0.18,-0.26,-0.07,0.26,-4.20,12.63,-13.83,0.26,-3.66,0.27,-3.60,766,2002,0.27,-3.60
432666,0.0635,0.0035,1.0623,0.04,-0.46,-0.01,0.19,-3.42,12.62,-13.81,0.22,-3.65,0.25,-3.60,766,1998,0.25,-3.60
432686,0.0706,0.0031,0.9589,0.04,0.27,-0.02,0.19,-4.21,12.63,-13.83,0.22,-3.71,0.24,-3.65,766,1997,0.24,-3.65
432706,-0.0267,0.0528,0.3609,-2.20,-7.72,0.38,8.32,4.19,12.62,-13.85,0.56,-3.29,0.42,-3.43,772,2001,0.42,-3.43
432726,0.0442,-0.0082,1.6403,-0.66,0.95,0.50,-0.29,-1.54,12.61,-13.73,0.34,-3.01,0.31,-3.21,766,2001,0.31,-3.21
432746,0.0752,0.0460,0.9810,-0.05,-3.58,0.08,2.68,-4.38,12.64,-13.81,0.31,-3.30,0.30,-3.39,771,1997,0.30,-3.39
432766,0.0855,-0.0038,1.0443,0.49,-1.58,0.01,-0.21,-4.68,12.63,-13.85,0.60,-3.36,0.47,-3.42,766,1997,0.47,-3.42
432786,0.0555,-0.0055,0.9080,-0.77,4.31,-0.07,-0.35,-3.50,12.64,-13.85,0.18,-3.60,0.24,-3.56,766,2000,0.24,-3.55
432806,0.0650,0.0295,1.1114,0.11,-0.88,0.06,1.52,-3.35,12.63,-13.81,0.37,-3.41,0.34,-3.43,772,1996,0.34,-3.43
432826,0.0681,-0.0137,0.9009,0.32,-2.36,-0.02,-0.87,-4.33,12.64,-13.85,0.24,-3.58,0.27,-3.55,772,1995,0.27,-3.55
432846,0.0579,0.0168,1.0864,-0.23,2.65,0.06,0.89,-3.05,12.63,-13.84,0.26,-3.60,0.27,-3.56,769,2001,0.27,-3.56
432866,0.0712,-0.0015,0.9328,0.10,-0.94,-0.05,-0.09,-4.36,12.64,-13.83,0.21,-3.64,0.24,-3.58,764,1996,0.24,-3.58
432886,0.0593,0.0035,1.0836,0.34,-1.01,0.01,0.19,-3.13,12.63,-13.84,0.23,-3.62,0.25,-3.58,764,1995,0.25,-3.58
432906,0.0688,0.0024,0.9534,-0.26,1.07,-0.02,0.14,-4.13,12.64,-13.85,0.23,-3.69,0.24,-3.63,764,1997,0.24,-3.63
432926,0.0610,0.0085,1.0422,0.42,-1.08,0.01,0.47,-3.35,12.63,-13.83,0.21,-3.64,0.23,-3.61,763,1997,0.23,-3.61
432946,0.0629,0.0031,0.9720,-0.24,0.89,0.07,0.19,-3.70,12.64,-13.84,0.24,-3.68,0.24,-3.64,764,1997,0.24,-3.64
432966,0.0680,0.0026,1.0153,0.39,-1.03,0.11,0.15,-3.83,12.64,-13.84,0.23,-3.68,0.23,-3.64,763,1997,0.23,-3.64
432986,0.1933,-0.0390,1.7721,-1.75,9.78,0.13,-1.26,-6.22,12.61,-13.87,0.45,-3.71,0.35,-3.67,769,2001,0.35,-3.67
433006,0.0495,-0.0143,0.7081,3.58,-5.92,0.14,-1.16,-3.99,12.63,-13.79,0.16,-3.29,0.20,-3.40,769,1996,0.20,-3.40
433026,0.0391,0.0388,0.9810,-0.71,-1.74,0.04,2.26,-2.28,12.64,-13.85,0.48,-3.49,0.38,-3.53,770,1995,0.38,-3.53
433046,0.0795,-0.0368,1.0188,0.53,0.22,-0.02,-2.07,-4.46,12.64,-13.87,0.37,-3.61,0.33,-3.60,770,1993,0.33,-3.60
433066,0.0431,0.0162,1.0108,-0.66,1.73,-0.04,0.92,-2.44,12.64,-13.82,0.22,-3.57,0.24,-3.56,769,1995,0.24,-3.56
433086,0.0714,-0.0069,0.9864,0.76,-2.41,-0.08,-0.40,-4.14,12.64,-13.84,0.36,-3.56,0.32,-3.56,763,1998,0.32,-3.56
433106,0.0729,0.0041,0.9953,-0.55,0.56,0.03,0.24,-4.19,12.65,-13.87,0.21,-3.73,0.24,-3.68,766,1999,0.24,-3.68
433126,0.0592,-0.0002,1.0071,0.24,0.95,0.04,-0.01,-3.36,12.64,-13.83,0.27,-3.61,0.27,-3.60,763,1997,0.27,-3.60
433146,0.0644,0.0055,0.9997,-0.34,-0.56,0.05,0.32,-3.69,12.64,-13.85,0.21,-3.71,0.23,-3.66,766,1997,0.23,-3.66
433166,0.0627,0.0036,0.9684,0.42,-0.50,-0.04,0.21,-3.70,12.64,-13.85,0.24,-3.66,0.25,-3.64,765,1999,0.25,-3.64
433186,0.0670,0.0008,1.0228,-0.53,1.23,0.05,0.05,-3.75,12.64,-13.84,0.21,-3.72,0.23,-3.68,765,1998,0.23,-3.68
433205,0.0633,0.0073,0.9674,0.52,-1.13,-0.00,0.43,-3.74,12.65,-13.85,0.24,-3.66,0.24,-3.65,764,1994,0.24,-3.65
433225,0.0633,0.0019,1.0292,-0.27,0.57,-0.07,0.10,-3.52,12.65,-13.85,0.23,-3.69,0.23,-3.67,764,1998,0.23,-3.67
433245,0.0682,0.0049,0.9737,0.24,-0.11,0.06,0.29,-4.01,12.65,-13.86,0.23,-3.70,0.23,-3.69,764,2000,0.23,-3.69
433265,0.2343,-0.0104,1.6919,-4.30,-3.63,-0.00,-0.35,-7.88,12.62,-13.90,0.55,-3.51,0.40,-3.60,764,1998,0.40,-3.60
433285,0.0557,-0.0106,1.2392,3.35,-5.55,0.24,-0.49,-2.57,12.63,-13.77,0.26,-3.08,0.25,-3.29,764,1999,0.25,-3.29
433305,0.0458,0.0500,0.7922,-0.25,-3.06,0.25,3.61,-3.30,12.66,-13.86,0.46,-3.37,0.37,-3.47,770,1998,0.37,-3.47
433325,0.0750,-0.0234,1.0642,0.41,-0.49,-0.05,-1.26,-4.03,12.65,-13.88,0.51,-3.46,0.41,-3.51,771,1999,0.41,-3.51
433345,0.0517,0.0017,0.9718,-0.87,3.19,-0.05,0.10,-3.04,12.65,-13.85,0.21,-3.58,0.25,-3.56,764,1996,0.25,-3.56
433365,0.0706,0.0083,1.0478,0.60,-1.54,0.05,0.45,-3.85,12.65,-13.84,0.40,-3.47,0.35,-3.50,764,2001,0.35,-3.50
433385,0.0675,-0.0057,0.9426,-0.14,-0.88,0.07,-0.35,-4.09,12.66,-13.88,0.23,-3.66,0.26,-3.62,765,1998,0.26,-3.62
433405,0.0586,0.0037,1.0635,0.03,2.29,-0.06,0.20,-3.15,12.65,-13.85,0.27,-3.60,0.28,-3.58,764,1997,0.28,-3.57
433425,0.0670,0.0038,0.9392,-0.16,-0.97,0.04,0.23,-4.08,12.65,-13.86,0.22,-3.69,0.25,-3.63,766,1999,0.25,-3.63
433445,0.0642,-0.0002,1.0335,0.62,-0.74,-0.02,-0.01,-3.56,12.65,-13.86,0.25,-3.66,0.26,-3.63,764,1998,0.26,-3.63
433465,0.0698,-0.0002,0.9730,-0.50,1.20,0.03,-0.01,-4.10,12.65,-13.86,0.21,-3.75,0.24,-3.69,764,1998,0.24,-3.69
433485,0.0620,0.0055,1.0110,0.52,-1.15,-0.08,0.31,-3.51,12.65,-13.86,0.24,-3.69,0.25,-3.66,766,2000,0.25,-3.66
433505,0.0636,0.0015,0.9905,-0.31,0.81,0.04,0.09,-3.67,12.65,-13.86,0.23,-3.74,0.24,-3.70,765,1996,0.24,-3.70
433525,0.0253,0.0258,0.7982,-0.07,-2.23,-0.01,1.85,-1.82,12.65,-13.87,0.29,-3.68,0.27,-3.67,772,1995,0.27,-3.67
433545,-0.0197,-0.0322,0.6120,0.64,15.36,0.11,-3.01,1.84,12.62,-13.80,0.34,-3.54,0.30,-3.56,771,2001,0.30,-3.56
433565,0.0632,0.0163,0.7080,0.90,-3.49,-0.15,1.32,-5.10,12.66,-13.84,0.22,-3.43,0.24,-3.50,771,2001,0.24,-3.50
433585,0.0797,0.0198,1.2630,-0.34,-1.51,0.13,0.90,-3.61,12.66,-13.89,0.55,-3.47,0.43,-3.54,772,1997,0.43,-3.54
433605,0.0690,-0.0159,0.8045,0.16,2.48,-0.01,-1.13,-4.90,12.66,-13.89,0.28,-3.69,0.30,-3.66,771,1996,0.30,-3.66
433625,0.0555,0.0335,1.1377,-0.37,-0.07,-0.08,1.69,-2.79,12.65,-13.84,0.32,-3.55,0.31,-3.56,769,2001,0.31,-3.56
433645,0.0717,-0.0117,0.9013,0.73,-3.13,-0.04,-0.75,-4.55,12.66,-13.88,0.32,-3.64,0.32,-3.63,767,2001,0.32,-3.63
433665,0.0702,0.0168,1.0946,-0.57,2.55,0.01,0.88,-3.67,12.66,-13.89,0.26,-3.74,0.28,-3.70,771,1998,0.28,-3.70
433685,0.0683,0.0013,0.9074,0.43,-0.76,-0.02,0.08,-4.30,12.66,-13.86,0.28,-3.66,0.29,-3.64,765,1995,0.29,-3.64
433705,0.0591,0.0083,1.0927,-0.14,-0.40,-0.06,0.44,-3.09,12.66,-13.87,0.27,-3.70,0.28,-3.67,765,1995,0.28,-3.67
433725,0.0721,0.0066,0.9200,0.19,-0.03,-0.02,0.41,-4.48,12.67,-13.89,0.27,-3.72,0.28,-3.69,765,2001,0.28,-3.69
433745,0.0584,0.0072,1.0734,-0.17,0.23,0.05,0.39,-3.11,12.66,-13.87,0.25,-3.72,0.27,-3.69,766,1996,0.27,-3.69
433765,0.0674,0.0022,0.9449,0.11,-0.14,0.14,0.13,-4.08,12.67,-13.88,0.26,-3.71,0.27,-3.70,767,2002,0.27,-3.70
433785,0.0664,0.0053,1.0495,0.18,-0.74,0.05,0.29,-3.62,12.67,-13.88,0.24,-3.72,0.25,-3.70,763,2001,0.25,-3.70
433805,0.2440,0.0372,1.7675,-4.75,-7.19,0.46,1.20,-7.86,12.65,-13.95,0.69,-3.41,0.50,-3.56,769,1995,0.50,-3.56
433825,0.2218,-0.1410,1.4712,-0.87,-6.07,0.50,-5.48,-8.54,12.65,-13.78,0.35,-2.88,0.33,-3.17,769,1995,0.33,-3.17
433845,0.0375,0.0662,0.8104,0.10,-2.67,0.31,4.67,-2.64,12.67,-13.85,0.52,-3.03,0.44,-3.25,770,2001,0.44,-3.25
433865,0.0772,-0.0182,1.0449,1.05,-3.54,-0.04,-1.00,-4.23,12.68,-13.93,0.56,-3.19,0.47,-3.34,770,2000,0.47,-3.34
433885,0.0584,0.0079,0.9373,-1.14,4.88,-0.05,0.48,-3.57,12.68,-13.91,0.27,-3.47,0.31,-3.47,763,2000,0.31,-3.47
433905,0.0676,0.0073,1.0834,0.32,-0.24,0.06,0.39,-3.57,12.67,-13.86,0.43,-3.35,0.40,-3.38,764,2002,0.40,-3.38
433925,0.0669,-0.0082,0.9235,0.19,-2.53,0.03,-0.51,-4.14,12.68,-13.92,0.23,-3.53,0.29,-3.49,763,1998,0.29,-3.49
433945,0.0568,0.0066,1.0659,0.11,2.11,0.07,0.35,-3.05,12.67,-13.90,0.31,-3.52,0.33,-3.48,763,2001,0.33,-3.48
433965,0.0689,-0.0010,0.9374,-0.31,0.18,0.06,-0.06,-4.20,12.68,-13.89,0.25,-3.63,0.29,-3.54,763,1997,0.29,-3.54
433985,0.0612,0.0007,1.0459,0.57,-1.24,-0.05,0.04,-3.35,12.68,-13.89,0.25,-3.57,0.29,-3.52,763,1995,0.29,-3.52
434005,0.0690,-0.0007,0.9642,-0.40,0.86,-0.05,-0.04,-4.09,12.68,-13.90,0.23,-3.69,0.27,-3.60,765,1996,0.27,-3.60
434025,0.0625,0.0052,1.0099,0.54,-0.57,-0.02,0.30,-3.54,12.68,-13.89,0.24,-3.65,0.27,-3.58,764,1998,0.27,-3.58
434045,0.0632,0.0004,0.9916,-0.42,0.74,-0.05,0.03,-3.65,12.68,-13.89,0.22,-3.68,0.26,-3.60,764,2002,0.26,-3.60
434065,-0.0319,0.0761,0.3749,-0.66,-10.36,0.92,11.48,4.77,12.67,-13.95,0.61,-3.23,0.46,-3.39,772,2001,0.46,-3.39
434085,0.1003,0.0258,1.9137,-3.47,-3.42,1.16,0.77,-3.00,12.67,-13.78,0.44,-2.69,0.38,-3.00,766,2000,0.38,-3.00
434105,0.0806,0.0279,0.9934,-0.64,-2.33,0.24,1.61,-4.64,12.69,-13.86,0.42,-3.00,0.38,-3.16,770,1997,0.38,-3.16
434125,0.0844,-0.0078,0.9942,1.42,-5.45,0.01,-0.45,-4.85,12.69,-13.93,0.59,-3.13,0.49,-3.24,763,2002,0.49,-3.24
434145,0.0551,0.0008,0.9073,-1.18,5.60,-0.05,0.05,-3.47,12.69,-13.94,0.26,-3.48,0.31,-3.43,764,1998,0.31,-3.43
434165,0.0693,0.0205,1.1136,0.02,0.22,-0.01,1.05,-3.56,12.68,-13.88,0.42,-3.32,0.39,-3.31,771,1998,0.39,-3.31
434184,0.0703,-0.0105,0.9233,0.34,-3.06,-0.13,-0.65,-4.35,12.69,-13.92,0.28,-3.48,0.32,-3.41,764,1995,0.32,-3.41
434204,0.0585,0.0117,1.0788,-0.14,2.20,-0.01,0.62,-3.10,12.69,-13.92,0.31,-3.52,0.33,-3.44,764,1998,0.33,-3.44
434224,0.0683,0.0005,0.9390,-0.25,0.32,0.01,0.03,-4.16,12.69,-13.91,0.28,-3.61,0.31,-3.49,764,1998,0.31,-3.49
434244,0.0623,-0.0004,1.0582,0.60,-1.51,-0.02,-0.02,-3.37,12.69,-13.91,0.26,-3.56,0.29,-3.48,764,1997,0.29,-3.48
434264,0.0716,0.0025,0.9612,-0.33,1.04,0.14,0.15,-4.26,12.69,-13.92,0.25,-3.68,0.28,-3.56,765,1999,0.28,-3.56
434284,0.0628,0.0072,1.0231,0.36,-0.78,-0.10,0.41,-3.51,12.69,-13.91,0.25,-3.66,0.28,-3.55,765,1998,0.28,-3.55
434304,0.0499,0.0057,0.8586,-0.37,0.35,0.15,0.38,-3.33,12.69,-13.91,0.26,-3.66,0.28,-3.57,764,1999,0.28,-3.57
434324,0.0192,-0.0209,0.9168,1.45,17.39,0.31,-1.31,-1.20,12.66,-13.88,0.47,-3.45,0.39,-3.44,770,1998,0.39,-3.44
434344,0.0576,0.0093,0.4358,1.79,-3.64,0.17,1.22,-7.52,12.70,-13.87,0.22,-3.12,0.27,-3.23,770,2001,0.27,-3.23
434364,0.0868,0.0232,1.3453,-0.73,-2.18,0.02,0.99,-3.69,12.69,-13.92,0.61,-3.19,0.49,-3.27,771,1998,0.49,-3.27
434384,0.0799,-0.0328,0.8172,0.69,-0.03,-0.06,-2.30,-5.58,12.70,-13.96,0.31,-3.50,0.34,-3.45,771,1998,0.34,-3.45
434404,0.0497,0.0380,1.1306,-0.66,2.33,0.05,1.92,-2.52,12.69,-13.89,0.33,-3.40,0.34,-3.37,771,1997,0.34,-3.37
434424,0.0655,-0.0134,0.8879,0.86,-3.07,-0.05,-0.86,-4.22,12.70,-13.91,0.37,-3.46,0.37,-3.41,769,1998,0.37,-3.41
434444,0.0711,0.0167,1.1024,-0.51,1.51,-0.12,0.87,-3.69,12.70,-13.94,0.25,-3.62,0.29,-3.52,772,1999,0.29,-3.52
434464,0.0688,-0.0013,0.8929,0.52,-0.30,-0.00,-0.08,-4.41,12.70,-13.91,0.29,-3.55,0.32,-3.48,766,1999,0.32,-3.47
434484,0.0573,0.0083,1.0996,-0.37,0.18,0.02,0.43,-2.98,12.70,-13.91,0.25,-3.62,0.29,-3.53,766,1997,0.29,-3.53
434504,0.0687,0.0041,0.9060,0.34,-0.63,0.01,0.26,-4.34,12.70,-13.93,0.27,-3.63,0.29,-3.55,766,2001,0.29,-3.55
434524,0.0592,0.0068,1.0804,-0.27,0.47,0.03,0.36,-3.14,12.70,-13.91,0.24,-3.64,0.27,-3.55,765,1995,0.27,-3.55
434544,0.0691,0.0028,0.9441,0.19,-0.02,0.11,0.17,-4.19,12.70,-13.93,0.27,-3.64,0.29,-3.57,766,1995,0.29,-3.57
434564,-0.0257,0.0173,0.2947,-1.47,-7.69,0.50,3.36,4.98,12.69,-13.95,0.44,-3.31,0.37,-3.41,771,1996,0.37,-3.41
434584,-0.0218,0.0544,1.0382,1.83,5.84,1.14,3.00,1.20,12.68,-13.81,0.41,-2.85,0.37,-3.07,771,1996,0.37,-3.07
434604,0.0745,0.0410,0.9840,-0.02,-3.29,0.01,2.38,-4.33,12.71,-13.89,0.32,-3.14,0.32,-3.24,771,1995,0.32,-3.24
434624,0.0928,-0.0010,1.0521,0.74,-3.15,0.04,-0.05,-5.04,12.71,-13.96,0.60,-3.23,0.49,-3.31,765,2001,0.49,-3.31
434644,0.0554,0.0027,0.8282,-1.11,4.83,-0.05,0.19,-3.83,12.71,-13.96,0.23,-3.56,0.29,-3.48,765,2002,0.29,-3.48
434664,0.0642,0.0253,1.1695,0.09,0.54,0.07,1.24,-3.14,12.69,-13.89,0.39,-3.36,0.36,-3.34,772,1997,0.36,-3.34
434684,0.0724,-0.0146,0.8703,0.79,-3.93,-0.09,-0.96,-4.76,12.71,-13.94,0.21,-3.53,0.27,-3.46,773,1998,0.27,-3.46
434704,0.0595,0.0268,1.0988,-0.51,2.74,0.04,1.40,-3.10,12.71,-13.95,0.31,-3.59,0.31,-3.51,771,2000,0.31,-3.51
434724,0.0736,-0.0079,0.9211,-0.08,-0.16,0.09,-0.49,-4.57,12.71,-13.92,0.25,-3.64,0.28,-3.53,766,2001,0.28,-3.53
434744,0.0603,0.0113,1.1011,0.28,-1.54,-0.13,0.59,-3.14,12.70,-13.92,0.24,-3.61,0.27,-3.53,764,1998,0.27,-3.53
434764,0.0707,-0.0007,0.9409,-0.23,0.74,0.03,-0.04,-4.30,12.71,-13.94,0.27,-3.70,0.28,-3.60,763,1997,0.28,-3.60
434784,0.0595,0.0093,1.0491,0.29,-0.57,-0.12,0.51,-3.25,12.70,-13.93,0.23,-3.66,0.26,-3.58,764,1998,0.26,-3.58
434804,0.0635,0.0009,0.9702,-0.23,1.00,0.05,0.05,-3.75,12.71,-13.93,0.26,-3.67,0.27,-3.60,764,1997,0.27,-3.60
434824,0.0686,0.0036,1.0195,0.30,-1.47,-0.06,0.20,-3.85,12.71,-13.94,0.23,-3.68,0.25,-3.62,764,1997,0.25,-3.62
434844,0.0604,0.0059,0.9873,-0.24,1.37,0.02,0.34,-3.50,12.71,-13.93,0.26,-3.71,0.26,-3.64,764,1997,0.26,-3.64
434864,0.0672,0.0052,1.0107,0.23,-0.94,0.01,0.29,-3.81,12.71,-13.94,0.25,-3.68,0.25,-3.64,764,2001,0.25,-3.64
434884,0.0638,-0.0008,0.9967,0.01,0.18,0.02,-0.04,-3.66,12.71,-13.93,0.22,-3.71,0.23,-3.66,764,2000,0.23,-3.66
434904,0.0668,0.0062,1.0055,-0.04,0.14,0.08,0.35,-3.80,12.71,-13.94,0.24,-3.70,0.24,-3.67,764,2001,0.24,-3.67
434924,0.0627,0.0020,1.0003,0.14,-0.26,-0.09,0.11,-3.59,12.71,-13.93,0.21,-3.71,0.22,-3.67,764,1998,0.22,-3.67
434944,0.0651,0.0059,0.9942,0.02,0.00,-0.02,0.34,-3.74,12.71,-13.94,0.23,-3.72,0.23,-3.69,764,2000,0.23,-3.69
434964,0.0650,0.0023,1.0031,0.08,-0.16,-0.02,0.13,-3.71,12.71,-13.94,0.21,-3.72,0.22,-3.70,764,1998,0.22,-3.70
434984,0.0649,0.0069,1.0001,0.01,0.03,0.01,0.40,-3.71,12.71,-13.94,0.23,-3.72,0.23,-3.70,763,2001,0.23,-3.70
435004,0.0663,0.0055,1.0012,0.10,-0.30,0.01,0.32,-3.79,12.71,-13.94,0.24,-3.73,0.23,-3.71,764,2002,0.23,-3.71
435024,0.0652,0.0042,1.0048,0.00,0.09,-0.05,0.24,-3.71,12.71,-13.94,0.25,-3.73,0.23,-3.72,761,1995,0.23,-3.72
435044,0.0635,0.0030,0.9988,0.13,-0.19,-0.00,0.17,-3.64,12.72,-13.94,0.23,-3.73,0.23,-3.72,764,1998,0.23,-3.72
435064,0.0643,0.0028,1.0083,0.07,-0.01,0.11,0.16,-3.65,12.72,-13.94,0.24,-3.71,0.23,-3.72,763,1998,0.23,-3.72
435084,0.0654,0.0038,0.9946,0.13,-0.14,0.03,0.22,-3.76,12.72,-13.95,0.24,-3.72,0.23,-3.73,764,1997,0.23,-3.73
435104,0.0648,0.0031,1.0030,0.02,0.02,-0.01,0.18,-3.70,12.72,-13.95,0.24,-3.72,0.23,-3.73,763,2001,0.23,-3.73
435124,0.0640,0.0055,0.9950,0.02,0.00,0.06,0.31,-3.68,12.72,-13.95,0.25,-3.71,0.23,-3.73,763,1998,0.23,-3.73
435144,0.0638,0.0031,1.0020,-0.01,-0.06,-0.08,0.18,-3.64,12.72,-13.95,0.26,-3.70,0.24,-3.73,765,1999,0.24,-3.73
435164,0.0657,0.0033,0.9965,-0.08,0.08,0.04,0.19,-3.77,12.73,-13.95,0.26,-3.71,0.24,-3.73,765,1994,0.24,-3.73
435183,0.0643,0.0048,1.0052,0.07,-0.19,-0.15,0.27,-3.66,12.72,-13.95,0.26,-3.71,0.24,-3.73,765,2000,0.24,-3.73
435203,0.0645,0.0039,0.9988,0.02,0.16,-0.05,0.23,-3.69,12.73,-13.95,0.25,-3.70,0.23,-3.73,765,1998,0.23,-3.73
435223,0.0647,0.0046,1.0001,0.04,-0.20,0.02,0.26,-3.70,12.73,-13.95,0.26,-3.70,0.24,-3.73,765,2000,0.24,-3.73
435243,0.0639,0.0034,1.0001,-0.03,-0.06,0.05,0.19,-3.66,12.73,-13.95,0.25,-3.70,0.24,-3.73,764,1998,0.24,-3.73
435263,0.0636,0.0043,1.0014,0.07,-0.03,-0.05,0.25,-3.63,12.73,-13.95,0.25,-3.70,0.24,-3.73,765,1999,0.24,-3.73
435283,0.0657,0.0014,1.0034,0.02,-0.16,0.08,0.08,-3.75,12.73,-13.95,0.26,-3.70,0.24,-3.73,765,1998,0.24,-3.73
435303,0.0651,0.0038,0.9996,0.03,0.03,0.03,0.22,-3.73,12.73,-13.96,0.25,-3.71,0.24,-3.73,765,1998,0.24,-3.73
435323,0.0653,0.0032,0.9996,0.02,-0.13,0.04,0.18,-3.74,12.73,-13.96,0.25,-3.71,0.24,-3.74,765,2000,0.24,-3.74
435343,-0.0109,0.0416,0.4812,-0.94,-3.59,0.26,4.95,1.30,12.73,-13.97,0.39,-3.56,0.31,-3.65,771,1999,0.31,-3.66
435363,-0.0583,-0.0186,0.4749,2.79,16.13,2.72,-2.24,7.00,12.70,-13.84,0.53,-2.95,0.40,-3.24,771,2001,0.40,-3.24
435383,0.1235,0.1013,0.8501,-2.46,-9.06,1.15,6.80,-8.21,12.76,-13.89,0.48,-2.63,0.40,-3.03,772,2001,0.40,-3.03
435403,0.0621,0.0201,1.3951,0.26,-4.83,0.17,0.83,-2.55,12.72,-13.95,0.81,-2.81,0.59,-3.11,771,1995,0.59,-3.11
435423,0.0827,-0.0188,0.7495,0.49,2.12,-0.11,-1.43,-6.29,12.75,-14.05,0.30,-3.43,0.34,-3.46,773,1995,0.34,-3.46
435443,0.0540,0.0498,1.1526,-0.92,3.32,0.10,2.47,-2.68,12.73,-13.96,0.48,-3.26,0.43,-3.32,773,1999,0.43,-3.32
435463,0.0668,-0.0298,0.8882,0.95,-3.71,-0.04,-1.92,-4.30,12.73,-13.96,0.34,-3.34,0.36,-3.36,772,1995,0.36,-3.36
435483,0.0647,0.0309,1.1002,-0.64,1.37,0.04,1.61,-3.37,12.74,-14.00,0.29,-3.49,0.33,-3.45,772,1995,0.33,-3.45
435503,0.0789,-0.0043,0.8964,0.56,-0.62,-0.05,-0.27,-5.03,12.74,-13.97,0.30,-3.49,0.33,-3.44,766,2000,0.33,-3.44
435523,0.0509,0.0125,1.1140,-0.47,0.45,-0.11,0.64,-2.62,12.73,-13.96,0.27,-3.54,0.31,-3.47,766,1995,0.31,-3.47
435543,0.0779,0.0040,0.9242,0.24,-0.46,-0.04,0.25,-4.82,12.74,-13.98,0.29,-3.57,0.32,-3.50,765,1996,0.32,-3.50
435563,0.0591,0.0103,1.0784,-0.07,-0.15,-0.05,0.55,-3.13,12.74,-13.97,0.25,-3.64,0.29,-3.54,766,1997,0.29,-3.54
435583,0.0685,0.0006,0.9518,-0.08,0.81,0.01,0.04,-4.11,12.74,-13.98,0.29,-3.65,0.31,-3.56,765,1996,0.31,-3.56
435603,0.0670,0.0026,1.0450,0.25,-1.53,0.06,0.14,-3.67,12.74,-13.97,0.24,-3.65,0.28,-3.56,766,2002,0.28,-3.56
435623,0.0638,0.0061,0.9671,-0.18,1.27,0.05,0.36,-3.78,12.74,-13.98,0.26,-3.71,0.29,-3.61,765,2001,0.29,-3.61
435643,0.0646,0.0051,1.0243,0.02,-0.72,0.04,0.29,-3.61,12.74,-13.97,0.25,-3.68,0.27,-3.60,766,1998,0.27,-3.60
435663,0.0638,-0.0010,0.9915,-0.11,0.51,-0.00,-0.06,-3.68,12.74,-13.98,0.24,-3.72,0.26,-3.64,766,2002,0.26,-3.64
435683,0.0662,0.0090,1.0034,0.05,-0.35,0.04,0.51,-3.78,12.74,-13.98,0.25,-3.71,0.27,-3.64,764,1997,0.27,-3.64
435703,0.0660,0.0001,1.0016,-0.04,0.30,-0.06,0.00,-3.77,12.74,-13.97,0.23,-3.73,0.25,-3.66,763,1995,0.25,-3.66
435723,0.0660,0.0052,1.0028,0.16,-0.23,0.09,0.30,-3.76,12.74,-13.98,0.23,-3.73,0.25,-3.67,764,2001,0.25,-3.67
435743,0.0652,0.0011,1.0018,0.02,0.13,0.01,0.06,-3.73,12.74,-13.98,0.23,-3.73,0.25,-3.68,765,1998,0.25,-3.68
435763,0.0677,0.0053,1.0034,0.23,-0.10,0.02,0.30,-3.86,12.75,-13.98,0.22,-3.73,0.24,-3.69,764,1997,0.24,-3.69
435783,0.0647,0.0036,1.0015,0.06,0.00,-0.08,0.20,-3.70,12.75,-13.98,0.23,-3.74,0.24,-3.70,764,1997,0.24,-3.70
435803,0.0653,0.0042,1.0004,0.10,0.11,-0.04,0.24,-3.73,12.75,-13.98,0.22,-3.75,0.23,-3.71,764,1996,0.23,-3.71
435823,0.0659,0.0044,1.0010,0.16,-0.28,0.09,0.25,-3.76,12.75,-13.98,0.23,-3.74,0.23,-3.71,764,2002,0.23,-3.71
435843,0.0655,0.0040,1.0035,-0.05,0.16,-0.01,0.23,-3.74,12.75,-13.98,0.24,-3.75,0.24,-3.72,764,2001,0.24,-3.72
435863,0.0672,0.0049,0.9978,0.12,-0.29,-0.06,0.28,-3.85,12.75,-13.98,0.23,-3.74,0.23,-3.73,764,1995,0.23,-3.72
435883,0.0651,0.0045,1.0038,0.08,-0.07,0.01,0.26,-3.71,12.76,-13.99,0.24,-3.74,0.24,-3.73,764,2002,0.24,-3.73
435903,0.0652,0.0041,0.9990,0.01,-0.03,0.05,0.24,-3.74,12.76,-13.99,0.24,-3.74,0.24,-3.73,766,2002,0.24,-3.73
435923,0.0664,0.0025,1.0029,0.08,-0.20,-0.05,0.14,-3.79,12.76,-13.99,0.24,-3.74,0.23,-3.73,764,1998,0.23,-3.73
435943,0.0638,0.0023,0.9978,-0.05,0.00,-0.04,0.13,-3.66,12.76,-13.99,0.24,-3.73,0.23,-3.74,764,1997,0.23,-3.74
435963,0.0657,0.0036,1.0035,-0.12,0.02,0.08,0.20,-3.74,12.76,-13.99,0.23,-3.73,0.23,-3.73,766,2000,0.23,-3.73
435983,0.0652,0.0031,1.0012,-0.01,-0.00,-0.01,0.18,-3.72,12.76,-13.99,0.23,-3.73,0.22,-3.74,764,1996,0.22,-3.74
436003,0.0642,0.0030,1.0057,0.04,-0.04,0.06,0.17,-3.65,12.76,-13.99,0.23,-3.72,0.22,-3.73,763,1997,0.22,-3.73
436023,0.0651,0.0016,1.0044,0.04,-0.06,-0.15,0.09,-3.71,12.76,-13.99,0.22,-3.72,0.22,-3.73,763,1996,0.22,-3.73
436043,0.0639,0.0065,0.9998,0.09,-0.04,0.03,0.37,-3.66,12.76,-13.99,0.23,-3.71,0.22,-3.73,764,1998,0.22,-3.73
436063,0.2891,-0.0175,1.8879,-4.74,-3.07,-0.12,-0.53,-8.71,12.73,-14.06,0.62,-3.52,0.43,-3.65,763,1995,0.43,-3.65
436083,0.0644,-0.0365,1.2462,3.20,-5.30,0.05,-1.68,-2.96,12.74,-13.91,0.23,-3.07,0.23,-3.31,770,2001,0.23,-3.31
436103,0.0224,0.0511,0.7336,-0.48,-3.43,0.17,3.98,-1.75,12.76,-13.99,0.50,-3.31,0.39,-3.45,769,1998,0.39,-3.45
436123,0.0887,-0.0294,1.1328,0.21,0.20,-0.02,-1.48,-4.48,12.76,-14.03,0.57,-3.47,0.45,-3.54,770,1997,0.45,-3.54
436143,0.0504,0.0057,0.9503,-0.63,3.16,0.01,0.34,-3.04,12.76,-13.98,0.21,-3.53,0.25,-3.55,764,2000,0.25,-3.55
436163,0.0706,0.0118,1.0732,0.46,-2.19,0.02,0.63,-3.76,12.75,-13.98,0.45,-3.43,0.38,-3.48,765,1998,0.38,-3.48
436182,0.0737,-0.0107,0.9381,-0.11,-0.43,-0.01,-0.65,-4.49,12.77,-14.03,0.23,-3.67,0.27,-3.63,764,1994,0.27,-3.63
436202,0.0530,0.0127,1.0680,0.02,2.40,0.11,0.68,-2.84,12.76,-13.98,0.31,-3.56,0.30,-3.55,764,1998,0.30,-3.55
436222,0.0709,-0.0013,0.9664,-0.04,-1.43,0.05,-0.08,-4.20,12.76,-13.99,0.26,-3.66,0.28,-3.61,765,1998,0.28,-3.61
436242,0.0646,0.0070,1.0124,0.46,-0.90,-0.07,0.40,-3.65,12.76,-14.01,0.26,-3.65,0.27,-3.62,764,1998,0.27,-3.62
436262,0.0699,-0.0030,0.9967,-0.45,1.87,-0.06,-0.17,-4.01,12.76,-13.99,0.23,-3.74,0.26,-3.67,764,1998,0.26,-3.67
436282,0.0625,0.0107,0.9966,0.48,-1.60,-0.06,0.61,-3.59,12.76,-14.00,0.24,-3.70,0.26,-3.66,765,1999,0.26,-3.66
436302,0.0647,0.0015,1.0056,-0.23,0.93,0.05,0.08,-3.68,12.76,-13.99,0.25,-3.73,0.26,-3.68,765,1998,0.26,-3.68
436322,0.0683,0.0059,0.9917,0.16,-0.16,0.05,0.34,-3.94,12.77,-14.00,0.24,-3.77,0.25,-3.71,765,1998,0.25,-3.71
436342,0.0609,0.0028,1.0059,0.11,-0.10,0.01,0.16,-3.46,12.77,-13.99,0.25,-3.72,0.26,-3.69,767,2001,0.26,-3.69
436362,0.0711,0.0031,1.0014,0.13,0.00,0.01,0.18,-4.06,12.77,-14.00,0.25,-3.76,0.25,-3.72,767,2001,0.25,-3.72
436382,0.0623,0.0053,0.9990,0.13,-0.16,0.02,0.31,-3.57,12.77,-14.00,0.22,-3.75,0.23,-3.72,767,1997,0.24,-3.72
436402,0.0654,0.0021,1.0015,-0.02,0.34,0.03,0.12,-3.73,12.77,-14.00,0.24,-3.75,0.25,-3.72,767,2002,0.25,-3.72
436422,0.0647,0.0019,0.9995,0.18,-0.45,-0.01,0.11,-3.71,12.78,-14.00,0.22,-3.75,0.23,-3.73,767,2002,0.24,-3.73
436442,0.0638,0.0058,0.9999,-0.20,0.42,0.02,0.33,-3.65,12.78,-14.00,0.25,-3.75,0.25,-3.73,766,1995,0.25,-3.73
436462,0.0659,0.0001,1.0031,0.08,-0.42,-0.07,0.00,-3.76,12.78,-14.00,0.22,-3.74,0.23,-3.73,764,2001,0.23,-3.73
436482,0.0648,0.0052,1.0034,-0.05,0.02,-0.05,0.29,-3.70,12.78,-14.00,0.22,-3.75,0.23,-3.74,766,2001,0.23,-3.74
436502,0.0659,0.0046,1.0002,0.11,0.08,-0.04,0.26,-3.77,12.78,-14.00,0.23,-3.75,0.23,-3.74,766,2002,0.23,-3.74
436522,0.0662,0.0068,1.0093,0.05,-0.14,-0.08,0.39,-3.75,12.78,-14.00,0.24,-3.75,0.23,-3.75,766,1997,0.23,-3.75
436542,0.0657,0.0058,0.9951,0.07,-0.03,0.03,0.33,-3.78,12.78,-14.00,0.26,-3.75,0.24,-3.75,766,1997,0.24,-3.75
436562,0.0661,0.0020,1.0047,0.08,-0.00,0.07,0.12,-3.76,12.78,-14.00,0.25,-3.75,0.24,-3.75,765,2002,0.24,-3.75
436582,0.0657,0.0038,0.9950,0.08,-0.06,0.08,0.22,-3.78,12.78,-14.00,0.24,-3.76,0.23,-3.76,766,1998,0.23,-3.76
436602,0.0657,0.0055,1.0048,-0.02,-0.01,0.02,0.32,-3.74,12.78,-14.00,0.25,-3.75,0.24,-3.76,766,1997,0.24,-3.76
436622,0.0651,0.0050,1.0015,0.01,-0.13,0.07,0.29,-3.72,12.78,-14.00,0.24,-3.75,0.23,-3.76,766,1998,0.23,-3.76
436642,0.0668,0.0052,0.9991,0.12,-0.10,0.06,0.30,-3.82,12.78,-14.00,0.25,-3.76,0.24,-3.76,764,1998,0.24,-3.76
436662,0.0571,0.0050,0.9034,-0.14,-0.39,0.07,0.32,-3.61,12.79,-14.00,0.25,-3.75,0.24,-3.76,763,1997,0.24,-3.76
436682,0.0587,-0.0319,1.1932,0.24,17.80,0.34,-1.53,-2.82,12.75,-13.99,0.48,-3.69,0.36,-3.72,769,1999,0.36,-3.72
436702,0.0465,0.0067,0.4224,2.72,-4.66,0.02,0.91,-6.28,12.79,-13.96,0.20,-3.31,0.23,-3.47,769,1996,0.23,-3.47
436722,0.0757,0.0315,1.2207,-0.86,-3.22,0.06,1.48,-3.55,12.79,-14.02,0.63,-3.43,0.47,-3.55,769,2000,0.47,-3.55
436742,0.0889,-0.0435,0.8966,0.30,1.52,0.05,-2.78,-5.65,12.79,-14.05,0.39,-3.69,0.36,-3.69,769,1997,0.36,-3.69
436762,0.0422,0.0308,1.0885,-0.47,1.59,-0.05,1.62,-2.22,12.78,-13.97,0.27,-3.56,0.29,-3.58,770,2000,0.29,-3.58
436782,0.0745,-0.0049,0.9254,0.96,-3.73,-0.18,-0.30,-4.60,12.79,-14.01,0.42,-3.60,0.38,-3.62,763,2001,0.38,-3.62
436802,0.0727,0.0085,1.0710,-0.60,1.87,-0.00,0.45,-3.88,12.79,-14.04,0.26,-3.77,0.29,-3.72,763,2000,0.29,-3.72
436822,0.0616,0.0031,0.9237,0.36,0.48,-0.09,0.19,-3.82,12.79,-13.99,0.32,-3.62,0.32,-3.63,764,2001,0.32,-3.63
436842,0.0660,0.0052,1.0640,-0.11,-0.88,0.05,0.28,-3.55,12.79,-14.01,0.27,-3.72,0.29,-3.69,764,2001,0.29,-3.69
436862,0.0712,0.0063,0.9232,0.21,-0.04,0.05,0.39,-4.41,12.80,-14.03,0.27,-3.73,0.29,-3.71,763,1998,0.29,-3.71
436882,0.0614,0.0055,1.0694,-0.31,0.84,-0.14,0.30,-3.29,12.79,-14.00,0.25,-3.73,0.28,-3.70,766,1998,0.28,-3.70
436902,0.0698,0.0037,0.9558,0.21,-0.39,0.01,0.22,-4.17,12.79,-14.02,0.26,-3.74,0.28,-3.71,764,1997,0.28,-3.71
436922,0.0664,0.0016,1.0404,0.02,-0.50,0.08,0.09,-3.65,12.79,-14.01,0.22,-3.74,0.25,-3.72,765,1995,0.25,-3.72
436942,0.0659,0.0036,0.9740,-0.11,1.02,-0.05,0.21,-3.87,12.79,-14.01,0.23,-3.79,0.25,-3.75,764,1998,0.25,-3.75
436962,0.0628,0.0061,1.0211,0.15,-0.84,-0.06,0.34,-3.52,12.79,-14.01,0.24,-3.71,0.25,-3.71,764,1998,0.25,-3.71
436982,0.0668,-0.0027,0.9923,-0.09,0.61,0.01,-0.16,-3.85,12.79,-14.01,0.22,-3.76,0.24,-3.74,764,1997,0.24,-3.74
437002,0.0650,0.0121,1.0046,0.01,-0.39,-0.02,0.69,-3.70,12.79,-14.01,0.23,-3.75,0.24,-3.74,763,1996,0.24,-3.74
437022,0.0648,0.0004,0.9968,0.00,0.10,-0.02,0.03,-3.72,12.79,-14.01,0.24,-3.74,0.25,-3.73,763,1996,0.25,-3.73
437042,0.0668,0.0062,1.0058,0.10,-0.29,-0.11,0.35,-3.80,12.80,-14.02,0.23,-3.75,0.24,-3.75,764,2002,0.24,-3.75
437062,0.0661,0.0040,0.9982,0.03,0.36,0.07,0.23,-3.79,12.80,-14.01,0.26,-3.75,0.25,-3.75,764,1997,0.25,-3.75
437082,0.0660,0.0063,1.0015,0.00,-0.35,-0.01,0.36,-3.77,12.80,-14.01,0.24,-3.75,0.24,-3.75,763,1996,0.24,-3.75
437102,0.0647,0.0023,1.0017,0.03,0.08,0.01,0.13,-3.70,12.80,-14.01,0.25,-3.75,0.25,-3.75,764,1998,0.25,-3.75
437122,0.0667,0.0022,1.0051,0.04,0.03,-0.01,0.12,-3.80,12.80,-14.01,0.25,-3.75,0.24,-3.75,765,1999,0.24,-3.75
437142,0.0647,0.0010,1.0041,0.17,-0.23,0.01,0.06,-3.69,12.80,-14.01,0.23,-3.75,0.23,-3.75,764,1999,0.23,-3.75
437161,0.0641,0.0044,1.0029,-0.05,0.28,-0.06,0.25,-3.66,12.80,-14.02,0.23,-3.75,0.23,-3.75,765,1998,0.23,-3.75
437181,0.0671,0.0030,0.9990,0.03,-0.19,0.04,0.17,-3.84,12.80,-14.02,0.22,-3.76,0.22,-3.76,765,1999,0.22,-3.76
437201,0.0631,0.0044,1.0051,0.00,-0.08,-0.00,0.25,-3.59,12.80,-14.02,0.22,-3.76,0.22,-3.76,764,2000,0.22,-3.76
437221,0.0654,0.0074,1.0004,0.04,-0.07,0.08,0.42,-3.74,12.80,-14.02,0.23,-3.76,0.23,-3.76,765,1999,0.23,-3.76
437241,0.1908,-0.0448,1.7551,-1.85,11.58,0.11,-1.46,-6.20,12.76,-14.05,0.56,-3.76,0.41,-3.77,771,1998,0.41,-3.77
437261,0.0394,-0.0143,0.5797,3.84,-6.03,-0.00,-1.41,-3.88,12.80,-13.97,0.18,-3.33,0.21,-3.48,772,2002,0.21,-3.48
437281,0.0431,0.0510,1.0312,-1.02,-2.93,0.03,2.83,-2.39,12.80,-14.03,0.61,-3.47,0.46,-3.58,771,1994,0.46,-3.58
437301,0.0904,-0.0497,1.0439,0.44,1.26,-0.12,-2.73,-4.94,12.80,-14.05,0.43,-3.68,0.38,-3.69,773,1997,0.38,-3.69
437321,0.0392,0.0231,1.0069,-0.54,1.89,-0.03,1.31,-2.23,12.79,-13.99,0.22,-3.60,0.26,-3.62,773,1995,0.26,-3.62
437341,0.0757,-0.0043,0.9947,0.92,-3.36,-0.06,-0.25,-4.35,12.80,-14.02,0.42,-3.58,0.37,-3.61,766,2001,0.37,-3.61
437361,0.0715,-0.0003,1.0065,-0.50,1.27,-0.04,-0.02,-4.06,12.81,-14.05,0.21,-3.79,0.26,-3.74,766,1999,0.26,-3.74
437381,0.0565,0.0049,0.9908,0.54,0.81,0.08,0.28,-3.26,12.80,-14.00,0.30,-3.62,0.30,-3.63,767,2001,0.30,-3.63
437401,0.0668,0.0053,1.0195,-0.13,-0.89,-0.05,0.30,-3.75,12.80,-14.02,0.26,-3.74,0.28,-3.71,766,1996,0.28,-3.71
437421,0.0665,0.0071,0.9486,0.44,-0.26,0.10,0.43,-4.01,12.81,-14.04,0.28,-3.72,0.29,-3.70,767,2000,0.29,-3.70
437441,0.0633,0.0009,1.0417,-0.48,1.22,-0.02,0.05,-3.47,12.80,-14.01,0.25,-3.75,0.27,-3.72,766,2000,0.27,-3.72
437461,0.0651,0.0038,0.9683,0.45,-1.10,-0.05,0.23,-3.84,12.81,-14.03,0.26,-3.73,0.27,-3.72,765,2001,0.27,-3.72
437481,0.0644,0.0023,1.0312,-0.13,0.37,-0.06,0.13,-3.58,12.81,-14.03,0.23,-3.75,0.26,-3.73,765,1996,0.26,-3.73
437501,0.0648,0.0105,0.9774,0.21,0.33,-0.02,0.61,-3.79,12.81,-14.03,0.25,-3.78,0.27,-3.75,765,1996,0.27,-3.75
437521,0.0629,0.0043,1.0171,0.11,-0.54,0.06,0.24,-3.54,12.81,-14.02,0.28,-3.71,0.28,-3.71,765,2001,0.28,-3.71
437541,0.0655,0.0019,0.9929,-0.05,0.46,-0.02,0.11,-3.78,12.81,-14.04,0.28,-3.75,0.28,-3.74,766,1995,0.28,-3.74
437561,0.0633,0.0066,1.0075,0.05,-0.18,-0.01,0.37,-3.59,12.81,-14.03,0.27,-3.73,0.27,-3.72,766,1996,0.27,-3.72
437581,0.0652,0.0028,0.9976,-0.03,0.26,0.05,0.16,-3.74,12.81,-14.03,0.28,-3.72,0.28,-3.72,763,1996,0.28,-3.72
437601,0.0639,0.0047,1.0040,0.08,-0.41,0.05,0.27,-3.64,12.81,-14.03,0.25,-3.73,0.26,-3.73,763,1996,0.26,-3.73
437621,0.0624,0.0045,1.0018,-0.01,0.44,-0.13,0.26,-3.56,12.81,-14.03,0.27,-3.70,0.27,-3.71,763,1996,0.27,-3.71
437641,0.0682,0.0024,0.9977,0.08,-0.48,0.04,0.14,-3.91,12.82,-14.03,0.24,-3.70,0.25,-3.71,763,2002,0.25,-3.71
437661,0.0656,0.0031,1.0019,0.01,0.00,0.08,0.18,-3.75,12.82,-14.03,0.25,-3.72,0.25,-3.72,764,1998,0.25,-3.72
437681,0.0682,0.0044,1.0004,0.02,0.04,-0.08,0.25,-3.90,12.82,-14.03,0.22,-3.74,0.24,-3.73,764,2001,0.24,-3.73
437701,0.0655,0.0053,1.0056,0.11,-0.26,-0.02,0.30,-3.73,12.82,-14.03,0.24,-3.74,0.24,-3.74,764,1999,0.24,-3.74
437721,0.0630,0.0055,0.9972,-0.01,-0.04,-0.03,0.31,-3.62,12.82,-14.04,0.25,-3.74,0.25,-3.74,764,1998,0.25,-3.74
437741,0.0667,0.0005,1.0021,0.04,-0.12,-0.03,0.03,-3.81,12.82,-14.04,0.24,-3.74,0.24,-3.73,763,1997,0.24,-3.73
437761,0.0475,0.0109,0.9436,-0.10,-0.23,-0.10,0.66,-2.88,12.82,-14.04,0.24,-3.74,0.24,-3.74,764,1998,0.24,-3.74
437781,0.0966,-0.0483,1.3461,-0.50,20.55,0.14,-2.05,-4.10,12.78,-14.02,0.52,-3.58,0.39,-3.63,769,1998,0.39,-3.63
437801,0.0160,-0.0037,0.2424,1.65,-5.26,1.16,-0.86,-3.78,12.83,-13.96,0.31,-2.83,0.31,-3.16,771,1993,0.31,-3.16
437821,0.0575,0.0370,1.2942,-0.55,-4.61,0.04,1.64,-2.54,12.82,-14.03,0.62,-3.06,0.48,-3.28,769,1997,0.48,-3.28
437841,0.1004,-0.0458,0.8499,0.74,-2.00,-0.05,-3.08,-6.73,12.83,-14.12,0.36,-3.46,0.36,-3.51,769,1998,0.36,-3.51
437861,0.0522,0.0244,1.1314,-1.17,4.67,0.19,1.23,-2.64,12.82,-14.03,0.28,-3.46,0.30,-3.46,772,1994,0.30,-3.46
437881,0.0647,-0.0144,0.9182,1.12,-2.97,-0.05,-0.90,-4.03,12.82,-14.03,0.36,-3.42,0.35,-3.43,770,1997,0.35,-3.43
437901,0.0773,0.0142,1.0600,-0.30,-0.20,0.01,0.77,-4.17,12.83,-14.08,0.23,-3.60,0.28,-3.56,768,1999,0.28,-3.56
437921,0.0626,-0.0017,0.9210,0.39,1.07,-0.05,-0.11,-3.89,12.83,-14.04,0.30,-3.54,0.31,-3.51,763,1997,0.31,-3.51
437941,0.0615,0.0098,1.0836,-0.59,0.52,-0.03,0.52,-3.25,12.82,-14.04,0.27,-3.61,0.29,-3.54,763,1997,0.29,-3.54
437961,0.0678,0.0032,0.9126,0.78,-1.48,-0.04,0.20,-4.25,12.83,-14.06,0.28,-3.59,0.30,-3.54,763,1995,0.30,-3.54
437981,0.0643,0.0041,1.0656,-0.53,1.56,-0.11,0.22,-3.45,12.83,-14.05,0.24,-3.68,0.27,-3.59,763,1997,0.27,-3.59
438001,0.0667,0.0061,0.9439,0.33,-0.32,0.05,0.37,-4.04,12.83,-14.05,0.27,-3.66,0.29,-3.59,764,1996,0.29,-3.59
438021,0.0625,0.0029,1.0540,-0.08,-0.45,0.07,0.16,-3.39,12.83,-14.04,0.23,-3.67,0.26,-3.60,764,1997,0.26,-3.60
438041,0.0683,0.0039,0.9617,0.08,0.41,0.01,0.23,-4.06,12.84,-14.06,0.23,-3.72,0.26,-3.64,763,2002,0.26,-3.64
438061,0.0610,0.0044,1.0328,-0.08,-0.35,0.01,0.24,-3.38,12.83,-14.04,0.23,-3.67,0.25,-3.61,764,1998,0.25,-3.61
438081,0.0671,-0.0011,0.9806,0.13,0.30,-0.05,-0.06,-3.91,12.84,-14.05,0.22,-3.71,0.24,-3.65,764,1998,0.24,-3.65
438101,0.0634,0.0094,1.0131,0.02,-0.39,0.03,0.53,-3.58,12.83,-14.05,0.21,-3.69,0.23,-3.64,763,1995,0.23,-3.64
438121,0.0690,-0.0007,0.9925,-0.05,0.56,-0.01,-0.04,-3.98,12.83,-14.05,0.23,-3.72,0.24,-3.66,764,1998,0.24,-3.66
438141,0.0665,0.0084,1.0113,0.18,-0.64,0.15,0.48,-3.76,12.84,-14.05,0.21,-3.72,0.22,-3.67,764,1996,0.22,-3.67
438160,0.0663,0.0039,0.9935,-0.11,0.45,0.06,0.23,-3.82,12.84,-14.05,0.25,-3.73,0.24,-3.68,764,1998,0.24,-3.68
438180,0.0664,0.0028,1.0023,0.15,-0.41,0.08,0.16,-3.79,12.84,-14.05,0.22,-3.73,0.23,-3.69,765,1999,0.23,-3.69
438200,0.0655,0.0030,1.0002,-0.04,0.13,0.01,0.17,-3.75,12.84,-14.05,0.22,-3.74,0.23,-3.69,766,2001,0.23,-3.69
438220,0.0654,0.0055,1.0054,-0.02,-0.00,0.02,0.32,-3.72,12.84,-14.05,0.22,-3.74,0.23,-3.70,764,1999,0.23,-3.70
438240,0.0659,0.0030,1.0048,0.10,-0.13,-0.02,0.17,-3.75,12.84,-14.05,0.23,-3.74,0.23,-3.71,767,1998,0.23,-3.71
438260,0.0655,0.0035,1.0002,-0.04,0.01,0.05,0.20,-3.75,12.84,-14.06,0.23,-3.76,0.23,-3.72,767,1995,0.23,-3.72
438280,-0.0109,0.0665,0.3545,-1.79,-9.58,0.75,10.62,1.73,12.83,-14.10,0.64,-3.30,0.45,-3.49,773,1995,0.45,-3.49
438300,0.1079,-0.1109,1.9677,-2.85,-3.21,0.34,-3.22,-3.13,12.82,-13.95,0.36,-2.95,0.30,-3.21,773,1997,0.30,-3.21
438320,0.0606,0.0452,0.8749,0.39,-3.13,0.02,2.96,-3.96,12.85,-14.03,0.33,-3.23,0.30,-3.37,773,1997,0.30,-3.37
438340,0.0867,-0.0038,1.0349,0.68,-2.48,-0.08,-0.21,-4.79,12.85,-14.10,0.58,-3.32,0.45,-3.42,766,1995,0.45,-3.42
438360,0.0498,-0.0014,0.9086,-1.12,4.94,-0.06,-0.09,-3.14,12.85,-14.08,0.21,-3.56,0.26,-3.54,766,1995,0.26,-3.54
438380,0.0680,0.0214,1.1212,0.25,-0.81,0.10,1.10,-3.47,12.84,-14.04,0.38,-3.39,0.34,-3.42,773,1996,0.34,-3.42
438400,0.0703,-0.0132,0.8977,0.32,-2.45,-0.06,-0.84,-4.47,12.85,-14.09,0.21,-3.58,0.25,-3.55,771,1995,0.25,-3.55
438420,0.0543,0.0133,1.0826,-0.17,2.42,-0.07,0.70,-2.87,12.85,-14.07,0.25,-3.57,0.27,-3.54,765,2000,0.27,-3.54
438440,0.0672,-0.0005,0.9368,-0.15,-0.34,-0.06,-0.03,-4.10,12.85,-14.06,0.23,-3.63,0.25,-3.57,765,1999,0.25,-3.57
438460,0.0649,0.0039,1.0624,0.48,-1.53,-0.05,0.21,-3.49,12.85,-14.07,0.23,-3.60,0.25,-3.56,765,1995,0.25,-3.56
438480,0.0691,0.0001,0.9635,-0.46,1.39,-0.00,0.00,-4.10,12.85,-14.07,0.22,-3.69,0.25,-3.61,763,1996,0.25,-3.61
438500,0.0633,0.0075,1.0264,0.32,-1.15,-0.11,0.42,-3.53,12.85,-14.07,0.21,-3.67,0.23,-3.60,766,1997,0.23,-3.60
438520,0.0631,0.0020,0.9783,-0.37,0.93,0.04,0.12,-3.69,12.85,-14.07,0.23,-3.70,0.24,-3.63,765,1995,0.24,-3.63
438540,0.0711,0.0061,1.0136,0.34,-1.00,-0.01,0.34,-4.01,12.85,-14.08,0.23,-3.72,0.23,-3.65,763,1997,0.23,-3.65
438560,0.0592,0.0055,0.9939,-0.25,1.00,0.09,0.32,-3.41,12.85,-14.06,0.24,-3.72,0.24,-3.65,763,1996,0.24,-3.65
438580,0.0698,0.0066,1.0056,0.23,-0.60,0.03,0.38,-3.97,12.85,-14.07,0.26,-3.71,0.25,-3.66,763,1997,0.25,-3.66
438600,0.0639,0.0049,0.9995,0.05,0.10,0.09,0.28,-3.66,12.85,-14.07,0.23,-3.73,0.23,-3.68,764,2002,0.23,-3.68
438620,0.0659,0.0078,1.0035,-0.02,0.46,-0.04,0.44,-3.75,12.85,-14.07,0.28,-3.73,0.26,-3.68,763,1998,0.26,-3.68
438640,0.0669,0.0030,1.0005,0.06,-0.40,-0.07,0.17,-3.83,12.85,-14.07,0.24,-3.73,0.24,-3.69,763,1996,0.24,-3.69
438660,0.0664,0.0086,0.9955,0.02,0.11,0.03,0.50,-3.82,12.85,-14.07,0.27,-3.74,0.25,-3.70,764,1994,0.25,-3.70
438680,0.0652,0.0004,1.0053,-0.05,-0.16,-0.00,0.03,-3.71,12.85,-14.07,0.26,-3.74,0.25,-3.71,764,1997,0.25,-3.70
438700,0.0655,0.0053,1.0004,0.00,0.03,0.05,0.30,-3.75,12.85,-14.07,0.26,-3.75,0.25,-3.72,764,1999,0.25,-3.72
438720,0.0646,0.0025,0.9995,-0.03,-0.18,-0.00,0.14,-3.70,12.85,-14.07,0.24,-3.75,0.23,-3.72,764,1998,0.23,-3.72
438740,0.0664,0.0031,1.0055,0.06,0.13,-0.02,0.18,-3.78,12.85,-14.07,0.24,-3.74,0.23,-3.72,764,1995,0.23,-3.72
438760,-0.0120,0.0195,0.3528,-1.39,-5.85,0.20,3.16,1.94,12.85,-14.10,0.37,-3.53,0.31,-3.62,770,2001,0.31,-3.62
438780,-0.0942,-0.0222,0.7178,4.21,7.14,2.93,-1.77,7.47,12.84,-13.97,0.39,-3.00,0.33,-3.26,770,2001,0.33,-3.26
438800,0.0659,0.0432,0.9334,0.51,-2.73,-0.10,2.65,-4.04,12.86,-14.04,0.11,-3.29,0.18,-3.42,770,1997,0.18,-3.42
438820,0.0959,0.0143,1.1419,0.80,-4.16,0.03,0.72,-4.80,12.86,-14.11,0.49,-3.35,0.39,-3.46,766,1995,0.39,-3.46
438840,0.0592,-0.0069,0.8210,-0.57,4.56,-0.12,-0.48,-4.13,12.87,-14.12,0.14,-3.67,0.21,-3.63,763,1996,0.21,-3.63
438860,0.0620,0.0350,1.1498,-0.17,0.26,0.05,1.74,-3.08,12.85,-14.05,0.30,-3.47,0.28,-3.50,769,1998,0.28,-3.50
438880,0.0727,-0.0166,0.8822,0.69,-3.32,0.03,-1.08,-4.71,12.87,-14.09,0.22,-3.62,0.24,-3.59,769,1996,0.24,-3.59
438900,0.0605,0.0231,1.1085,-0.42,2.60,0.14,1.19,-3.12,12.86,-14.10,0.24,-3.68,0.24,-3.63,770,2002,0.24,-3.63
438920,0.0719,-0.0033,0.9239,0.09,-0.26,0.02,-0.21,-4.45,12.87,-14.08,0.24,-3.67,0.25,-3.62,764,1997,0.25,-3.62
438940,0.0572,0.0071,1.1015,0.20,-1.28,-0.08,0.37,-2.97,12.86,-14.08,0.21,-3.64,0.22,-3.61,764,1996,0.22,-3.61
438960,0.0735,0.0049,0.9367,-0.22,0.89,0.01,0.30,-4.49,12.87,-14.10,0.23,-3.71,0.24,-3.66,764,1997,0.24,-3.66
438980,0.0625,0.0062,1.0643,0.32,-0.96,0.07,0.33,-3.36,12.86,-14.08,0.21,-3.68,0.22,-3.64,764,1997,0.22,-3.64
439000,0.0651,0.0012,0.9583,-0.19,0.79,-0.03,0.07,-3.88,12.87,-14.09,0.24,-3.71,0.23,-3.66,763,1997,0.23,-3.66
439020,0.0703,0.0033,1.0337,0.19,-1.45,-0.05,0.18,-3.89,12.87,-14.09,0.21,-3.71,0.22,-3.67,764,1996,0.22,-3.67
439040,0.0620,0.0061,0.9823,-0.27,1.35,-0.05,0.35,-3.61,12.87,-14.08,0.21,-3.75,0.22,-3.70,763,1997,0.22,-3.70
439060,0.0707,0.0066,1.0186,0.20,-0.87,-0.00,0.37,-3.97,12.87,-14.09,0.24,-3.74,0.23,-3.70,763,1997,0.23,-3.70
439080,0.0638,0.0003,0.9947,0.01,0.23,-0.00,0.02,-3.67,12.87,-14.09,0.20,-3.76,0.21,-3.72,762,1997,0.21,-3.72
439100,0.0660,0.0098,1.0087,0.05,0.07,0.05,0.55,-3.75,12.87,-14.09,0.24,-3.74,0.23,-3.72,764,1997,0.23,-3.72
439120,0.0664,0.0006,1.0008,0.02,-0.16,-0.07,0.03,-3.80,12.87,-14.08,0.22,-3.75,0.22,-3.72,765,1999,0.22,-3.72
